oxide_nm,X,Y,Z,Jp,ap,bp,L,a,b,sR,sG,sB,dE_substrate
0,39.2502,41.5447,50.4376,73.159,-3.26909,-6.14368,70.5558,-0.745373,-5.50407,0.651373,0.679926,0.715402,0
1,39.2296,41.5241,50.3766,73.1456,-3.26607,-6.1124,70.5415,-0.74875,-5.46634,0.651338,0.679771,0.714983,0.0341463
2,39.1992,41.4931,50.2989,73.1253,-3.26209,-6.07717,70.52,-0.752009,-5.42392,0.651245,0.679538,0.714453,0.0748802
3,39.159,41.4516,50.2044,73.098,-3.25715,-6.03794,70.4912,-0.755155,-5.37675,0.651094,0.679226,0.713813,0.122656
4,39.109,41.3998,50.0933,73.0636,-3.25125,-5.99465,70.4551,-0.758192,-5.32479,0.650886,0.678836,0.713061,0.177812
5,39.0491,41.3375,49.9653,73.0223,-3.24439,-5.94721,70.4118,-0.761124,-5.268,0.65062,0.678368,0.712197,0.240606
6,38.9795,41.2649,49.8206,72.9739,-3.23656,-5.89556,70.3611,-0.763956,-5.2063,0.650296,0.67782,0.711221,0.311251
7,38.9,41.1818,49.6591,72.9184,-3.22776,-5.8396,70.3031,-0.766693,-5.13964,0.649914,0.677194,0.710132,0.389927
8,38.8106,41.0883,49.4809,72.8558,-3.21799,-5.77923,70.2377,-0.769338,-5.06794,0.649474,0.676488,0.70893,0.476794
9,38.7115,40.9844,49.2859,72.7861,-3.20723,-5.71434,70.165,-0.771896,-4.99114,0.648976,0.675703,0.707613,0.572002
10,38.6026,40.8701,49.0742,72.7092,-3.19547,-5.64483,70.0848,-0.774371,-4.90914,0.64842,0.674837,0.706181,0.675695
11,38.4838,40.7455,48.8457,72.6251,-3.18272,-5.57055,69.9972,-0.776763,-4.82186,0.647805,0.673892,0.704632,0.788015
12,38.3553,40.6104,48.6005,72.5337,-3.16895,-5.49138,69.9021,-0.779076,-4.72923,0.647132,0.672866,0.702967,0.909105
13,38.2169,40.465,48.3385,72.435,-3.15415,-5.40718,69.7994,-0.78131,-4.63113,0.646399,0.671759,0.701184,1.03911
14,38.0688,40.3092,48.0599,72.3289,-3.13831,-5.31779,69.6892,-0.783464,-4.52749,0.645608,0.67057,0.699282,1.17818
15,37.911,40.1431,47.7645,72.2155,-3.12141,-5.22305,69.5713,-0.785537,-4.4182,0.644758,0.6693,0.69726,1.32647
16,37.7434,39.9667,47.4526,72.0945,-3.10343,-5.12279,69.4458,-0.787523,-4.30317,0.643849,0.667947,0.695116,1.48414
17,37.5661,39.7799,47.1242,71.9661,-3.08434,-5.01681,69.3125,-0.789417,-4.1823,0.642879,0.666512,0.692851,1.65136
18,37.3791,39.5829,46.7792,71.83,-3.06413,-4.90494,69.1714,-0.791209,-4.05549,0.64185,0.664993,0.690463,1.8283
19,37.1825,39.3757,46.4178,71.6862,-3.04275,-4.78697,69.0225,-0.792888,-3.92265,0.640761,0.66339,0.687951,2.01514
20,36.9762,39.1582,46.0402,71.5348,-3.02018,-4.66269,68.8657,-0.794438,-3.78369,0.639612,0.661703,0.685313,2.21207
21,36.7604,38.9306,45.6463,71.3755,-2.99638,-4.53187,68.701,-0.795841,-3.63851,0.638402,0.659931,0.68255,2.4193
22,36.535,38.6929,45.2365,71.2084,-2.9713,-4.39428,68.5282,-0.797071,-3.48704,0.637131,0.658074,0.679659,2.63702
23,36.3002,38.4451,44.8107,71.0333,-2.94488,-4.24967,68.3474,-0.798102,-3.32921,0.635799,0.65613,0.676641,2.86545
24,36.056,38.1872,44.3693,70.8502,-2.91706,-4.0978,68.1584,-0.798899,-3.16495,0.634406,0.6541,0.673493,3.10482
25,35.8025,37.9195,43.9124,70.659,-2.88777,-3.9384,67.9612,-0.799421,-2.99422,0.632951,0.651983,0.670217,3.35535
26,35.5397,37.6418,43.4403,70.4597,-2.85691,-3.77119,67.7558,-0.799622,-2.81697,0.631433,0.649778,0.66681,3.6173
27,35.2678,37.3544,42.9532,70.2521,-2.82437,-3.59589,67.5421,-0.799446,-2.63319,0.629854,0.647484,0.663274,3.8909
28,34.9868,37.0572,42.4515,70.0361,-2.79002,-3.41219,67.3199,-0.798831,-2.44287,0.628212,0.645102,0.659606,4.17643
29,34.6968,36.7505,41.9356,69.8118,-2.75369,-3.2198,67.0894,-0.797703,-2.24605,0.626507,0.64263,0.655808,4.47415
30,34.3981,36.4342,41.4057,69.5791,-2.71518,-3.0184,66.8504,-0.795981,-2.04278,0.624738,0.640069,0.651879,4.78434
31,34.0907,36.1086,40.8625,69.3377,-2.67423,-2.80768,66.6028,-0.79357,-1.83313,0.622906,0.637416,0.647821,5.1073
32,33.7747,35.7737,40.3062,69.0878,-2.6305,-2.58732,66.3467,-0.790364,-1.61722,0.62101,0.634673,0.643633,5.44331
33,33.4504,35.4298,39.7375,68.8292,-2.58356,-2.35703,66.0819,-0.786244,-1.39522,0.61905,0.631839,0.639317,5.79268
34,33.118,35.0769,39.157,68.5619,-2.53285,-2.11655,65.8085,-0.781077,-1.16731,0.617026,0.628912,0.634874,6.15569
35,32.7775,34.7152,38.5653,68.2858,-2.47761,-1.86573,65.5263,-0.774716,-0.933746,0.614936,0.625894,0.630307,6.53259
36,32.4293,34.3449,37.9631,68.0009,-2.41687,-1.60455,65.2355,-0.766995,-0.694835,0.612782,0.622783,0.625617,6.92356
37,32.0736,33.9663,37.3511,67.7071,-2.34933,-1.3333,64.9358,-0.757733,-0.450941,0.610562,0.61958,0.620807,7.32863
38,31.7106,33.5796,36.7301,67.4043,-2.27338,-1.05278,64.6275,-0.746731,-0.202495,0.608276,0.616283,0.615881,7.74753
39,31.3406,33.1849,36.1011,67.0927,-2.18703,-0.76466,64.3103,-0.73377,0.0499977,0.605925,0.612894,0.610842,8.17952
40,30.964,32.7826,35.465,66.772,-2.08823,-0.471879,63.9845,-0.718611,0.305949,0.603507,0.609412,0.605696,8.62302
41,30.5809,32.3729,34.8228,66.4425,-1.97531,-0.179109,63.6499,-0.700995,0.564685,0.601023,0.605838,0.600448,9.07532
42,30.1918,31.9561,34.1756,66.1039,-1.84802,0.107243,63.3066,-0.680643,0.825433,0.598472,0.602171,0.595104,9.53243
43,29.797,31.5325,33.5244,65.7564,-1.70855,0.379945,62.9546,-0.657251,1.08732,0.595855,0.598413,0.589671,9.98951
44,29.3969,31.1026,32.8707,65.4001,-1.56188,0.63292,62.5941,-0.630498,1.34936,0.59317,0.594563,0.584158,10.4421
45,28.9919,30.6665,32.2155,65.0348,-1.41444,0.863287,62.2251,-0.600038,1.61045,0.590419,0.590622,0.578572,10.8875
46,28.5824,30.2248,31.5603,64.6609,-1.27189,1.07185,61.8477,-0.565504,1.86935,0.5876,0.586592,0.572925,11.3257
47,28.1688,29.7778,30.9065,64.2782,-1.13744,1.26175,61.462,-0.526511,2.1247,0.584713,0.582473,0.567227,11.7581
48,27.7517,29.326,30.2556,63.887,-1.01178,1.43652,61.0682,-0.482653,2.375,0.581759,0.578267,0.561491,12.1871
49,27.3316,28.8697,29.609,63.4874,-0.893972,1.59892,60.6665,-0.433506,2.61858,0.578737,0.573975,0.55573,12.6146
50,26.9088,28.4096,28.9685,63.0795,-0.782376,1.75053,60.257,-0.378633,2.85364,0.575648,0.569599,0.549958,13.0422
51,26.4841,27.946,28.3356,62.6636,-0.675279,1.89194,59.8399,-0.317582,3.07823,0.572491,0.565142,0.544193,13.4704
52,26.0579,27.4795,27.712,62.2399,-0.571156,2.02299,59.4156,-0.249894,3.29022,0.569266,0.560606,0.53845,13.8996
53,25.6308,27.0108,27.0994,61.8086,-0.468739,2.14303,58.9843,-0.175103,3.48734,0.565974,0.555994,0.53275,14.3298
54,25.2034,26.5402,26.4997,61.37,-0.36701,2.25108,58.5463,-0.0927455,3.66716,0.562614,0.551309,0.527111,14.7605
55,24.7764,26.0685,25.9145,60.9246,-0.26515,2.34591,58.102,-0.00236086,3.82711,0.559186,0.546554,0.521554,15.1913
56,24.3503,25.5962,25.3456,60.4726,-0.162506,2.42614,57.6518,0.0964981,3.96448,0.555691,0.541734,0.516103,15.6217
57,23.9257,25.1241,24.7948,60.0145,-0.0585453,2.49025,57.1961,0.20426,4.07643,0.552129,0.536853,0.51078,16.0508
58,23.5034,24.6527,24.264,59.5507,0.0471628,2.53663,56.7354,0.321326,4.16003,0.5485,0.531916,0.50561,16.4781
59,23.084,24.1827,23.7548,59.0818,0.154974,2.56358,56.2703,0.448062,4.21225,0.544805,0.526928,0.500617,16.9028
60,22.6681,23.715,23.2689,58.6084,0.265183,2.56937,55.8013,0.584787,4.23003,0.541043,0.521897,0.495828,17.3242
61,22.2564,23.2501,22.8082,58.1309,0.37804,2.5522,55.329,0.731766,4.21029,0.537215,0.516828,0.491269,17.7415
62,21.8496,22.7889,22.3741,57.6502,0.493764,2.51026,54.8542,0.889196,4.14996,0.533322,0.511729,0.486966,18.1541
63,21.4483,22.3321,21.9682,57.1669,0.612578,2.44176,54.3776,1.0572,4.04608,0.529363,0.506608,0.482945,18.5614
64,21.0533,21.8804,21.5921,56.6817,0.734753,2.34496,53.8999,1.2358,3.89577,0.52534,0.501474,0.479231,18.9628
65,20.6652,21.4347,21.247,56.1956,0.860696,2.21817,53.422,1.42493,3.69636,0.521254,0.496335,0.47585,19.358
66,20.2846,20.9957,20.9344,55.7094,0.991129,2.0598,52.9448,1.6244,3.44542,0.517105,0.491203,0.472824,19.7467
67,19.9121,20.5643,20.6553,55.2241,1.12739,1.86829,52.4693,1.83391,3.14082,0.512894,0.486087,0.470175,20.1291
68,19.5485,20.1412,20.4108,54.7407,1.27199,1.6418,51.9965,2.05301,2.78081,0.508622,0.481,0.467923,20.5053
69,19.1942,19.7273,20.2019,54.2602,1.42936,1.37727,51.5275,2.2811,2.36403,0.50429,0.475954,0.466084,20.8759
70,18.85,19.3233,20.0292,53.7837,1.60626,1.0682,51.0633,2.51744,1.88967,0.4999,0.470962,0.464674,21.241
71,18.5163,18.9301,19.8935,53.3125,1.80972,0.701055,50.6053,2.76112,1.35739,0.495454,0.466037,0.463704,21.5993
72,18.1938,18.5483,19.7952,52.8476,2.03932,0.25426,50.1545,3.01107,0.767488,0.490954,0.461195,0.463181,21.9468
73,17.8829,18.1789,19.7346,52.3905,2.27822,-0.291431,49.7124,3.26604,0.120838,0.486401,0.45645,0.46311,22.2789
74,17.5841,17.8226,19.712,51.9424,2.49829,-0.935814,49.2802,3.52462,-0.581041,0.481798,0.451819,0.463492,22.5949
75,17.298,17.48,19.7272,51.5046,2.67808,-1.65808,48.8593,3.78523,-1.33599,0.477149,0.447316,0.464324,22.8998
76,17.025,17.152,19.7803,51.0785,2.81058,-2.43208,48.451,4.04612,-2.14124,0.472455,0.442961,0.4656,23.201
77,16.7654,16.8393,19.8709,50.6655,2.8978,-3.23718,48.0569,4.30543,-2.99339,0.467721,0.438768,0.46731,23.5039
78,16.5198,16.5424,19.9985,50.267,2.9442,-4.05955,47.6782,4.56111,-3.88849,0.462951,0.434756,0.469441,23.8116
79,16.2884,16.2621,20.1625,49.8844,2.95371,-4.89002,47.3165,4.81104,-4.82207,0.458149,0.430941,0.471979,24.1246
80,16.0715,15.999,20.3622,49.5192,2.92915,-5.72192,46.9732,5.05298,-5.78922,0.45332,0.427342,0.474903,24.4425
81,15.8695,15.7536,20.5968,49.1727,2.87241,-6.54995,46.6496,5.28466,-6.78465,0.44847,0.423974,0.478194,24.7634
82,15.6826,15.5265,20.8652,48.8462,2.78481,-7.36957,46.3471,5.50373,-7.80276,0.443605,0.420855,0.481829,25.0851
83,15.5111,15.3182,21.1663,48.5412,2.66736,-8.17674,46.0669,5.70788,-8.83774,0.438731,0.418,0.485785,25.4049
84,15.3552,15.129,21.499,48.2589,2.521,-8.9678,45.8104,5.89481,-9.88369,0.433856,0.415424,0.490035,25.7199
85,15.215,14.9595,21.8618,48.0004,2.34668,-9.73944,45.5787,6.06232,-10.9346,0.428988,0.413141,0.494555,26.0272
86,15.0907,14.81,22.2534,47.767,2.14547,-10.4887,45.3729,6.20829,-11.9846,0.424135,0.411164,0.499319,26.3239
87,14.9824,14.6808,22.6723,47.5596,1.91861,-11.2129,45.1938,6.33077,-13.0279,0.419308,0.409503,0.5043,26.607
88,14.8902,14.5721,23.117,47.3793,1.6675,-11.9098,45.0425,6.42801,-14.0589,0.414515,0.408169,0.509472,26.874
89,14.8142,14.4842,23.5859,47.2267,1.39375,-12.5775,44.9194,6.49847,-15.0722,0.409769,0.407168,0.51481,27.1223
90,14.7542,14.4172,24.0773,47.1026,1.09916,-13.2143,44.8253,6.54085,-16.0629,0.40508,0.406508,0.52029,27.3498
91,14.7105,14.3711,24.5896,47.0076,0.785667,-13.819,44.7606,6.55417,-17.0263,0.40046,0.406191,0.525887,27.5545
92,14.6829,14.3462,25.1212,46.942,0.455365,-14.3907,44.7254,6.5377,-17.9583,0.395924,0.406219,0.531579,27.7347
93,14.6713,14.3423,25.6703,46.9061,0.11045,-14.9287,44.7199,6.49105,-18.8549,0.391484,0.406592,0.537344,27.8893
94,14.6758,14.3594,26.2352,46.9,-0.24681,-15.4326,44.744,6.41415,-19.713,0.387154,0.407308,0.543161,28.0169
95,14.6961,14.3974,26.8142,46.9237,-0.614107,-15.9023,44.7976,6.30724,-20.5296,0.382949,0.408361,0.549011,28.117
96,14.7322,14.4562,27.4058,46.977,-0.989131,-16.3379,44.8801,6.17086,-21.3023,0.378884,0.409746,0.554876,28.1889
97,14.7839,14.5354,28.0081,47.0595,-1.3696,-16.7399,44.9912,6.00587,-22.0293,0.374976,0.411454,0.560739,28.2324
98,14.851,14.6349,28.6197,47.1707,-1.75331,-17.1086,45.1301,5.81337,-22.7089,0.371238,0.413474,0.566584,28.2474
99,14.9333,14.7544,29.239,47.31,-2.13814,-17.4449,45.296,5.59474,-23.3403,0.367688,0.415796,0.572398,28.2341
100,15.0306,14.8935,29.8644,47.4766,-2.52209,-17.7496,45.488,5.35157,-23.9225,0.364341,0.418406,0.578167,28.1929
101,15.1426,15.0519,30.4944,47.6697,-2.90328,-18.0235,45.7052,5.08562,-24.4555,0.361213,0.421291,0.58388,28.1241
102,15.269,15.229,31.1276,47.8882,-3.28002,-18.2677,45.9463,4.79883,-24.9393,0.358318,0.424435,0.589524,28.0286
103,15.4096,15.4244,31.7626,48.131,-3.65076,-18.4834,46.2101,4.49323,-25.3742,0.355672,0.427823,0.595092,27.9072
104,15.5641,15.6377,32.3981,48.3971,-4.01411,-18.6716,46.4955,4.17094,-25.7608,0.353288,0.431438,0.600573,27.7607
105,15.7321,15.8682,33.0328,48.6851,-4.36887,-18.8336,46.8011,3.83413,-26.1001,0.351179,0.435264,0.60596,27.5901
106,15.9132,16.1155,33.6655,48.9938,-4.714,-18.9706,47.1256,3.48498,-26.3932,0.349357,0.439284,0.611247,27.3966
107,16.1071,16.3788,34.295,49.3218,-5.04863,-19.0836,47.4677,3.12567,-26.6413,0.347832,0.44348,0.616426,27.1812
108,16.3134,16.6577,34.9203,49.6678,-5.37204,-19.174,47.8258,2.75831,-26.8458,0.346615,0.447837,0.621494,26.9453
109,16.5317,16.9514,35.5404,50.0304,-5.68365,-19.2429,48.1987,2.38497,-27.0082,0.34571,0.452338,0.626444,26.6899
110,16.7616,17.2593,36.1541,50.4082,-5.98304,-19.2914,48.585,2.00763,-27.1303,0.345126,0.456967,0.631273,26.4164
111,17.0027,17.5806,36.7608,50.7999,-6.26987,-19.3207,48.9834,1.62816,-27.2136,0.344864,0.461707,0.635979,26.126
112,17.2545,17.9148,37.3594,51.204,-6.54396,-19.3317,49.3926,1.24833,-27.26,0.344928,0.466545,0.640557,25.8199
113,17.5165,18.2611,37.9492,51.6193,-6.8052,-19.3255,49.8112,0.869775,-27.2711,0.345317,0.471464,0.645006,25.4995
114,17.7883,18.6187,38.5294,52.0444,-7.05357,-19.3031,50.2381,0.494016,-27.2488,0.346028,0.476452,0.649323,25.1658
115,18.0694,18.987,39.0994,52.4781,-7.28913,-19.2655,50.672,0.122429,-27.1948,0.347059,0.481494,0.653509,24.8201
116,18.3594,19.3653,39.6585,52.9191,-7.51201,-19.2134,51.1119,-0.24374,-27.1108,0.348403,0.486579,0.65756,24.4636
117,18.6577,19.7527,40.2061,53.3663,-7.72239,-19.1477,51.5565,-0.603378,-26.9985,0.350053,0.491694,0.661477,24.0974
118,18.9638,20.1487,40.7417,53.8185,-7.9205,-19.0692,52.0049,-0.955504,-26.8597,0.352,0.496828,0.66526,23.7225
119,19.2773,20.5524,41.2648,54.2746,-8.1066,-18.9787,52.4561,-1.29926,-26.6959,0.354234,0.501971,0.668907,23.34
120,19.5976,20.9632,41.7749,54.7336,-8.281,-18.8768,52.9092,-1.63392,-26.5087,0.356742,0.507112,0.67242,22.9509
121,19.9242,21.3803,42.2716,55.1946,-8.44401,-18.7642,53.3632,-1.95886,-26.2996,0.359514,0.512243,0.675798,22.556
122,20.2567,21.803,42.7546,55.6566,-8.59598,-18.6415,53.8174,-2.27358,-26.07,0.362534,0.517355,0.679042,22.1564
123,20.5944,22.2307,43.2234,56.1187,-8.73727,-18.5093,54.2709,-2.57767,-25.8213,0.365789,0.522439,0.682153,21.7527
124,20.937,22.6626,43.6778,56.5801,-8.86823,-18.368,54.7231,-2.87083,-25.5549,0.369265,0.52749,0.68513,21.3458
125,21.2839,23.0982,44.1175,57.0402,-8.98925,-18.2183,55.1733,-3.15282,-25.272,0.372945,0.5325,0.687976,20.9364
126,21.6345,23.5366,44.5422,57.4981,-9.10069,-18.0606,55.6209,-3.42351,-24.9737,0.376816,0.537462,0.690691,20.5252
127,21.9885,23.9774,44.9517,57.9532,-9.20294,-17.8952,56.0652,-3.68282,-24.6612,0.380862,0.542372,0.693276,20.1128
128,22.3452,24.4199,45.3458,58.405,-9.29637,-17.7225,56.5057,-3.93076,-24.3356,0.385067,0.547224,0.695732,19.6997
129,22.7043,24.8634,45.7244,58.8528,-9.38135,-17.5431,56.9421,-4.16738,-23.9977,0.389418,0.552014,0.698061,19.2866
130,23.0651,25.3074,46.0872,59.2961,-9.45825,-17.357,57.3737,-4.39278,-23.6486,0.393899,0.556737,0.700262,18.8738
131,23.4274,25.7513,46.4342,59.7346,-9.52743,-17.1647,57.8002,-4.60712,-23.2891,0.398497,0.561389,0.702338,18.462
132,23.7905,26.1946,46.7651,60.1677,-9.58924,-16.9665,58.2213,-4.81059,-22.9199,0.403198,0.565968,0.70429,18.0513
133,24.154,26.6367,47.08,60.5951,-9.64404,-16.7625,58.6365,-5.00343,-22.5419,0.407988,0.57047,0.706118,17.6423
134,24.5175,27.0771,47.3787,61.0164,-9.69215,-16.553,59.0456,-5.18589,-22.1557,0.412855,0.574892,0.707824,17.2352
135,24.8806,27.5153,47.6611,61.4313,-9.73391,-16.3382,59.4483,-5.35826,-21.7619,0.417787,0.579233,0.709409,16.8303
136,25.2428,27.9509,47.9271,61.8395,-9.76964,-16.1182,59.8443,-5.52084,-21.3611,0.422773,0.58349,0.710874,16.428
137,25.6036,28.3833,48.1768,62.2407,-9.79965,-15.8932,60.2335,-5.67395,-20.9538,0.427801,0.587661,0.71222,16.0284
138,25.9627,28.8122,48.41,62.6348,-9.82423,-15.6634,60.6155,-5.81794,-20.5406,0.432862,0.591745,0.713447,15.6317
139,26.3198,29.2371,48.6267,63.0216,-9.84368,-15.4287,60.9903,-5.95314,-20.1218,0.437946,0.59574,0.714558,15.2382
140,26.6743,29.6576,48.8268,63.4008,-9.85828,-15.1894,61.3577,-6.07993,-19.6979,0.443045,0.599646,0.715552,14.848
141,27.0259,30.0734,49.0104,63.7723,-9.86831,-14.9454,61.7175,-6.19864,-19.2691,0.448148,0.603462,0.71643,14.4613
142,27.3743,30.4841,49.1774,64.136,-9.87401,-14.6968,62.0697,-6.30966,-18.8359,0.45325,0.607186,0.717194,14.0782
143,27.7191,30.8892,49.3278,64.4918,-9.87565,-14.4436,62.414,-6.41334,-18.3984,0.458342,0.610819,0.717843,13.6988
144,28.06,31.2886,49.4615,64.8395,-9.87346,-14.1858,62.7505,-6.51004,-17.9569,0.463418,0.614359,0.718379,13.3232
145,28.3967,31.6819,49.5786,65.1791,-9.86767,-13.9234,63.0791,-6.60013,-17.5116,0.468471,0.617808,0.718802,12.9516
146,28.7288,32.0688,49.6791,65.5106,-9.85851,-13.6564,63.3997,-6.68395,-17.0627,0.473496,0.621163,0.719112,12.584
147,29.056,32.449,49.7628,65.8339,-9.84617,-13.3846,63.7122,-6.76187,-16.6103,0.478487,0.624427,0.71931,12.2207
148,29.3781,32.8222,49.8299,66.1489,-9.83087,-13.1079,64.0167,-6.83421,-16.1545,0.48344,0.627598,0.719396,11.8616
149,29.6948,33.1882,49.8802,66.4557,-9.81278,-12.8264,64.313,-6.90133,-15.6954,0.48835,0.630676,0.71937,11.507
150,30.0057,33.5469,49.9139,66.7542,-9.79208,-12.5398,64.6013,-6.96353,-15.2332,0.493213,0.633663,0.719233,11.1571
151,30.3107,33.8978,49.9309,67.0444,-9.76894,-12.248,64.8814,-7.02115,-14.7677,0.498025,0.636558,0.718984,10.812
152,30.6096,34.2409,49.9311,67.3263,-9.7435,-11.9509,65.1534,-7.07449,-14.299,0.502783,0.639361,0.718624,10.4719
153,30.902,34.576,49.9146,67.6,-9.71591,-11.6482,65.4172,-7.12384,-13.8271,0.507484,0.642074,0.718152,10.1373
154,31.1878,34.9028,49.8814,67.8654,-9.68628,-11.3398,65.6729,-7.1695,-13.352,0.512126,0.644696,0.717569,9.80829
155,31.4667,35.2212,49.8315,68.1225,-9.65473,-11.0255,65.9206,-7.21173,-12.8736,0.516705,0.647228,0.716873,9.48545
156,31.7386,35.5311,49.7648,68.3715,-9.62134,-10.7049,66.1601,-7.25081,-12.3919,0.52122,0.64967,0.716066,9.16927
157,32.0033,35.8323,49.6814,68.6123,-9.58619,-10.3779,66.3916,-7.28697,-11.9067,0.525668,0.652023,0.715146,8.86036
158,32.2605,36.1246,49.5814,68.845,-9.54933,-10.0441,66.615,-7.32047,-11.418,0.530049,0.654289,0.714113,8.55949
159,32.5102,36.4079,49.4645,69.0696,-9.51079,-9.70327,66.8304,-7.35152,-10.9257,0.53436,0.656466,0.712967,8.26754
160,32.7522,36.6821,49.3311,69.2861,-9.47057,-9.35507,67.0379,-7.38034,-10.4296,0.538601,0.658556,0.711707,7.98561
161,32.9863,36.9472,49.1809,69.4947,-9.42864,-8.99916,67.2374,-7.40712,-9.92961,0.54277,0.660559,0.710332,7.71496
162,33.2123,37.2029,49.014,69.6953,-9.38495,-8.63519,67.429,-7.43206,-9.42558,0.546866,0.662476,0.708842,7.45711
163,33.4303,37.4492,48.8306,69.8879,-9.3394,-8.2628,67.6127,-7.45532,-8.91736,0.550889,0.664307,0.707237,7.2138
164,33.6399,37.686,48.6305,70.0727,-9.29186,-7.88162,67.7885,-7.47706,-8.40478,0.554838,0.666053,0.705515,6.98705
165,33.8412,37.9132,48.4139,70.2497,-9.24212,-7.49128,67.9566,-7.49742,-7.88769,0.558713,0.667715,0.703676,6.77913
166,34.0341,38.1308,48.1808,70.419,-9.18995,-7.09141,68.1169,-7.51653,-7.36591,0.562513,0.669292,0.701719,6.59259
167,34.2184,38.3387,47.9312,70.5805,-9.13504,-6.68166,68.2695,-7.53451,-6.83927,0.566239,0.670786,0.699644,6.43019
168,34.394,38.5368,47.6653,70.7343,-9.07701,-6.2617,68.4144,-7.55143,-6.3076,0.569889,0.672197,0.697449,6.29481
169,34.561,38.725,47.3831,70.8805,-9.0154,-5.83126,68.5516,-7.56739,-5.77074,0.573465,0.673525,0.695134,6.18941
170,34.7191,38.9034,47.0847,71.0192,-8.94966,-5.3901,68.6812,-7.58245,-5.2285,0.576966,0.67477,0.692699,6.11682
171,34.8685,39.0718,46.7703,71.1503,-8.87918,-4.93811,68.8032,-7.59664,-4.68074,0.580393,0.675934,0.690142,6.07957
172,35.009,39.2302,46.44,71.2739,-8.8032,-4.47529,68.9177,-7.61001,-4.12728,0.583746,0.677016,0.687462,6.07975
173,35.1405,39.3786,46.0939,71.3901,-8.72092,-4.00178,69.0247,-7.62254,-3.56799,0.587025,0.678016,0.68466,6.11875
174,35.2632,39.517,45.7322,71.4989,-8.63143,-3.51795,69.1241,-7.63423,-3.00272,0.59023,0.678935,0.681734,6.19718
175,35.3769,39.6453,45.3551,71.6003,-8.53378,-3.02442,69.2161,-7.64506,-2.43136,0.593363,0.679773,0.678685,6.31476
176,35.4816,39.7634,44.9629,71.6944,-8.42698,-2.5221,69.3007,-7.65495,-1.8538,0.596424,0.68053,0.675512,6.47029
177,35.5774,39.8714,44.5558,71.7812,-8.3101,-2.01225,69.3778,-7.66385,-1.26995,0.599413,0.681206,0.672214,6.66174
178,35.6642,39.9692,44.1341,71.8607,-8.18228,-1.49651,69.4476,-7.67164,-0.679746,0.602332,0.681801,0.668792,6.8863
179,35.7421,40.0569,43.6981,71.933,-8.0429,-0.976892,69.51,-7.67822,-0.0831464,0.605181,0.682315,0.665246,7.14058
180,35.8112,40.1343,43.2482,71.9981,-7.89162,-0.45575,69.5651,-7.68343,0.519859,0.60796,0.682749,0.661576,7.42077
181,35.8714,40.2016,42.7847,72.0561,-7.72849,0.0642869,69.6128,-7.6871,1.12925,0.610671,0.683101,0.657782,7.72278
182,35.9227,40.2586,42.308,72.1069,-7.55405,0.580454,69.6533,-7.68904,1.74497,0.613315,0.683372,0.653866,8.04249
183,35.9654,40.3054,41.8187,72.1506,-7.36935,1.09001,69.6865,-7.68903,2.36692,0.615892,0.683561,0.649828,8.37587
184,35.9993,40.3419,41.3172,72.1872,-7.17592,1.59044,69.7124,-7.6868,2.99496,0.618403,0.683669,0.645669,8.71919
185,36.0247,40.3682,40.8042,72.2167,-6.97569,2.07962,69.731,-7.68209,3.6289,0.62085,0.683694,0.641392,9.06914
186,36.0416,40.3843,40.2801,72.2392,-6.77085,2.55595,69.7424,-7.67459,4.26851,0.623233,0.683636,0.636998,9.42294
187,36.0501,40.3902,39.7456,72.2547,-6.56364,3.01847,69.7465,-7.66396,4.91348,0.625554,0.683495,0.63249,9.77838
188,36.0504,40.3858,39.2014,72.2631,-6.35619,3.46678,69.7434,-7.64984,5.56345,0.627813,0.683271,0.627871,10.1338
189,36.0425,40.3712,38.6482,72.2645,-6.15036,3.90104,69.7331,-7.63182,6.218,0.630011,0.682962,0.623143,10.488
190,36.0265,40.3464,38.0869,72.2589,-5.94766,4.3218,69.7156,-7.60948,6.87662,0.63215,0.682567,0.618311,10.8403
191,36.0028,40.3115,37.5182,72.2463,-5.74917,4.72985,69.6908,-7.58237,7.53875,0.63423,0.682087,0.613378,11.1901
192,35.9713,40.2663,36.9431,72.2268,-5.55555,5.12613,69.6588,-7.54999,8.20371,0.636253,0.68152,0.608351,11.5371
193,35.9323,40.2111,36.3624,72.2003,-5.3671,5.51159,69.6196,-7.51183,8.87076,0.63822,0.680866,0.603234,11.8813
194,35.8859,40.1457,35.7773,72.1668,-5.18381,5.88708,69.5732,-7.46735,9.53906,0.640131,0.680123,0.598034,12.2225
195,35.8324,40.0703,35.1886,72.1263,-5.00543,6.25334,69.5196,-7.41596,10.2077,0.641988,0.679291,0.592757,12.5605
196,35.7719,39.9848,34.5975,72.079,-4.83151,6.61093,69.4587,-7.35706,10.8756,0.643792,0.678369,0.587412,12.8953
197,35.7046,39.8893,34.0051,72.0246,-4.6615,6.96025,69.3906,-7.29003,11.5416,0.645543,0.677355,0.582006,13.2264
198,35.6308,39.7839,33.4126,71.9633,-4.49474,7.30151,69.3153,-7.21421,12.2044,0.647243,0.676248,0.576549,13.5538
199,35.5507,39.6686,32.8211,71.8951,-4.33055,7.63478,69.2328,-7.12893,12.8628,0.648892,0.675048,0.571051,13.877
200,35.4645,39.5434,32.232,71.82,-4.16819,7.95995,69.1431,-7.0335,13.5151,0.650491,0.673753,0.565523,14.1955
201,35.3724,39.4084,31.6466,71.7379,-4.00694,8.27679,69.0461,-6.92718,14.1598,0.652041,0.672361,0.559977,14.5091
202,35.2748,39.2637,31.0661,71.6489,-3.84607,8.58494,68.9419,-6.80927,14.7952,0.653543,0.670873,0.554425,14.8171
203,35.1717,39.1094,30.4918,71.553,-3.68486,8.88393,68.8304,-6.67903,15.4193,0.654997,0.669286,0.548881,15.1189
204,35.0636,38.9454,29.9252,71.4502,-3.52259,9.17319,68.7117,-6.53569,16.0301,0.656404,0.6676,0.543359,15.414
205,34.9506,38.772,29.3676,71.3404,-3.35856,9.45207,68.5858,-6.37852,16.6257,0.657764,0.665812,0.537876,15.7017
206,34.8331,38.5892,28.8204,71.2238,-3.1921,9.71983,68.4527,-6.20677,17.2037,0.659078,0.663923,0.532447,15.9813
207,34.7112,38.3972,28.285,71.1003,-3.02251,9.97566,68.3123,-6.01968,17.7618,0.660346,0.661931,0.527089,16.2521
208,34.5852,38.1959,27.7628,70.9699,-2.84915,10.2187,68.1647,-5.81652,18.2976,0.661567,0.659834,0.521821,16.5135
209,34.4554,37.9856,27.2551,70.8327,-2.67135,10.448,68.01,-5.59658,18.8084,0.662743,0.657632,0.516661,16.7646
210,34.322,37.7663,26.7634,70.6886,-2.48849,10.6626,67.848,-5.35914,19.2918,0.663872,0.655324,0.511629,17.0048
211,34.1852,37.5382,26.2889,70.5377,-2.29993,10.8615,67.6789,-5.10355,19.745,0.664955,0.652909,0.506744,17.2333
212,34.0454,37.3015,25.8329,70.3799,-2.10506,11.0436,67.5026,-4.82914,20.1652,0.665991,0.650386,0.502027,17.4494
213,33.9027,37.0562,25.3967,70.2154,-1.90328,11.2079,67.3192,-4.53532,20.5497,0.666979,0.647753,0.497498,17.6524
214,33.7574,36.8026,24.9817,70.0442,-1.69401,11.3532,67.1286,-4.22151,20.8955,0.667919,0.645012,0.493179,17.8417
215,33.6096,36.5407,24.5888,69.8662,-1.47668,11.4785,66.931,-3.88719,21.2001,0.66881,0.64216,0.489089,18.0165
216,33.4596,36.2709,24.2192,69.6815,-1.25077,11.5826,66.7264,-3.53191,21.4605,0.669651,0.639198,0.48525,18.1765
217,33.3076,35.9933,23.8741,69.4902,-1.01575,11.6644,66.5148,-3.15526,21.674,0.670441,0.636126,0.48168,18.3211
218,33.1538,35.7081,23.5543,69.2923,-0.771146,11.7228,66.2963,-2.75688,21.8381,0.671178,0.632943,0.4784,18.45
219,32.9982,35.4154,23.2607,69.0878,-0.516514,11.7568,66.0708,-2.33652,21.9502,0.671861,0.629649,0.475428,18.5629
220,32.8411,35.1156,22.9943,68.8767,-0.251451,11.7654,65.8386,-1.89396,22.008,0.672487,0.626245,0.47278,18.6595
221,32.6827,34.8089,22.7557,68.6592,0.0243983,11.7476,65.5996,-1.42909,22.0093,0.673056,0.622731,0.470473,18.7401
222,32.5229,34.4954,22.5455,68.4353,0.31134,11.7025,65.3539,-0.941863,21.9522,0.673565,0.619108,0.468519,18.8047
223,32.362,34.1756,22.3644,68.205,0.609625,11.6293,65.1017,-0.432336,21.835,0.674012,0.615377,0.466931,18.8537
224,32.2,33.8495,22.2128,67.9685,0.919444,11.5273,64.843,0.0993582,21.6561,0.674394,0.611539,0.465719,18.8878
225,32.037,33.5176,22.091,67.7257,1.24093,11.396,64.5779,0.652987,21.4146,0.674709,0.607596,0.46489,18.9077
226,31.8731,33.1801,21.9994,67.4769,1.57416,11.2348,64.3065,1.22823,21.1095,0.674955,0.603548,0.46445,18.9145
227,31.7084,32.8374,21.938,67.2219,1.91915,11.0436,64.029,1.82465,20.7403,0.675128,0.599399,0.464401,18.9095
228,31.5427,32.4896,21.907,66.9611,2.27587,10.8221,63.7455,2.44173,20.3068,0.675226,0.595149,0.464743,18.8944
229,31.3763,32.1373,21.9062,66.6943,2.64427,10.5703,63.4562,3.07885,19.8093,0.675245,0.590803,0.465475,18.8711
230,31.209,31.7806,21.9356,66.4219,3.02427,10.2886,63.1612,3.73527,19.2482,0.675182,0.586362,0.46659,18.8418
231,31.0409,31.4201,21.9949,66.1438,3.41583,9.97718,62.8606,4.41018,18.6245,0.675035,0.581831,0.468083,18.8091
232,30.872,31.0559,22.0839,65.8603,3.81893,9.63668,62.5548,5.10263,17.9393,0.674799,0.577212,0.469943,18.7758
233,30.7022,30.6886,22.202,65.5714,4.23365,9.26773,62.2439,5.81161,17.1941,0.674471,0.572509,0.472159,18.745
234,30.5315,30.3185,22.3487,65.2773,4.66016,8.87104,61.9281,6.53598,16.3908,0.674048,0.567728,0.474718,18.7199
235,30.3599,29.946,22.5235,64.9781,5.09877,8.44733,61.6076,7.2745,15.5315,0.673527,0.562872,0.477604,18.7041
236,30.1872,29.5715,22.7257,64.6741,5.54991,7.99716,61.2827,8.02586,14.6184,0.672903,0.557946,0.480801,18.7011
237,30.0136,29.1954,22.9546,64.3654,6.01403,7.52082,60.9537,8.78862,13.6543,0.672172,0.552956,0.484292,18.7142
238,29.8388,28.8182,23.2093,64.0523,6.49152,7.01824,60.6208,9.56129,12.6419,0.671332,0.547909,0.488057,18.7466
239,29.663,28.4403,23.4889,63.7349,6.98247,6.48884,60.2844,10.3422,11.584,0.670379,0.542809,0.492078,18.8013
240,29.4859,28.0621,23.7925,63.4135,7.48639,5.93157,59.9448,11.1298,10.4839,0.669309,0.537665,0.496334,18.8803
241,29.3075,27.6842,24.1191,63.0884,8.00194,5.34504,59.6023,11.9222,9.3447,0.668117,0.532483,0.500806,18.9853
242,29.1278,27.3069,24.4677,62.7598,8.52665,4.72774,59.2573,12.7176,8.16971,0.666802,0.527271,0.505473,19.1173
243,28.9467,26.9307,24.8371,62.428,9.05686,4.07848,58.9101,13.514,6.96228,0.665359,0.522038,0.510315,19.2763
244,28.7643,26.5562,25.2263,62.0933,9.58776,3.39676,58.5612,14.3095,5.7258,0.663784,0.516791,0.515313,19.462
245,28.5803,26.1837,25.6341,61.756,10.1137,2.68311,58.211,15.1019,4.46367,0.662075,0.511539,0.520447,19.6733
246,28.3949,25.8139,26.0593,61.4166,10.6286,1.93929,57.8599,15.8893,3.17929,0.660227,0.506294,0.525698,19.9089
247,28.208,25.447,26.5008,61.0753,11.1265,1.16825,57.5084,16.6693,1.87604,0.658238,0.501063,0.531049,20.1671
248,28.0195,25.0838,26.9572,60.7326,11.6018,0.373899,57.157,17.4398,0.557263,0.656105,0.495859,0.53648,20.446
249,27.8295,24.7246,27.4275,60.3889,12.0499,-0.439167,56.8061,18.1984,-0.77374,0.653824,0.490691,0.541976,20.7433
250,27.638,24.3699,27.9103,60.0446,12.4667,-1.26605,56.4562,18.9428,-2.11373,0.651393,0.485572,0.547521,21.0569
251,27.445,24.0202,28.4045,59.7002,12.8495,-2.10188,56.108,19.6708,-3.45954,0.648809,0.480512,0.553099,21.3842
252,27.2505,23.6761,28.9089,59.3561,13.1962,-2.94201,55.762,20.3799,-4.80806,0.646069,0.475525,0.558696,21.7227
253,27.0546,23.3379,29.4222,59.0129,13.5054,-3.78224,55.4187,21.0676,-6.15627,0.643171,0.470623,0.564297,22.0696
254,26.8573,23.0062,29.9433,58.6711,13.7762,-4.61887,55.0787,21.7317,-7.50124,0.640113,0.465819,0.569891,22.4224
255,26.6588,22.6815,30.471,58.3312,14.0084,-5.44876,54.7427,22.3697,-8.84012,0.636892,0.461126,0.575466,22.7785
256,26.4591,22.3641,31.0042,57.9937,14.2019,-6.26926,54.4112,22.9791,-10.1701,0.633507,0.456557,0.581009,23.1352
257,26.2583,22.0547,31.5416,57.6593,14.3567,-7.07824,54.085,23.5576,-11.4886,0.629955,0.452126,0.586511,23.49
258,26.0566,21.7535,32.0823,57.3285,14.4732,-7.87396,53.7645,24.1028,-12.7929,0.626236,0.447847,0.591963,23.8408
259,25.854,21.4611,32.6252,57.002,14.5516,-8.65509,53.4505,24.6124,-14.0807,0.622348,0.443734,0.597355,24.1854
260,25.6508,21.1779,33.1691,56.6803,14.5922,-9.42058,53.1437,25.084,-15.3494,0.618289,0.4398,0.602679,24.5217
261,25.4471,20.9043,33.7132,56.364,14.5955,-10.1696,52.8446,25.5155,-16.5968,0.61406,0.436059,0.607927,24.848
262,25.2431,20.6407,34.2564,56.0539,14.5617,-10.9017,52.554,25.9047,-17.8206,0.60966,0.432524,0.613093,25.1626
263,25.039,20.3875,34.7978,55.7505,14.4911,-11.6163,52.2725,26.2494,-19.0188,0.605087,0.429208,0.618171,25.4642
264,24.835,20.145,35.3365,55.4546,14.3839,-12.3132,52.0008,26.5478,-20.1893,0.600342,0.426123,0.623154,25.7515
265,24.6313,19.9136,35.8717,55.1666,14.2406,-12.9922,51.7394,26.7979,-21.3301,0.595426,0.423282,0.628038,26.0233
266,24.4281,19.6937,36.4024,54.8874,14.0612,-13.653,51.4891,26.9979,-22.4395,0.590337,0.420695,0.632818,26.2789
267,24.2258,19.4855,36.9279,54.6174,13.8461,-14.2955,51.2505,27.1463,-23.5157,0.585078,0.418373,0.63749,26.5174
268,24.0245,19.2894,37.4475,54.3574,13.5955,-14.9197,51.0241,27.2415,-24.5571,0.579649,0.416325,0.64205,26.7382
269,23.8245,19.1056,37.9604,54.108,13.3097,-15.5253,50.8105,27.2823,-25.5621,0.57405,0.414559,0.646494,26.9409
270,23.6261,18.9344,38.4659,53.8697,12.9889,-16.1122,50.6104,27.2675,-26.5292,0.568285,0.413082,0.65082,27.1251
271,23.4295,18.776,38.9634,53.6432,12.6337,-16.6802,50.4241,27.1961,-27.4573,0.562353,0.4119,0.655025,27.2907
272,23.2351,18.6306,39.4523,53.429,12.2444,-17.2291,50.2522,27.0674,-28.345,0.556259,0.411017,0.659108,27.4377
273,23.0431,18.4984,39.932,53.2276,11.8215,-17.7584,50.0952,26.8809,-29.1913,0.550003,0.410437,0.663065,27.5661
274,22.8539,18.3796,40.4019,53.0396,11.3656,-18.2679,49.9534,26.6363,-29.9951,0.543588,0.410161,0.666895,27.676
275,22.6677,18.2744,40.8616,52.8654,10.8775,-18.7571,49.8272,26.3334,-30.7556,0.537019,0.410188,0.670598,27.7679
276,22.4848,18.1827,41.3105,52.7055,10.358,-19.2254,49.717,25.9723,-31.4719,0.530297,0.410519,0.674171,27.842
277,22.3055,18.1048,41.7481,52.5602,9.80815,-19.6723,49.6229,25.5536,-32.1436,0.523427,0.411149,0.677614,27.8988
278,22.1301,18.0406,42.1742,52.4301,9.22902,-20.0972,49.5453,25.0777,-32.7699,0.516413,0.412076,0.680926,27.939
279,21.959,17.9903,42.5882,52.3152,8.62196,-20.4993,49.4843,24.5457,-33.3505,0.509259,0.413292,0.684107,27.9632
280,21.7923,17.9538,42.9897,52.2161,7.98844,-20.878,49.44,23.9585,-33.8851,0.501971,0.414792,0.687155,27.9721
281,21.6305,17.9312,43.3786,52.1328,7.33013,-21.2325,49.4125,23.3176,-34.3736,0.494553,0.416568,0.690072,27.9663
282,21.4737,17.9224,43.7543,52.0656,6.64885,-21.5621,49.4018,22.6245,-34.8157,0.487012,0.41861,0.692856,27.9468
283,21.3223,17.9273,44.1167,52.0146,5.9466,-21.8661,49.4078,21.8811,-35.2116,0.479353,0.42091,0.695508,27.9143
284,21.1765,17.9459,44.4654,51.9798,5.22553,-22.1438,49.4305,21.0893,-35.5614,0.471584,0.423455,0.698027,27.8697
285,21.0365,17.9782,44.8001,51.9614,4.48795,-22.3946,49.4696,20.2515,-35.8654,0.463711,0.426236,0.700415,27.8137
286,20.9027,18.0238,45.1208,51.9593,3.73629,-22.618,49.525,19.37,-36.1238,0.455742,0.429239,0.70267,27.7471
287,20.7753,18.0829,45.427,51.9734,2.97307,-22.8135,49.5965,18.4474,-36.3372,0.447687,0.432453,0.704794,27.6708
288,20.6544,18.155,45.7187,52.0037,2.2009,-22.9809,49.6836,17.4866,-36.5061,0.439553,0.435864,0.706787,27.5855
289,20.5404,18.2402,45.9956,52.0499,1.42241,-23.1199,49.7861,16.4903,-36.6311,0.43135,0.43946,0.708649,27.4917
290,20.4333,18.3381,46.2576,52.1119,0.640259,-23.2305,49.9037,15.4616,-36.7128,0.423089,0.443228,0.710381,27.3902
291,20.3335,18.4486,46.5044,52.1893,-0.142933,-23.3128,50.0357,14.4036,-36.752,0.414781,0.447155,0.711983,27.2815
292,20.241,18.5714,46.7361,52.282,-0.924597,-23.3671,50.1819,13.3195,-36.7496,0.406438,0.451228,0.713455,27.166
293,20.1561,18.7062,46.9524,52.3895,-1.70226,-23.3937,50.3417,12.2125,-36.7065,0.398072,0.455433,0.714799,27.0442
294,20.0788,18.8528,47.1531,52.5116,-2.47355,-23.3931,50.5146,11.0858,-36.6235,0.389697,0.459759,0.716014,26.9164
295,20.0093,19.0109,47.3383,52.6477,-3.23626,-23.3659,50.7,9.94273,-36.5016,0.381329,0.464193,0.717101,26.7828
296,19.9477,19.1802,47.5078,52.7974,-3.98832,-23.3129,50.8974,8.78653,-36.3419,0.372983,0.468723,0.718061,26.6438
297,19.8942,19.3604,47.6616,52.9603,-4.72788,-23.2348,51.1062,7.62042,-36.1454,0.364676,0.473337,0.718895,26.4995
298,19.8487,19.551,47.7994,53.1358,-5.45322,-23.1325,51.3258,6.44755,-35.9131,0.356426,0.478024,0.719602,26.3499
299,19.8113,19.7519,47.9214,53.3235,-6.16285,-23.007,51.5555,5.27104,-35.6461,0.348254,0.482773,0.720183,26.1952
300,19.7822,19.9625,48.0273,53.5227,-6.85549,-22.859,51.7948,4.0939,-35.3454,0.34018,0.487574,0.720639,26.0355
301,19.7612,20.1827,48.1172,53.733,-7.53,-22.6896,52.0431,2.91902,-35.0123,0.332227,0.492416,0.72097,25.8707
302,19.7485,20.4119,48.191,53.9537,-8.18547,-22.4998,52.2997,1.74922,-34.6477,0.324419,0.497291,0.721176,25.7009
303,19.7439,20.6498,48.2487,54.1843,-8.82116,-22.2904,52.5641,0.587156,-34.2528,0.316782,0.502189,0.721258,25.5261
304,19.7476,20.896,48.2903,54.4242,-9.43648,-22.0624,52.8355,-0.564637,-33.8286,0.309343,0.507102,0.721217,25.3463
305,19.7593,21.1501,48.3157,54.6727,-10.031,-21.8166,53.1134,-1.70377,-33.3762,0.302131,0.512021,0.721053,25.1616
306,19.7791,21.4117,48.3249,54.9293,-10.6044,-21.5539,53.3972,-2.828,-32.8965,0.295177,0.516939,0.720765,24.972
307,19.807,21.6804,48.3179,55.1934,-11.1566,-21.2749,53.6863,-3.93526,-32.3907,0.288513,0.521849,0.720355,24.7776
308,19.8427,21.9558,48.2947,55.4643,-11.6875,-20.9804,53.9801,-5.02362,-31.8598,0.282171,0.526743,0.719823,24.5785
309,19.8862,22.2375,48.2554,55.7414,-12.1972,-20.6711,54.2781,-6.09131,-31.3046,0.276185,0.531615,0.719168,24.3747
310,19.9374,22.525,48.1999,56.0243,-12.6857,-20.3476,54.5796,-7.13674,-30.7262,0.270589,0.53646,0.718392,24.1665
311,19.9961,22.8179,48.1283,56.3122,-13.1533,-20.0103,54.8843,-8.15847,-30.1255,0.265418,0.541272,0.717494,23.954
312,20.0622,23.1158,48.0407,56.6047,-13.6002,-19.6598,55.1914,-9.15521,-29.5034,0.260705,0.546044,0.716474,23.7373
313,20.1355,23.4183,47.937,56.9012,-14.0267,-19.2965,55.5007,-10.1258,-28.8607,0.256482,0.550774,0.715334,23.5168
314,20.2158,23.725,47.8174,57.201,-14.4333,-18.9208,55.8114,-11.0694,-28.1982,0.252779,0.555455,0.714073,23.2927
315,20.303,24.0354,47.6819,57.5038,-14.8202,-18.533,56.1233,-11.985,-27.5168,0.249624,0.560084,0.712691,23.0653
316,20.3969,24.3492,47.5306,57.8089,-15.1878,-18.1333,56.4357,-12.8719,-26.8173,0.247039,0.564657,0.711188,22.8348
317,20.4972,24.6658,47.3636,58.1159,-15.5365,-17.722,56.7484,-13.7297,-26.1003,0.245043,0.56917,0.709566,22.6018
318,20.6037,24.985,47.181,58.4242,-15.8668,-17.2993,57.0608,-14.5578,-25.3667,0.24365,0.57362,0.707823,22.3666
319,20.7163,25.3063,46.983,58.7335,-16.1791,-16.8654,57.3726,-15.3559,-24.617,0.242867,0.578003,0.705961,22.1295
320,20.8346,25.6292,46.7696,59.0433,-16.4736,-16.4204,57.6834,-16.1238,-23.8521,0.242695,0.582317,0.703979,21.8911
321,20.9585,25.9535,46.5412,59.3531,-16.7509,-15.9644,57.9929,-16.8614,-23.0725,0.243129,0.586559,0.701879,21.652
322,21.0876,26.2787,46.2978,59.6625,-17.0112,-15.4975,58.3006,-17.5686,-22.2788,0.24416,0.590727,0.69966,21.4125
323,21.2218,26.6044,46.0396,59.9711,-17.2549,-15.0198,58.6063,-18.2454,-21.4718,0.245771,0.594819,0.697324,21.1733
324,21.3609,26.9302,45.767,60.2785,-17.4823,-14.5313,58.9097,-18.892,-20.6518,0.247939,0.598831,0.69487,20.9349
325,21.5044,27.2558,45.48,60.5845,-17.6936,-14.0321,59.2103,-19.5086,-19.8197,0.25064,0.602764,0.692299,20.6981
326,21.6523,27.5808,45.1791,60.8885,-17.8892,-13.5224,59.5081,-20.0954,-18.9758,0.253845,0.606614,0.689613,20.4635
327,21.8042,27.9048,44.8644,61.1904,-18.0692,-13.0021,59.8026,-20.6526,-18.1209,0.257521,0.61038,0.686811,20.2319
328,21.9598,28.2275,44.5363,61.4897,-18.2339,-12.4714,60.0937,-21.1806,-17.2553,0.261635,0.614061,0.683896,20.0039
329,22.1191,28.5486,44.1951,61.7863,-18.3832,-11.9303,60.3812,-21.6797,-16.3797,0.266154,0.617655,0.680867,19.7803
330,22.2816,28.8677,43.8413,62.0797,-18.5174,-11.3791,60.6647,-22.1504,-15.4947,0.271041,0.621162,0.677728,19.562
331,22.4471,29.1844,43.4751,62.3699,-18.6366,-10.8179,60.9441,-22.593,-14.6007,0.276264,0.62458,0.674478,19.3497
332,22.6155,29.4986,43.0971,62.6564,-18.7406,-10.247,61.2191,-23.0079,-13.6984,0.281789,0.627908,0.671119,19.1444
333,22.7864,29.8097,42.7076,62.9391,-18.8296,-9.66658,61.4897,-23.3956,-12.7882,0.287583,0.631145,0.667655,18.947
334,22.9597,30.1176,42.3072,63.2178,-18.9035,-9.07704,61.7556,-23.7564,-11.8709,0.293617,0.634291,0.664086,18.7581
335,23.135,30.422,41.8964,63.4922,-18.9623,-8.47878,62.0167,-24.0909,-10.9468,0.299862,0.637345,0.660414,18.5789
336,23.3123,30.7226,41.4757,63.7622,-19.0057,-7.87228,62.2727,-24.3994,-10.0168,0.306291,0.640305,0.656644,18.41
337,23.4912,31.019,41.0456,64.0276,-19.0338,-7.2581,62.5237,-24.6823,-9.08133,0.312879,0.643172,0.652776,18.2524
338,23.6716,31.3111,40.6068,64.2882,-19.0464,-6.63689,62.7694,-24.9401,-8.14112,0.319603,0.645945,0.648815,18.1068
339,23.8533,31.5985,40.16,64.5439,-19.0434,-6.00938,63.0097,-25.173,-7.19682,0.326442,0.648622,0.644763,17.974
340,24.0361,31.8811,39.7057,64.7945,-19.0247,-5.37641,63.2445,-25.3815,-6.24916,0.333376,0.651205,0.640625,17.8547
341,24.2198,32.1585,39.2447,65.0399,-18.9901,-4.73889,63.4737,-25.5659,-5.29887,0.340388,0.653692,0.636405,17.7494
342,24.4043,32.4306,38.7777,65.28,-18.9397,-4.09784,63.6972,-25.7266,-4.34672,0.347462,0.656082,0.632106,17.6587
343,24.5894,32.6971,38.3055,65.5147,-18.8733,-3.45436,63.9149,-25.8637,-3.39353,0.354583,0.658376,0.627734,17.5829
344,24.7749,32.9579,37.8288,65.7439,-18.791,-2.80965,64.1268,-25.9776,-2.44015,0.361738,0.660572,0.623294,17.5222
345,24.9608,33.2126,37.3484,65.9674,-18.6929,-2.16497,64.3327,-26.0686,-1.48748,0.368915,0.662671,0.618791,17.4769
346,25.1468,33.4612,36.8652,66.1853,-18.579,-1.52164,64.5326,-26.1368,-0.536461,0.376103,0.664673,0.614232,17.4467
347,25.3329,33.7034,36.3801,66.3973,-18.4496,-0.881042,64.7265,-26.1824,0.411925,0.383293,0.666576,0.609621,17.4317
348,25.519,33.9391,35.8938,66.6036,-18.305,-0.244595,64.9142,-26.2056,1.35664,0.390475,0.66838,0.604968,17.4313
349,25.7049,34.1681,35.4073,66.8039,-18.1455,0.386272,65.0958,-26.2066,2.2966,0.397642,0.670086,0.600277,17.4452
350,25.8907,34.3902,34.9216,66.9983,-17.9715,1.01012,65.2711,-26.1855,3.23066,0.404787,0.671692,0.595558,17.4726
351,26.0761,34.6052,34.4375,67.1866,-17.7836,1.62554,65.4402,-26.1423,4.15765,0.411904,0.673199,0.590818,17.5128
352,26.2611,34.8131,33.956,67.369,-17.5822,2.23115,65.6029,-26.0772,5.07632,0.418987,0.674606,0.586065,17.565
353,26.4457,35.0137,33.478,67.5453,-17.3682,2.82562,65.7594,-25.9903,5.98538,0.42603,0.675912,0.581309,17.628
354,26.6298,35.2069,33.0046,67.7155,-17.142,3.40767,65.9095,-25.8815,6.8835,0.43303,0.677118,0.576559,17.7007
355,26.8134,35.3926,32.5365,67.8795,-16.9043,3.97613,66.0532,-25.7509,7.76929,0.439981,0.678224,0.571825,17.7821
356,26.9963,35.5705,32.075,68.0375,-16.656,4.5299,66.1905,-25.5986,8.64132,0.446882,0.679228,0.567117,17.8708
357,27.1786,35.7407,31.6207,68.1892,-16.3978,5.06795,66.3214,-25.4246,9.4981,0.453727,0.680132,0.562445,17.9655
358,27.3603,35.9031,31.1749,68.3349,-16.1302,5.58938,66.4458,-25.2289,10.3381,0.460515,0.680933,0.557821,18.065
359,27.5412,36.0575,30.7383,68.4743,-15.854,6.09336,66.5638,-25.0114,11.1598,0.467242,0.681633,0.553256,18.1678
360,27.7215,36.2039,30.3119,68.6076,-15.5697,6.57915,66.6754,-24.7722,11.9617,0.473907,0.682231,0.548761,18.2727
361,27.9009,36.3422,29.8966,68.7348,-15.2781,7.04611,66.7806,-24.5114,12.7419,0.480507,0.682726,0.544349,18.3783
362,28.0796,36.4723,29.4934,68.8557,-14.9796,7.49367,66.8792,-24.2288,13.4991,0.48704,0.683119,0.540031,18.4832
363,28.2575,36.5942,29.1031,68.9706,-14.6745,7.92133,66.9715,-23.9246,14.2315,0.493505,0.68341,0.535821,18.5863
364,28.4346,36.7078,28.7265,69.0792,-14.3634,8.32864,67.0572,-23.5987,14.9374,0.499899,0.683597,0.531729,18.6863
365,28.6108,36.8131,28.3646,69.1818,-14.0465,8.71523,67.1366,-23.2513,15.6152,0.506221,0.683682,0.52777,18.7818
366,28.7862,36.91,28.018,69.2782,-13.724,9.08075,67.2095,-22.8822,16.2632,0.512471,0.683664,0.523955,18.8719
367,28.9606,36.9985,27.6875,69.3686,-13.3962,9.4249,67.2759,-22.4917,16.8799,0.518646,0.683543,0.520297,18.9554
368,29.1342,37.0786,27.3738,69.4529,-13.0631,9.7474,67.336,-22.0797,17.4637,0.524745,0.683319,0.516807,19.0311
369,29.3068,37.1503,27.0777,69.5311,-12.7247,10.048,67.3896,-21.6464,18.013,0.530768,0.682992,0.513499,19.0982
370,29.4785,37.2135,26.7998,69.6032,-12.381,10.3265,67.4369,-21.1919,18.5262,0.536713,0.682562,0.510383,19.1556
371,29.6491,37.2682,26.5405,69.6694,-12.0321,10.5827,67.4778,-20.7164,19.0021,0.54258,0.682029,0.50747,19.2025
372,29.8187,37.3145,26.3006,69.7295,-11.6777,10.8163,67.5123,-20.22,19.4392,0.548367,0.681393,0.504772,19.2382
373,29.9871,37.3523,26.0805,69.7837,-11.3177,11.0273,67.5405,-19.7028,19.8363,0.554073,0.680655,0.502298,19.2617
374,30.1544,37.3816,25.8805,69.832,-10.9519,11.2153,67.5623,-19.1652,20.1922,0.559697,0.679814,0.500058,19.2725
375,30.3205,37.4025,25.7012,69.8743,-10.5802,11.3804,67.5779,-18.6073,20.5058,0.565239,0.678871,0.498059,19.27
376,30.4854,37.415,25.5429,69.9107,-10.2024,11.5222,67.5872,-18.0294,20.7762,0.570697,0.677826,0.49631,19.2537
377,30.6488,37.4191,25.4057,69.9412,-9.81812,11.6408,67.5902,-17.4319,21.0026,0.57607,0.67668,0.494817,19.2232
378,30.8109,37.4148,25.29,69.9659,-9.42725,11.736,67.5871,-16.815,21.1842,0.581359,0.675432,0.493585,19.1781
379,30.9714,37.4022,25.196,69.9847,-9.02952,11.8076,67.5777,-16.1791,21.3206,0.586561,0.674084,0.492618,19.1182
380,31.1303,37.3813,25.1237,69.9978,-8.62473,11.8556,67.5622,-15.5246,21.4114,0.591676,0.672636,0.491921,19.0434
381,31.2876,37.3523,25.0732,70.005,-8.21265,11.88,67.5405,-14.8518,21.4562,0.596702,0.671088,0.491494,18.9536
382,31.443,37.315,25.0446,70.0065,-7.79308,11.8806,67.5127,-14.1613,21.455,0.601639,0.669442,0.491339,18.8488
383,31.5965,37.2697,25.0377,70.0023,-7.36587,11.8575,67.4789,-13.4535,21.4079,0.606486,0.667697,0.491455,18.7294
384,31.748,37.2163,25.0524,69.9923,-6.93085,11.8106,67.439,-12.7289,21.3151,0.611242,0.665855,0.491841,18.5955
385,31.8974,37.1549,25.0887,69.9767,-6.48793,11.74,67.3931,-11.9881,21.1769,0.615906,0.663916,0.492493,18.4476
386,32.0444,37.0857,25.1462,69.9554,-6.03702,11.6457,67.3413,-11.2315,20.9939,0.620476,0.661881,0.493407,18.2863
387,32.1891,37.0086,25.2248,69.9284,-5.57811,11.5278,67.2835,-10.4597,20.7666,0.624952,0.659752,0.494579,18.1121
388,32.3312,36.9239,25.3242,69.8959,-5.11122,11.3864,67.2199,-9.6734,20.4959,0.629333,0.65753,0.496003,17.9261
389,32.4706,36.8315,25.4439,69.8578,-4.63643,11.2216,67.1504,-8.87317,20.1827,0.633617,0.655214,0.49767,17.729
390,32.6071,36.7316,25.5835,69.8141,-4.15391,11.0335,67.0752,-8.05965,19.828,0.637804,0.652808,0.499574,17.5222
391,32.7406,36.6244,25.7427,69.7648,-3.6639,10.8225,66.9942,-7.23353,19.433,0.641892,0.650311,0.501705,17.3069
392,32.871,36.5098,25.9209,69.7101,-3.16671,10.5889,66.9076,-6.39549,18.9989,0.64588,0.647726,0.504055,17.0846
393,32.998,36.388,26.1176,69.6498,-2.66277,10.3329,66.8153,-5.54625,18.5271,0.649767,0.645053,0.506612,16.8571
394,33.1216,36.2592,26.3323,69.5842,-2.1526,10.0552,66.7175,-4.68654,18.0189,0.653552,0.642295,0.509366,16.6262
395,33.2415,36.1235,26.5643,69.5131,-1.63681,9.75636,66.6142,-3.81711,17.4759,0.657234,0.639452,0.512306,16.3941
396,33.3575,35.981,26.8131,69.4366,-1.11611,9.43721,66.5054,-2.93873,16.8995,0.660811,0.636527,0.515421,16.1634
397,33.4696,35.8319,27.0779,69.3548,-0.591245,9.09884,66.3913,-2.05217,16.2914,0.664283,0.633522,0.518699,15.9367
398,33.5775,35.6762,27.3581,69.2677,-0.0629867,8.7426,66.2718,-1.15825,15.6531,0.667648,0.630437,0.522129,15.717
399,33.6811,35.5143,27.6529,69.1753,0.46799,8.37017,66.1471,-0.257775,14.9864,0.670904,0.627276,0.525698,15.5077
400,33.7801,35.3461,27.9617,69.0776,1.00122,7.98355,66.0173,0.648424,14.2929,0.674052,0.624041,0.529395,15.3125
401,33.8745,35.172,28.2837,68.9749,1.53661,7.58503,65.8824,1.5595,13.5742,0.677089,0.620732,0.533208,15.1354
402,33.9641,34.992,28.6181,68.8669,2.07463,7.17702,65.7425,2.47461,12.8321,0.680014,0.617354,0.537126,14.9806
403,34.0486,34.8064,28.9642,68.7539,2.61643,6.7618,65.5977,3.39288,12.0681,0.682826,0.613908,0.541137,14.8524
404,34.128,34.6153,29.3211,68.6359,3.16386,6.34111,65.4481,4.31343,11.284,0.685524,0.610396,0.545229,14.755
405,34.202,34.4189,29.6881,68.513,3.71924,5.9157,65.2937,5.23537,10.4814,0.688107,0.606822,0.549392,14.6919
406,34.2706,34.2175,30.0643,68.3851,4.28487,5.48502,65.1348,6.1578,9.66191,0.690573,0.603188,0.553615,14.6656
407,34.3335,34.0112,30.449,68.2525,4.86227,5.04715,64.9714,7.07982,8.82709,0.692921,0.599497,0.557888,14.6774
408,34.3906,33.8002,30.8413,68.1151,5.45151,4.59921,64.8036,8.00051,7.9785,0.69515,0.595753,0.562201,14.7275
409,34.4419,33.5847,31.2405,67.973,6.05082,4.13809,64.6316,8.91893,7.11767,0.697258,0.591957,0.566544,14.8145
410,34.4871,33.365,31.6457,67.8264,6.65664,3.66128,64.4554,9.83415,6.24606,0.699245,0.588114,0.570908,14.9363
411,34.5261,33.1414,32.0562,67.6752,7.26419,3.16753,64.2752,10.7452,5.36514,0.70111,0.584227,0.575284,15.0904
412,34.5587,32.9139,32.471,67.5197,7.86818,2.65704,64.0911,11.6512,4.4763,0.70285,0.5803,0.579663,15.2739
413,34.585,32.6829,32.8896,67.3599,8.46354,2.13136,63.9033,12.5511,3.58091,0.704465,0.576336,0.584038,15.4842
414,34.6048,32.4486,33.311,67.1959,9.04588,1.593,63.712,13.444,2.68029,0.705954,0.572339,0.588401,15.7185
415,34.6179,32.2113,33.7345,67.0279,9.6117,1.04498,63.5171,14.3288,1.77572,0.707315,0.568313,0.592745,15.9744
416,34.6243,31.9712,34.1593,66.8559,10.1584,0.490485,63.3191,15.2047,0.868449,0.708547,0.564263,0.597062,16.2493
417,34.6239,31.7285,34.5848,66.68,10.6844,-0.0674481,63.1179,16.0706,-0.0403194,0.709649,0.560193,0.601347,16.5408
418,34.6167,31.4836,35.0102,66.5005,11.1884,-0.626054,62.9137,16.9254,-0.94942,0.71062,0.556108,0.605592,16.8463
419,34.6025,31.2366,35.4348,66.3174,11.67,-1.18293,62.7069,17.7683,-1.85772,0.711459,0.552011,0.609793,17.1637
420,34.5813,30.9879,35.8579,66.1309,12.129,-1.73607,62.4974,18.5981,-2.76414,0.712164,0.547909,0.613943,17.4906
421,34.553,30.7378,36.2788,65.9412,12.5654,-2.2838,62.2856,19.4139,-3.66761,0.712735,0.543805,0.618038,17.8248
422,34.5177,30.4864,36.6969,65.7483,12.9793,-2.82479,62.0716,20.2146,-4.56711,0.71317,0.539707,0.622073,18.1644
423,34.4753,30.2341,37.1116,65.5525,13.3712,-3.35798,61.8557,20.9992,-5.46164,0.713469,0.535618,0.626043,18.5073
424,34.4257,29.9812,37.5221,65.3539,13.7414,-3.88256,61.638,21.7666,-6.35025,0.713629,0.531544,0.629944,18.8517
425,34.369,29.7279,37.928,65.1528,14.0902,-4.39792,61.4188,22.5158,-7.23199,0.713651,0.527492,0.633772,19.1962
426,34.3051,29.4746,38.3286,64.9492,14.4181,-4.9036,61.1982,23.2457,-8.10596,0.713533,0.523467,0.637523,19.539
427,34.2342,29.2214,38.7234,64.7434,14.7253,-5.39928,60.9766,23.9553,-8.97128,0.713274,0.519475,0.641195,19.8789
428,34.1561,28.9688,39.1119,64.5356,15.0122,-5.88476,60.7541,24.6434,-9.82709,0.712873,0.515522,0.644783,20.2147
429,34.0709,28.717,39.4935,64.326,15.279,-6.35991,60.531,25.3091,-10.6725,0.71233,0.511616,0.648285,20.5451
430,33.9786,28.4662,39.8678,64.1148,15.5262,-6.82469,60.3076,25.9513,-11.5068,0.711643,0.507761,0.651698,20.8692
431,33.8794,28.2168,40.2342,63.9022,15.7538,-7.2791,60.0841,26.5689,-12.3292,0.710811,0.503966,0.65502,21.186
432,33.7732,27.969,40.5923,63.6885,15.962,-7.72319,59.8608,27.1608,-13.1388,0.709834,0.500237,0.658248,21.4947
433,33.6601,27.7232,40.9417,63.4738,16.1511,-8.15705,59.6379,27.7259,-13.9348,0.70871,0.496581,0.66138,21.7945
434,33.5402,27.4796,41.2819,63.2584,16.3211,-8.58079,59.4157,28.2632,-14.7167,0.70744,0.493004,0.664414,22.0847
435,33.4136,27.2385,41.6126,63.0425,16.4721,-8.99455,59.1944,28.7717,-15.4835,0.706022,0.489514,0.667348,22.3648
436,33.2804,27.0001,41.9333,62.8265,16.6041,-9.39849,58.9745,29.2503,-16.2347,0.704456,0.486118,0.670181,22.634
437,33.1407,26.7648,42.2437,62.6105,16.7173,-9.79275,58.756,29.6979,-16.9695,0.702741,0.482823,0.672911,22.892
438,32.9946,26.5328,42.5435,62.3947,16.8116,-10.1775,58.5394,30.1135,-17.6872,0.700876,0.479636,0.675535,23.1382
439,32.8421,26.3044,42.8324,62.1795,16.887,-10.553,58.3249,30.4961,-18.3871,0.698861,0.476564,0.678055,23.3722
440,32.6835,26.0799,43.1099,61.9652,16.9434,-10.9193,58.1128,30.8447,-19.0687,0.696695,0.473614,0.680467,23.5935
441,32.5189,25.8594,43.3759,61.7519,16.9809,-11.2766,57.9034,31.1583,-19.7312,0.694378,0.470793,0.68277,23.8019
442,32.3484,25.6433,43.63,61.5399,16.9992,-11.6252,57.6969,31.4359,-20.3739,0.69191,0.468107,0.684965,23.9969
443,32.1722,25.4318,43.872,61.3296,16.9983,-11.9651,57.4937,31.6767,-20.9964,0.68929,0.465563,0.687049,24.1783
444,31.9904,25.2251,44.1017,61.1211,16.978,-12.2966,57.294,31.8797,-21.5979,0.686518,0.463167,0.689023,24.3457
445,31.8032,25.0234,44.3188,60.9148,16.9383,-12.6198,57.0982,32.0439,-22.178,0.683594,0.460926,0.690884,24.499
446,31.6108,24.8271,44.5231,60.7109,16.879,-12.9348,56.9065,32.1687,-22.7359,0.680518,0.458846,0.692633,24.6378
447,31.4133,24.6362,44.7145,60.5097,16.7998,-13.2419,56.7192,32.2532,-23.2711,0.677289,0.45693,0.69427,24.7619
448,31.211,24.4511,44.8926,60.3114,16.7006,-13.5411,56.5366,32.2965,-23.7831,0.673907,0.455186,0.695792,24.8711
449,31.004,24.2719,45.0575,60.1164,16.5813,-13.8325,56.359,32.2981,-24.2714,0.670374,0.453617,0.697201,24.9653
450,30.7925,24.0987,45.2088,59.9249,16.4416,-14.1163,56.1865,32.2571,-24.7354,0.666687,0.452227,0.698494,25.0442
451,30.5768,23.9319,45.3466,59.7372,16.2812,-14.3926,56.0195,32.1731,-25.1747,0.662849,0.451021,0.699673,25.1078
452,30.3571,23.7715,45.4706,59.5535,16.0999,-14.6614,55.8583,32.0454,-25.5887,0.658859,0.450002,0.700737,25.1559
453,30.1335,23.6177,45.5807,59.3741,15.8976,-14.9228,55.703,31.8736,-25.977,0.654718,0.449172,0.701685,25.1885
454,29.9063,23.4708,45.6769,59.1992,15.6739,-15.1769,55.554,31.6571,-26.3392,0.650425,0.448534,0.702518,25.2054
455,29.6758,23.3307,45.7591,59.0291,15.4285,-15.4236,55.4113,31.3957,-26.6748,0.645982,0.448088,0.703234,25.2066
456,29.4421,23.1977,45.8272,58.864,15.1613,-15.663,55.2754,31.089,-26.9835,0.641389,0.447837,0.703835,25.1921
457,29.2054,23.0718,45.8811,58.7042,14.8719,-15.895,55.1463,30.7368,-27.2649,0.636646,0.447781,0.704319,25.162
458,28.9661,22.9533,45.9209,58.5498,14.56,-16.1197,55.0242,30.3389,-27.5186,0.631755,0.447919,0.704688,25.1162
459,28.7244,22.8421,45.9464,58.4012,14.2253,-16.3368,54.9094,29.8953,-27.7444,0.626717,0.448251,0.70494,25.0549
460,28.4805,22.7385,45.9578,58.2584,13.8675,-16.5463,54.8019,29.406,-27.942,0.621531,0.448775,0.705076,24.9781
461,28.2347,22.6424,45.9549,58.1217,13.4863,-16.7481,54.7021,28.8711,-28.1111,0.6162,0.449489,0.705096,24.8861
462,27.9872,22.5539,45.9379,57.9914,13.0815,-16.9419,54.6099,28.2908,-28.2515,0.610725,0.450392,0.705,24.779
463,27.7383,22.4732,45.9067,57.8675,12.6526,-17.1275,54.5255,27.6654,-28.363,0.605106,0.451479,0.704789,24.6571
464,27.4882,22.4002,45.8614,57.7502,12.1993,-17.3046,54.449,26.9952,-28.4455,0.599345,0.452747,0.704463,24.5207
465,27.2373,22.335,45.8021,57.6397,11.7213,-17.4729,54.3806,26.2808,-28.4989,0.593444,0.454193,0.704021,24.3703
466,26.9856,22.2776,45.7289,57.5362,11.2184,-17.6318,54.3203,25.5227,-28.523,0.587404,0.455812,0.703465,24.2061
467,26.7337,22.228,45.6418,57.4397,10.6902,-17.781,54.2681,24.7215,-28.5178,0.581226,0.457598,0.702795,24.0288
468,26.4816,22.1863,45.541,57.3504,10.1364,-17.9199,54.2241,23.8781,-28.4834,0.574914,0.459547,0.702012,23.8389
469,26.2297,22.1524,45.4266,57.2684,9.55672,-18.0477,54.1884,22.9934,-28.4197,0.568467,0.461652,0.701115,23.6372
470,25.9782,22.1264,45.2988,57.1938,8.95101,-18.1638,54.1609,22.0683,-28.3268,0.56189,0.463909,0.700106,23.4244
471,25.7274,22.1082,45.1577,57.1266,8.31908,-18.2673,54.1416,21.1038,-28.2049,0.555183,0.46631,0.698986,23.2014
472,25.4776,22.0977,45.0035,57.0669,7.66082,-18.3571,54.1305,20.1013,-28.0541,0.54835,0.468849,0.697756,22.9692
473,25.229,22.095,44.8365,57.0148,6.97624,-18.4322,54.1276,19.0619,-27.8745,0.541393,0.47152,0.696415,22.729
474,24.982,22.1,44.6568,56.9703,6.26543,-18.4913,54.1329,17.987,-27.6664,0.534314,0.474315,0.694966,22.4821
475,24.7368,22.1125,44.4647,56.9334,5.52866,-18.5332,54.1462,16.8781,-27.4301,0.527117,0.477227,0.69341,22.2299
476,24.4936,22.1327,44.2605,56.9042,4.76637,-18.5562,54.1675,15.7368,-27.166,0.519805,0.48025,0.691747,21.974
477,24.2527,22.1603,44.0444,56.8826,3.97919,-18.5589,54.1966,14.5647,-26.8742,0.512381,0.483377,0.68998,21.7162
478,24.0145,22.1953,43.8168,56.8686,3.16806,-18.5394,54.2336,13.3636,-26.5553,0.504849,0.486599,0.688109,21.4585
479,23.7791,22.2375,43.578,56.8622,2.33417,-18.4961,54.2781,12.1354,-26.2097,0.497212,0.489911,0.686137,21.2029
480,23.5468,22.287,43.3282,56.8633,1.47909,-18.4271,54.3302,10.8818,-25.8379,0.489475,0.493304,0.684065,20.9517
481,23.318,22.3436,43.068,56.8719,0.604734,-18.3306,54.3896,9.60506,-25.4403,0.481642,0.496772,0.681894,20.7074
482,23.0928,22.407,42.7976,56.8879,-0.286563,-18.2049,54.4563,8.30711,-25.0176,0.473717,0.500308,0.679628,20.4723
483,22.8716,22.4774,42.5174,56.9113,-1.19206,-18.0484,54.5299,6.99011,-24.5703,0.465707,0.503904,0.677267,20.249
484,22.6545,22.5544,42.228,56.9419,-2.10862,-17.8598,54.6103,5.6563,-24.0991,0.457616,0.507555,0.674815,20.0401
485,22.4419,22.638,41.9296,56.9796,-3.03271,-17.638,54.6974,4.30792,-23.6046,0.44945,0.511252,0.672274,19.848
486,22.2339,22.7279,41.6229,57.0244,-3.96049,-17.3823,54.791,2.94732,-23.0876,0.441215,0.514991,0.669647,19.6751
487,22.0309,22.8242,41.3081,57.076,-4.88787,-17.0925,54.8908,1.57685,-22.5489,0.432919,0.518763,0.666935,19.5233
488,21.8331,22.9265,40.986,57.1345,-5.81061,-16.769,54.9965,0.198943,-21.9892,0.424569,0.522563,0.664143,19.3944
489,21.6408,23.0347,40.6569,57.1995,-6.72445,-16.4125,55.1081,-1.18396,-21.4093,0.416172,0.526385,0.661274,19.2897
490,21.4541,23.1488,40.3214,57.271,-7.6252,-16.0242,55.2252,-2.56938,-20.8101,0.407737,0.530223,0.65833,19.2101
491,21.2733,23.2684,39.98,57.3488,-8.50891,-15.6061,55.3477,-3.95481,-20.1925,0.399274,0.534071,0.655316,19.1561
492,21.0986,23.3934,39.6333,57.4327,-9.37193,-15.1604,55.4752,-5.33775,-19.5575,0.390793,0.537923,0.652234,19.1275
493,20.9303,23.5236,39.2819,57.5225,-10.211,-14.6896,55.6076,-6.71565,-18.906,0.382304,0.541775,0.64909,19.1238
494,20.7685,23.6589,38.9264,57.6182,-11.0234,-14.1966,55.7446,-8.08601,-18.239,0.37382,0.545619,0.645886,19.1441
495,20.6135,23.799,38.5673,57.7194,-11.8068,-13.6843,55.886,-9.4463,-17.5575,0.365353,0.549453,0.642628,19.1868
496,20.4655,23.9438,38.2053,57.826,-12.5595,-13.1558,56.0314,-10.794,-16.8626,0.356918,0.55327,0.63932,19.2505
497,20.3247,24.093,37.841,57.9378,-13.2801,-12.6141,56.1808,-12.1267,-16.1554,0.348531,0.557067,0.635966,19.3331
498,20.1912,24.2465,37.4751,58.0545,-13.9679,-12.062,56.3337,-13.4419,-15.437,0.340208,0.560838,0.632571,19.4328
499,20.0653,24.404,37.1081,58.1761,-14.6223,-11.5022,56.49,-14.7372,-14.7085,0.331967,0.564579,0.62914,19.5473
500,19.9471,24.5654,36.7407,58.3022,-15.2434,-10.9374,56.6494,-16.0102,-13.9711,0.323829,0.568286,0.62568,19.6746
501,19.8367,24.7304,36.3736,58.4326,-15.8313,-10.3698,56.8117,-17.2586,-13.226,0.315814,0.571956,0.622194,19.8125
502,19.7344,24.8988,36.0074,58.5672,-16.3863,-9.80152,56.9767,-18.4803,-12.4744,0.307948,0.575583,0.618688,19.959
503,19.6403,25.0704,35.6428,58.7057,-16.9092,-9.23439,57.144,-19.673,-11.7175,0.300255,0.579166,0.615169,20.1122
504,19.5545,25.2451,35.2804,58.8479,-17.4005,-8.67005,57.3134,-20.8345,-10.9567,0.292763,0.582699,0.611643,20.2703
505,19.4771,25.4225,34.9209,58.9935,-17.8611,-8.10995,57.4848,-21.963,-10.193,0.285501,0.58618,0.608115,20.4316
506,19.4083,25.6025,34.5649,59.1424,-18.2918,-7.55535,57.6578,-23.0565,-9.42791,0.278501,0.589606,0.604591,20.5946
507,19.3481,25.7849,34.213,59.2944,-18.6935,-7.00735,57.8323,-24.1131,-8.66261,0.271797,0.592974,0.601079,20.7578
508,19.2967,25.9694,33.866,59.4491,-19.0671,-6.4669,58.008,-25.1312,-7.89843,0.265424,0.596281,0.597584,20.9199
509,19.2541,26.1559,33.5244,59.6065,-19.4135,-5.93483,58.1847,-26.109,-7.13667,0.259418,0.599524,0.594114,21.0797
510,19.2205,26.3441,33.1889,59.7662,-19.7335,-5.41186,58.3622,-27.0452,-6.37865,0.253819,0.602701,0.590675,21.2362
511,19.1958,26.5337,32.8601,59.9281,-20.0279,-4.89864,58.5402,-27.9383,-5.62568,0.248663,0.605809,0.587274,21.3884
512,19.1802,26.7247,32.5385,60.0919,-20.2976,-4.39573,58.7187,-28.787,-4.87906,0.24399,0.608846,0.583917,21.5354
513,19.1736,26.9168,32.2248,60.2575,-20.5433,-3.90361,58.8972,-29.5902,-4.1401,0.239836,0.61181,0.580613,21.6764
514,19.1761,27.1097,31.9195,60.4246,-20.7658,-3.42275,59.0757,-30.347,-3.4101,0.236236,0.614699,0.577367,21.8106
515,19.1877,27.3033,31.6231,60.593,-20.9657,-2.95353,59.254,-31.0563,-2.69035,0.233223,0.617511,0.574188,21.9374
516,19.2084,27.4973,31.3363,60.7625,-21.1438,-2.49632,59.4318,-31.7175,-1.98212,0.230825,0.620245,0.571081,22.0563
517,19.2381,27.6916,31.0595,60.933,-21.3006,-2.05144,59.6091,-32.3298,-1.28664,0.229063,0.622898,0.568054,22.1666
518,19.277,27.8859,30.7933,61.1042,-21.4368,-1.61921,59.7855,-32.8929,-0.605162,0.227954,0.62547,0.565114,22.2678
519,19.3249,28.0801,30.538,61.2759,-21.5529,-1.1999,59.961,-33.4063,0.0611272,0.227509,0.627959,0.562267,22.3595
520,19.3817,28.2738,30.2942,61.4479,-21.6495,-0.793754,60.1353,-33.8697,0.711055,0.227729,0.630363,0.559521,22.4413
521,19.4475,28.4671,30.0622,61.6201,-21.7271,-0.401025,60.3084,-34.2831,1.34349,0.228609,0.632682,0.556881,22.5127
522,19.5221,28.6595,29.8425,61.7922,-21.7862,-0.0219263,60.48,-34.6464,1.95733,0.230137,0.634915,0.554354,22.5734
523,19.6054,28.851,29.6354,61.9641,-21.8272,0.343338,60.6499,-34.9597,2.55154,0.232294,0.63706,0.551946,22.6232
524,19.6974,29.0414,29.4413,62.1357,-21.8506,0.694584,60.8181,-35.2233,3.1251,0.235055,0.639117,0.549663,22.6616
525,19.798,29.2304,29.2606,62.3066,-21.8568,1.03164,60.9844,-35.4375,3.67706,0.238389,0.641085,0.547511,22.6884
526,19.907,29.4179,29.0934,62.4769,-21.8463,1.35435,61.1487,-35.6027,4.20653,0.242264,0.642964,0.545495,22.7033
527,20.0242,29.6037,28.9401,62.6463,-21.8194,1.66258,61.3108,-35.7194,4.71266,0.246642,0.644752,0.543619,22.7061
528,20.1496,29.7876,28.8008,62.8146,-21.7765,1.95621,61.4706,-35.7883,5.19467,0.251486,0.64645,0.541889,22.6967
529,20.283,29.9695,28.6759,62.9817,-21.718,2.23513,61.6279,-35.8101,5.65187,0.256756,0.648056,0.540308,22.6747
530,20.4242,30.1492,28.5654,63.1474,-21.6442,2.49926,61.7827,-35.7856,6.08358,0.262413,0.649572,0.53888,22.6401
531,20.5731,30.3264,28.4696,63.3117,-21.5554,2.74852,61.9348,-35.7157,6.48925,0.268419,0.650995,0.537608,22.5927
532,20.7294,30.5011,28.3884,63.4743,-21.452,2.98287,62.0842,-35.6012,6.86837,0.274738,0.652327,0.536496,22.5323
533,20.8929,30.6731,28.3221,63.6351,-21.3343,3.20226,62.2307,-35.4432,7.2205,0.281334,0.653567,0.535545,22.4589
534,21.0635,30.8422,28.2706,63.794,-21.2026,3.40667,62.3742,-35.2428,7.54529,0.288173,0.654716,0.534758,22.3723
535,21.2408,31.0082,28.234,63.9509,-21.0571,3.59612,62.5146,-35.001,7.84246,0.295225,0.655772,0.534136,22.2725
536,21.4248,31.1711,28.2123,64.1056,-20.8982,3.7706,62.6518,-34.7191,8.11179,0.302461,0.656737,0.533679,22.1595
537,21.6151,31.3307,28.2054,64.258,-20.7261,3.93017,62.7858,-34.3981,8.35318,0.309853,0.65761,0.533388,22.0331
538,21.8116,31.4868,28.2133,64.408,-20.5411,4.07487,62.9164,-34.0394,8.56655,0.317377,0.658393,0.533263,21.8934
539,22.0139,31.6393,28.2358,64.5554,-20.3434,4.20477,63.0436,-33.6442,8.75193,0.32501,0.659084,0.533302,21.7403
540,22.2218,31.788,28.2729,64.7002,-20.1332,4.31995,63.1673,-33.2138,8.90941,0.332731,0.659684,0.533505,21.574
541,22.435,31.9329,28.3243,64.8423,-19.9109,4.42051,63.2874,-32.7495,9.03916,0.340521,0.660195,0.53387,21.3943
542,22.6533,32.0739,28.3899,64.9815,-19.6766,4.50657,63.4039,-32.2525,9.14139,0.348364,0.660616,0.534395,21.2015
543,22.8763,32.2107,28.4696,65.1178,-19.4305,4.57826,63.5166,-31.7242,9.21643,0.356242,0.660947,0.535077,20.9955
544,23.1039,32.3433,28.563,65.2511,-19.1729,4.63571,63.6256,-31.166,9.26461,0.364142,0.66119,0.535912,20.7764
545,23.3357,32.4715,28.6699,65.3812,-18.9039,4.67907,63.7307,-30.5791,9.28636,0.37205,0.661345,0.536898,20.5444
546,23.5714,32.5954,28.79,65.508,-18.6238,4.70852,63.8319,-29.9649,9.28216,0.379955,0.661412,0.53803,20.2996
547,23.8107,32.7147,28.923,65.6316,-18.3327,4.72421,63.9292,-29.3247,9.25254,0.387845,0.661393,0.539304,20.042
548,24.0533,32.8294,29.0685,65.7518,-18.0308,4.72634,64.0225,-28.6598,9.19806,0.395712,0.661288,0.540715,19.7719
549,24.299,32.9394,29.2263,65.8685,-17.7182,4.71508,64.1118,-27.9714,9.11935,0.403545,0.661097,0.542259,19.4895
550,24.5473,33.0445,29.396,65.9817,-17.3952,4.69062,64.1969,-27.261,9.01708,0.411337,0.660822,0.543929,19.1948
551,24.7981,33.1448,29.5771,66.0913,-17.0618,4.65317,64.278,-26.5296,8.89193,0.41908,0.660464,0.545721,18.8882
552,25.051,33.2401,29.7692,66.1972,-16.7183,4.60291,64.3549,-25.7787,8.74464,0.426767,0.660023,0.547629,18.5697
553,25.3057,33.3304,29.972,66.2994,-16.3646,4.54004,64.4276,-25.0093,8.57596,0.434393,0.6595,0.549647,18.2398
554,25.5619,33.4157,30.1849,66.3978,-16.0011,4.46476,64.4961,-24.2228,8.38669,0.441951,0.658897,0.551769,17.8985
555,25.8192,33.4957,30.4076,66.4924,-15.6277,4.37725,64.5603,-23.4203,8.1776,0.449437,0.658213,0.553988,17.5462
556,26.0774,33.5706,30.6395,66.583,-15.2445,4.2777,64.6203,-22.6029,7.94954,0.456845,0.657451,0.556299,17.1831
557,26.3362,33.6402,30.8801,66.6697,-14.8517,4.16629,64.676,-21.7717,7.70331,0.464172,0.656612,0.558695,16.8096
558,26.5952,33.7045,31.1291,66.7524,-14.4493,4.04319,64.7273,-20.928,7.43978,0.471413,0.655695,0.56117,16.426
559,26.8542,33.7635,31.3858,66.8311,-14.0374,3.90854,64.7744,-20.0727,7.15977,0.478565,0.654703,0.563717,16.0327
560,27.1128,33.8171,31.6497,66.9057,-13.6161,3.76249,64.8171,-19.207,6.86414,0.485625,0.653637,0.566331,15.6299
561,27.3708,33.8653,31.9204,66.9762,-13.1853,3.60515,64.8555,-18.3318,6.55374,0.492589,0.652498,0.569003,15.2183
562,27.6278,33.9081,32.1972,67.0426,-12.745,3.43662,64.8895,-17.4482,6.22941,0.499454,0.651287,0.57173,14.7982
563,27.8836,33.9454,32.4798,67.1048,-12.2954,3.25697,64.9192,-16.5571,5.892,0.506219,0.650005,0.574503,14.3701
564,28.1379,33.9773,32.7674,67.1628,-11.8363,3.06622,64.9445,-15.6595,5.54235,0.512881,0.648654,0.577318,13.9346
565,28.3903,34.0037,33.0597,67.2166,-11.3678,2.86436,64.9655,-14.7562,5.18126,0.519438,0.647234,0.580167,13.4924
566,28.6407,34.0247,33.356,67.2662,-10.8897,2.65134,64.9822,-13.8484,4.80957,0.525888,0.645748,0.583046,13.0442
567,28.8887,34.0402,33.6558,67.3115,-10.402,2.427,64.9945,-12.9366,4.42807,0.532228,0.644197,0.585948,12.5908
568,29.1341,34.0503,33.9586,67.3526,-9.9045,2.19114,65.0025,-12.022,4.03755,0.538458,0.642581,0.588868,12.1331
569,29.3765,34.0549,34.2639,67.3894,-9.39706,1.94343,65.0062,-11.1052,3.63878,0.544576,0.640903,0.5918,11.6723
570,29.6159,34.0542,34.571,67.4219,-8.87942,1.68339,65.0056,-10.187,3.23253,0.55058,0.639164,0.594739,11.2095
571,29.8518,34.048,34.8795,67.4502,-8.35126,1.41035,65.0007,-9.26838,2.81953,0.55647,0.637366,0.59768,10.7463
572,30.084,34.0365,35.1888,67.4742,-7.81211,1.12338,64.9916,-8.34993,2.40051,0.562243,0.635509,0.600617,10.2843
573,30.3124,34.0197,35.4984,67.4939,-7.26133,0.82116,64.9782,-7.43244,1.97617,0.5679,0.633596,0.603546,9.82546
574,30.5366,33.9977,35.8078,67.5094,-6.69796,0.501836,64.9607,-6.51664,1.54721,0.573439,0.631628,0.606463,9.37217
575,30.7565,33.9704,36.1165,67.5206,-6.12053,0.162775,64.939,-5.60324,1.11429,0.578858,0.629608,0.609362,8.92709
576,30.9718,33.9379,36.424,67.5276,-5.52661,-0.199787,64.9132,-4.69291,0.678075,0.584159,0.627535,0.612239,8.49341
577,31.1823,33.9003,36.7297,67.5304,-4.9119,-0.591179,64.8834,-3.78633,0.239187,0.589338,0.625414,0.61509,8.07524
578,31.3878,33.8577,37.0333,67.529,-4.26851,-1.0185,64.8494,-2.88416,-0.201752,0.594397,0.623244,0.617912,7.6787
579,31.5881,33.81,37.3341,67.5235,-3.58148,-1.48916,64.8115,-1.98704,-0.644146,0.599333,0.621028,0.6207,7.31581
580,31.7831,33.7575,37.6319,67.5137,-2.82512,-2.00306,64.7696,-1.09559,-1.08741,0.604148,0.618769,0.62345,7.01501
581,31.9724,33.7002,37.926,67.4999,-1.97095,-2.53184,64.7239,-0.210418,-1.53099,0.608839,0.616467,0.626159,6.83778
582,32.1561,33.6381,38.216,67.482,-1.0306,-3.00743,64.6743,0.667862,-1.97433,0.613407,0.614125,0.628824,6.86109
583,32.3338,33.5713,38.5016,67.4601,-0.0840216,-3.37982,64.6209,1.53866,-2.4169,0.617851,0.611744,0.631442,7.08949
584,32.5054,33.5,38.7823,67.4341,0.794568,-3.66877,64.5637,2.40141,-2.85819,0.622171,0.609328,0.634009,7.44394
585,32.6708,33.4243,39.0576,67.4042,1.58903,-3.91624,64.503,3.25553,-3.29769,0.626366,0.606877,0.636522,7.85365
586,32.8299,33.3441,39.3273,67.3704,2.31264,-4.14719,64.4386,4.10046,-3.73494,0.630436,0.604395,0.638979,8.28547
587,32.9824,33.2598,39.5908,67.3327,2.98134,-4.37144,64.3707,4.93565,-4.16944,0.63438,0.601884,0.641378,8.7266
588,33.1283,33.1713,39.8479,67.2912,3.60695,-4.59197,64.2993,5.76055,-4.60076,0.638199,0.599345,0.643715,9.17158
589,33.2675,33.0787,40.0981,67.246,4.19749,-4.80931,64.2246,6.57463,-5.02844,0.641892,0.596781,0.645988,9.61735
590,33.3998,32.9823,40.3412,67.1971,4.75834,-5.02324,64.1466,7.37735,-5.45206,0.645459,0.594195,0.648196,10.0618
591,33.5251,32.8821,40.5768,67.1445,5.29325,-5.23336,64.0653,8.16818,-5.87119,0.648899,0.591589,0.650336,10.5032
592,33.6433,32.7783,40.8046,67.0883,5.80491,-5.43928,63.981,8.94661,-6.28544,0.652212,0.588966,0.652406,10.9401
593,33.7544,32.671,41.0243,67.0287,6.29531,-5.64069,63.8936,9.71211,-6.6944,0.655399,0.586327,0.654404,11.3715
594,33.8582,32.5602,41.2356,66.9656,6.76597,-5.83734,63.8032,10.4642,-7.0977,0.658458,0.583677,0.656329,11.7963
595,33.9547,32.4463,41.4382,66.8992,7.21811,-6.02906,63.7101,11.2023,-7.49495,0.66139,0.581017,0.658178,12.2139
596,34.0438,32.3293,41.6318,66.8295,7.65269,-6.21569,63.6141,11.926,-7.88579,0.664195,0.578351,0.659952,12.6235
597,34.1255,32.2093,41.8163,66.7566,8.07049,-6.39716,63.5155,12.6347,-8.26987,0.666872,0.57568,0.661647,13.0246
598,34.1997,32.0866,41.9914,66.6805,8.47218,-6.57339,63.4144,13.3279,-8.64684,0.669422,0.573009,0.663262,13.4169
599,34.2663,31.9612,42.1569,66.6015,8.8583,-6.74434,63.3108,14.0052,-9.01637,0.671843,0.570339,0.664798,13.7998
600,34.3254,31.8334,42.3126,66.5195,9.22933,-6.90999,63.2049,14.6661,-9.37811,0.674137,0.567674,0.666251,14.1732
601,34.3769,31.7032,42.4582,66.4346,9.58567,-7.07031,63.0968,15.31,-9.73177,0.676303,0.565018,0.667622,14.5369
602,34.4208,31.5709,42.5937,66.347,9.92767,-7.22532,62.9866,15.9366,-10.077,0.678341,0.562372,0.66891,14.8905
603,34.4571,31.4366,42.7189,66.2568,10.2556,-7.37502,62.8745,16.5452,-10.4135,0.680251,0.55974,0.670113,15.234
604,34.4857,31.3004,42.8336,66.1639,10.5698,-7.51942,62.7604,17.1355,-10.7411,0.682032,0.557126,0.671231,15.5672
605,34.5068,31.1626,42.9377,66.0687,10.8704,-7.65854,62.6447,17.7069,-11.0593,0.683686,0.554532,0.672263,15.89
606,34.5202,31.0233,43.0311,65.971,11.1577,-7.7924,62.5273,18.259,-11.3679,0.685212,0.551962,0.673209,16.2023
607,34.526,30.8827,43.1137,65.8712,11.4317,-7.92102,62.4085,18.7913,-11.6667,0.686609,0.549419,0.674067,16.5041
608,34.5242,30.7409,43.1855,65.7692,11.6927,-8.04443,62.2883,19.3033,-11.9554,0.687879,0.546906,0.674839,16.7952
609,34.515,30.5981,43.2463,65.6652,11.9408,-8.16265,62.1669,19.7947,-12.2336,0.689021,0.544427,0.675523,17.0755
610,34.4982,30.4545,43.2962,65.5592,12.1761,-8.27572,62.0444,20.2649,-12.5013,0.690035,0.541985,0.676118,17.3451
611,34.474,30.3102,43.335,65.4515,12.3986,-8.38366,61.9209,20.7136,-12.7581,0.690921,0.539582,0.676626,17.6039
612,34.4424,30.1654,43.3629,65.3421,12.6084,-8.4865,61.7967,21.1402,-13.0038,0.69168,0.537223,0.677046,17.8518
613,34.4035,30.0204,43.3797,65.2312,12.8057,-8.58428,61.6718,21.5444,-13.2381,0.692311,0.534911,0.677377,18.0888
614,34.3574,29.8752,43.3855,65.1188,12.9904,-8.67701,61.5464,21.9257,-13.461,0.692816,0.532649,0.67762,18.3148
615,34.3041,29.73,43.3803,65.0051,13.1626,-8.76473,61.4205,22.2838,-13.6721,0.693193,0.53044,0.677775,18.5298
616,34.2437,29.585,43.3642,64.8902,13.3222,-8.84747,61.2945,22.6182,-13.8712,0.693444,0.528287,0.677842,18.7338
617,34.1764,29.4403,43.3372,64.7743,13.4694,-8.92527,61.1683,22.9286,-14.0583,0.693568,0.526194,0.677822,18.9266
618,34.1021,29.2962,43.2995,64.6574,13.6041,-8.99815,61.0421,23.2146,-14.233,0.693566,0.524163,0.677715,19.1083
619,34.0211,29.1527,43.251,64.5398,13.7263,-9.06613,60.9162,23.4758,-14.3953,0.693438,0.522199,0.677521,19.2788
620,33.9333,29.0101,43.192,64.4214,13.8359,-9.12927,60.7906,23.712,-14.545,0.693185,0.520302,0.677241,19.4381
621,33.8391,28.8685,43.1225,64.3025,13.933,-9.18758,60.6654,23.9227,-14.682,0.692807,0.518478,0.676876,19.5861
622,33.7384,28.728,43.0428,64.1832,14.0175,-9.24109,60.5408,24.1077,-14.8061,0.692305,0.516727,0.676427,19.7227
623,33.6314,28.5888,42.9528,64.0636,14.0894,-9.28985,60.417,24.2667,-14.9173,0.691678,0.515054,0.675893,19.8479
624,33.5182,28.4511,42.8529,63.9439,14.1486,-9.33388,60.2941,24.3995,-15.0154,0.690928,0.51346,0.675277,19.9618
625,33.3991,28.315,42.7432,63.8241,14.1951,-9.37322,60.1723,24.5057,-15.1003,0.690054,0.511948,0.674579,20.0641
626,33.2741,28.1806,42.6239,63.7045,14.2289,-9.4079,60.0516,24.5852,-15.1721,0.689059,0.51052,0.6738,20.1549
627,33.1434,28.0481,42.4953,63.585,14.2498,-9.43797,59.9322,24.6377,-15.2306,0.687941,0.509179,0.672942,20.2342
628,33.0071,27.9176,42.3575,63.466,14.2577,-9.46346,59.8142,24.6631,-15.2758,0.686702,0.507926,0.672005,20.3018
629,32.8655,27.7893,42.2108,63.3474,14.2528,-9.48441,59.6979,24.6613,-15.3077,0.685343,0.506764,0.670992,20.3578
630,32.7187,27.6632,42.0556,63.2295,14.2347,-9.50088,59.5832,24.632,-15.3263,0.683865,0.505693,0.669904,20.4022
631,32.5668,27.5396,41.8919,63.1123,14.2035,-9.51289,59.4705,24.5753,-15.3317,0.682267,0.504716,0.668741,20.4347
632,32.4101,27.4184,41.7203,62.996,14.1591,-9.52051,59.3596,24.491,-15.3238,0.680552,0.503834,0.667507,20.4556
633,32.2488,27.2999,41.5409,62.8807,14.1014,-9.52379,59.2509,24.379,-15.3027,0.678719,0.503047,0.666203,20.4646
634,32.083,27.1842,41.354,62.7665,14.0303,-9.52277,59.1444,24.2395,-15.2686,0.67677,0.502358,0.66483,20.4619
635,31.913,27.0713,41.1601,62.6536,13.9456,-9.51752,59.0402,24.0723,-15.2214,0.674706,0.501766,0.663391,20.4473
636,31.7389,26.9613,40.9594,62.5421,13.8474,-9.50811,58.9385,23.8776,-15.1614,0.672527,0.501273,0.661887,20.4209
637,31.5609,26.8545,40.7522,62.432,13.7355,-9.4946,58.8394,23.6554,-15.0886,0.670236,0.500878,0.660322,20.3826
638,31.3793,26.7507,40.5391,62.3235,13.6097,-9.47706,58.7429,23.4059,-15.0032,0.667833,0.500582,0.658696,20.3326
639,31.1943,26.6503,40.3202,62.2168,13.4701,-9.45558,58.6492,23.1292,-14.9054,0.665318,0.500384,0.657013,20.2707
640,31.006,26.5531,40.0961,62.1118,13.3164,-9.43023,58.5584,22.8255,-14.7954,0.662695,0.500286,0.655276,20.197
641,30.8148,26.4594,39.8671,62.0088,13.1486,-9.40112,58.4705,22.495,-14.6734,0.659963,0.500285,0.653486,20.1116
642,30.6208,26.3691,39.6335,61.9079,12.9665,-9.36835,58.3857,22.1381,-14.5396,0.657124,0.500382,0.651646,20.0145
643,30.4242,26.2824,39.3959,61.809,12.77,-9.33201,58.3041,21.7549,-14.3944,0.654179,0.500575,0.649759,19.9057
644,30.2253,26.1993,39.1546,61.7125,12.5589,-9.29223,58.2257,21.3458,-14.238,0.651131,0.500865,0.647828,19.7854
645,30.0243,26.1199,38.9099,61.6182,12.3332,-9.24914,58.1506,20.9112,-14.0707,0.64798,0.501248,0.645856,19.6536
646,29.8214,26.0442,38.6625,61.5264,12.0927,-9.20288,58.0789,20.4516,-13.8928,0.644728,0.501725,0.643846,19.5105
647,29.6169,25.9722,38.4126,61.4371,11.8372,-9.15359,58.0107,19.9673,-13.7047,0.641377,0.502294,0.641801,19.3561
648,29.411,25.9041,38.1607,61.3504,11.5665,-9.10144,57.946,19.4589,-13.5068,0.637928,0.502952,0.639724,19.1908
649,29.2039,25.8399,37.9073,61.2664,11.2805,-9.0466,57.8848,18.9268,-13.2994,0.634384,0.503698,0.637618,19.0145
650,28.9959,25.7796,37.6528,61.1852,10.979,-8.98927,57.8273,18.3718,-13.083,0.630746,0.504531,0.635488,18.8276
651,28.7871,25.7232,37.3975,61.1067,10.6617,-8.92966,57.7734,17.7942,-12.858,0.627015,0.505447,0.633335,18.6302
652,28.5779,25.6708,37.142,61.0312,10.3284,-8.868,57.7232,17.1949,-12.6248,0.623194,0.506445,0.631164,18.4227
653,28.3684,25.6223,36.8867,60.9587,9.97886,-8.80452,57.6768,16.5745,-12.3839,0.619286,0.507523,0.628979,18.2053
654,28.1589,25.5779,36.632,60.8892,9.61269,-8.73948,57.6342,15.9337,-12.1357,0.615291,0.508677,0.626782,17.9785
655,27.9496,25.5375,36.3783,60.8228,9.22955,-8.67318,57.5954,15.2732,-11.8809,0.611213,0.509906,0.624577,17.7425
656,27.7408,25.501,36.1262,60.7596,8.82903,-8.60589,57.5604,14.5939,-11.6199,0.607053,0.511206,0.622369,17.4978
657,27.5326,25.4686,35.8759,60.6995,8.41062,-8.53794,57.5292,13.8966,-11.3531,0.602815,0.512575,0.620161,17.2449
658,27.3254,25.4403,35.6279,60.6427,7.97373,-8.46965,57.5019,13.1821,-11.0813,0.598499,0.51401,0.617957,16.9843
659,27.1192,25.4159,35.3827,60.5892,7.51768,-8.40131,57.4784,12.4514,-10.8049,0.59411,0.515508,0.61576,16.7168
660,26.9144,25.3955,35.1406,60.539,7.04163,-8.33324,57.4588,11.7053,-10.5244,0.589649,0.517066,0.613574,16.4429
661,26.7112,25.3791,34.9021,60.4921,6.54459,-8.26567,57.443,10.9449,-10.2405,0.585119,0.518681,0.611404,16.1635
662,26.5098,25.3667,34.6675,60.4487,6.02541,-8.19879,57.431,10.171,-9.95384,0.580524,0.520351,0.609252,15.8796
663,26.3103,25.3583,34.4372,60.4086,5.48269,-8.1326,57.4229,9.38478,-9.66487,0.575865,0.522072,0.607124,15.5923
664,26.113,25.3538,34.2116,60.372,4.91484,-8.0669,57.4185,8.5872,-9.37425,0.571147,0.52384,0.605022,15.303
665,25.9182,25.3531,33.9911,60.3388,4.32005,-8.00111,57.4179,7.77934,-9.08259,0.566371,0.525654,0.602951,15.0134
666,25.7259,25.3563,33.7761,60.309,3.69637,-7.93414,57.421,6.9623,-8.79048,0.561542,0.52751,0.600915,14.7256
667,25.5365,25.3634,33.5667,60.2828,3.04187,-7.86417,57.4278,6.13717,-8.49853,0.556663,0.529404,0.598916,14.4425
668,25.3501,25.3742,33.3635,60.2599,2.35497,-7.78842,57.4382,5.30509,-8.20735,0.551737,0.531334,0.596959,14.1676
669,25.1668,25.3888,33.1667,60.2406,1.63492,-7.703,57.4523,4.4672,-7.91755,0.546768,0.533298,0.595048,13.9056
670,24.987,25.407,32.9767,60.2246,0.882581,-7.60292,57.4699,3.62466,-7.62971,0.54176,0.53529,0.593186,13.6624
671,24.8107,25.4289,32.7937,60.2122,0.101226,-7.48252,57.4909,2.77864,-7.34444,0.536715,0.53731,0.591376,13.4451
672,24.6381,25.4544,32.618,60.2031,-0.702722,-7.33634,57.5155,1.93032,-7.06232,0.53164,0.539353,0.589623,13.2613
673,24.4694,25.4833,32.4498,60.1975,-1.51963,-7.16047,57.5434,1.08088,-6.78392,0.526537,0.541418,0.587928,13.1185
674,24.3048,25.5158,32.2895,60.1952,-2.33754,-6.9539,57.5745,0.231525,-6.5098,0.521411,0.5435,0.586297,13.0224
675,24.1444,25.5516,32.1373,60.1963,-3.14399,-6.71925,57.609,-0.616556,-6.24053,0.516266,0.545598,0.584731,12.976
676,23.9884,25.5908,31.9934,60.2007,-3.92807,-6.46238,57.6466,-1.46217,-5.97663,0.511107,0.547708,0.583233,12.9789
677,23.8369,25.6332,31.8579,60.2085,-4.68192,-6.19108,57.6873,-2.30412,-5.71862,0.505939,0.549828,0.581807,13.0274
678,23.69,25.6788,31.7312,60.2195,-5.40118,-5.91345,57.7309,-3.14122,-5.46699,0.500767,0.551955,0.580456,13.116
679,23.548,25.7276,31.6133,60.2337,-6.08451,-5.63666,57.7776,-3.9723,-5.22224,0.495596,0.554086,0.579181,13.2381
680,23.4109,25.7794,31.5045,60.2511,-6.73265,-5.36629,57.827,-4.79618,-4.98482,0.490431,0.556219,0.577985,13.3871
681,23.2788,25.8341,31.4048,60.2716,-7.34754,-5.10627,57.8792,-5.61172,-4.75515,0.485278,0.558352,0.57687,13.5571
682,23.1519,25.8917,31.3144,60.2952,-7.93157,-4.8591,57.9341,-6.41778,-4.53366,0.480142,0.560481,0.575838,13.7429
683,23.0302,25.9521,31.2334,60.3218,-8.48719,-4.62616,57.9915,-7.21324,-4.32073,0.47503,0.562606,0.574892,13.94
684,22.914,26.0152,31.1619,60.3513,-9.01666,-4.40809,58.0515,-7.997,-4.11671,0.469947,0.564722,0.574032,14.145
685,22.8032,26.0809,31.1,60.3838,-9.52196,-4.20502,58.1138,-8.768,-3.92194,0.464899,0.566828,0.57326,14.3548
686,22.6979,26.1491,31.0477,60.4191,-10.0048,-4.01675,58.1783,-9.52518,-3.73672,0.459894,0.568923,0.572578,14.5669
687,22.5983,26.2198,31.0051,60.4573,-10.4665,-3.84291,58.2451,-10.2675,-3.56131,0.454938,0.571003,0.571986,14.7794
688,22.5043,26.2929,30.9721,60.4981,-10.9083,-3.68302,58.314,-10.9941,-3.39597,0.450037,0.573067,0.571485,14.9904
689,22.4162,26.3681,30.9489,60.5415,-11.3312,-3.53656,58.3848,-11.7039,-3.2409,0.445199,0.575112,0.571076,15.1985
690,22.3339,26.4455,30.9353,60.5875,-11.736,-3.40301,58.4576,-12.396,-3.09629,0.44043,0.577138,0.570759,15.4026
691,22.2574,26.525,30.9314,60.636,-12.1233,-3.28185,58.5321,-13.0696,-2.96227,0.43574,0.579141,0.570535,15.6016
692,22.1869,26.6065,30.9371,60.687,-12.4937,-3.17258,58.6083,-13.7237,-2.83898,0.431134,0.581121,0.570402,15.7946
693,22.1224,26.6897,30.9524,60.7402,-12.8477,-3.07471,58.686,-14.3577,-2.7265,0.42662,0.583075,0.570361,15.981
694,22.0639,26.7748,30.9771,60.7958,-13.1857,-2.9878,58.7653,-14.9708,-2.62488,0.422207,0.585001,0.570412,16.1601
695,22.0113,26.8615,31.0112,60.8534,-13.5082,-2.91141,58.8459,-15.5623,-2.53416,0.417903,0.5869,0.570553,16.3313
696,21.9649,26.9497,31.0546,60.9132,-13.8153,-2.84513,58.9278,-16.1314,-2.45433,0.413715,0.588767,0.570784,16.4943
697,21.9244,27.0394,31.1071,60.975,-14.1075,-2.78858,59.0108,-16.6777,-2.38535,0.409651,0.590603,0.571103,16.6486
698,21.8901,27.1305,31.1687,61.0387,-14.385,-2.7414,59.0949,-17.2005,-2.32717,0.405721,0.592406,0.571509,16.794
699,21.8617,27.2227,31.2391,61.1042,-14.648,-2.70321,59.1799,-17.6993,-2.2797,0.401931,0.594175,0.572002,16.9302
700,21.8394,27.3161,31.3181,61.1715,-14.8967,-2.67369,59.2658,-18.1737,-2.24281,0.39829,0.595907,0.572578,17.057
701,21.8232,27.4106,31.4057,61.2404,-15.1314,-2.65251,59.3524,-18.6232,-2.21638,0.394806,0.597603,0.573236,17.1742
702,21.8129,27.5059,31.5016,61.3109,-15.3523,-2.63936,59.4397,-19.0475,-2.20023,0.391487,0.599261,0.573974,17.2818
703,21.8086,27.6021,31.6056,61.3828,-15.5595,-2.63393,59.5275,-19.4463,-2.19418,0.388341,0.600879,0.574789,17.3796
704,21.8101,27.699,31.7174,61.4561,-15.7533,-2.63592,59.6158,-19.8192,-2.198,0.385375,0.602457,0.57568,17.4675
705,21.8176,27.7965,31.8369,61.5307,-15.9338,-2.64504,59.7044,-20.1662,-2.21149,0.382596,0.603993,0.576644,17.5457
706,21.8309,27.8944,31.9637,61.6065,-16.1012,-2.66102,59.7933,-20.487,-2.23437,0.380012,0.605487,0.577678,17.6139
707,21.85,27.9928,32.0977,61.6834,-16.2556,-2.68357,59.8823,-20.7815,-2.26638,0.377629,0.606938,0.57878,17.6723
708,21.8747,28.0915,32.2386,61.7613,-16.3973,-2.71244,59.9713,-21.0496,-2.30724,0.375452,0.608346,0.579946,17.7209
709,21.9051,28.1903,32.386,61.8401,-16.5263,-2.74735,60.0603,-21.2914,-2.35665,0.373488,0.609708,0.581173,17.7597
710,21.9411,28.2893,32.5397,61.9197,-16.643,-2.78806,60.1492,-21.5068,-2.41429,0.371742,0.611025,0.582459,17.7888
711,21.9825,28.3882,32.6994,62,-16.7473,-2.83429,60.2378,-21.696,-2.47983,0.370218,0.612295,0.5838,17.8083
712,22.0293,28.4869,32.8647,62.081,-16.8395,-2.88582,60.3261,-21.859,-2.55294,0.36892,0.613519,0.585193,17.8183
713,22.0814,28.5855,33.0355,62.1625,-16.9196,-2.94239,60.414,-21.9959,-2.63327,0.36785,0.614695,0.586635,17.8188
714,22.1387,28.6837,33.2112,62.2444,-16.988,-3.00376,60.5014,-22.1071,-2.72047,0.367012,0.615823,0.588123,17.8099
715,22.2011,28.7815,33.3917,62.3267,-17.0446,-3.0697,60.5883,-22.1927,-2.81417,0.366407,0.616903,0.589652,17.7919
716,22.2685,28.8787,33.5766,62.4093,-17.0897,-3.13999,60.6744,-22.253,-2.91401,0.366035,0.617934,0.59122,17.7648
717,22.3407,28.9753,33.7654,62.492,-17.1233,-3.21439,60.7599,-22.2883,-3.01962,0.365897,0.618916,0.592824,17.7287
718,22.4177,29.0712,33.958,62.5748,-17.1457,-3.29269,60.8444,-22.2989,-3.13062,0.365993,0.619848,0.594459,17.6837
719,22.4993,29.1663,34.1539,62.6576,-17.157,-3.37466,60.9281,-22.2852,-3.24664,0.36632,0.620729,0.596122,17.6301
720,22.5853,29.2605,34.3528,62.7404,-17.1573,-3.46011,61.0108,-22.2477,-3.36729,0.366877,0.621561,0.597811,17.5679
721,22.6758,29.3536,34.5543,62.8229,-17.1466,-3.54881,61.0924,-22.1867,-3.49221,0.367661,0.622342,0.599521,17.4972
722,22.7705,29.4456,34.758,62.9052,-17.1253,-3.64057,61.1729,-22.1027,-3.62102,0.368667,0.623072,0.601249,17.4184
723,22.8692,29.5365,34.9637,62.9872,-17.0933,-3.7352,61.2522,-21.9962,-3.75335,0.369891,0.623751,0.602992,17.3314
724,22.9719,29.6261,35.1709,63.0687,-17.0509,-3.83249,61.3302,-21.8676,-3.88883,0.371329,0.624379,0.604746,17.2364
725,23.0784,29.7143,35.3792,63.1497,-16.9981,-3.93227,61.4069,-21.7176,-4.02708,0.372976,0.624956,0.606508,17.1336
726,23.1885,29.801,35.5884,63.2302,-16.9351,-4.03434,61.4822,-21.5465,-4.16776,0.374824,0.625482,0.608275,17.0232
727,23.3021,29.8862,35.798,63.3099,-16.8619,-4.13853,61.5559,-21.3551,-4.31051,0.376867,0.625956,0.610044,16.9053
728,23.4191,29.9698,36.0078,63.389,-16.7787,-4.24466,61.6282,-21.1439,-4.45497,0.379099,0.62638,0.611812,16.78
729,23.5392,30.0517,36.2172,63.4672,-16.6857,-4.35257,61.6988,-20.9134,-4.6008,0.381511,0.626752,0.613575,16.6476
730,23.6624,30.1319,36.4261,63.5445,-16.5828,-4.46209,61.7678,-20.6642,-4.74767,0.384098,0.627073,0.61533,16.5082
731,23.7883,30.2102,36.634,63.6209,-16.4703,-4.57305,61.8351,-20.397,-4.89524,0.386849,0.627344,0.617076,16.362
732,23.917,30.2865,36.8405,63.6962,-16.3482,-4.6853,61.9007,-20.1123,-5.04321,0.389758,0.627563,0.618807,16.209
733,24.0482,30.3609,37.0454,63.7704,-16.2166,-4.79869,61.9644,-19.8109,-5.19124,0.392817,0.627733,0.620523,16.0496
734,24.1817,30.4332,37.2484,63.8435,-16.0756,-4.91307,62.0262,-19.4932,-5.33904,0.396017,0.627851,0.62222,15.8839
735,24.3175,30.5034,37.4489,63.9153,-15.9253,-5.02829,62.0862,-19.16,-5.48632,0.399349,0.62792,0.623896,15.7121
736,24.4552,30.5714,37.6469,63.9858,-15.7658,-5.14421,62.1442,-18.8118,-5.63278,0.402806,0.627939,0.625547,15.5343
737,24.5947,30.6372,37.8419,64.055,-15.5972,-5.2607,62.2002,-18.4494,-5.77814,0.406379,0.627908,0.627172,15.3507
738,24.736,30.7007,38.0336,64.1227,-15.4196,-5.37762,62.2541,-18.0733,-5.92215,0.410059,0.627829,0.628768,15.1616
739,24.8787,30.7618,38.2217,64.189,-15.233,-5.49484,62.306,-17.6841,-6.06453,0.41384,0.627701,0.630334,14.9672
740,25.0227,30.8204,38.4059,64.2538,-15.0376,-5.61224,62.3558,-17.2826,-6.20504,0.417713,0.627524,0.631865,14.7676
741,25.1679,30.8767,38.586,64.3169,-14.8333,-5.72968,62.4034,-16.8693,-6.34344,0.421669,0.6273,0.633362,14.5631
742,25.314,30.9304,38.7617,64.3785,-14.6203,-5.84704,62.4488,-16.4449,-6.4795,0.425702,0.627029,0.634821,14.3539
743,25.461,30.9816,38.9326,64.4383,-14.3986,-5.9642,62.4921,-16.01,-6.61299,0.429804,0.62671,0.636241,14.1403
744,25.6085,31.0301,39.0985,64.4964,-14.1682,-6.08105,62.5331,-15.5652,-6.74371,0.433967,0.626346,0.637619,13.9224
745,25.7566,31.0761,39.2593,64.5528,-13.9293,-6.19745,62.5718,-15.1111,-6.87144,0.438185,0.625936,0.638954,13.7007
746,25.9049,31.1193,39.4146,64.6073,-13.6819,-6.3133,62.6082,-14.6484,-6.996,0.44245,0.62548,0.640245,13.4754
747,26.0533,31.1599,39.5642,64.66,-13.4261,-6.42847,62.6424,-14.1776,-7.11721,0.446757,0.624981,0.64149,13.2468
748,26.2017,31.1978,39.7078,64.7108,-13.1617,-6.54285,62.6742,-13.6994,-7.23488,0.451098,0.624437,0.642687,13.0152
749,26.3499,31.2329,39.8454,64.7596,-12.889,-6.6563,62.7037,-13.2143,-7.34886,0.455467,0.623851,0.643834,12.781
750,26.4976,31.2652,39.9767,64.8065,-12.608,-6.76872,62.7309,-12.723,-7.45899,0.459859,0.623222,0.644932,12.5447
751,26.6449,31.2948,40.1015,64.8514,-12.3186,-6.87996,62.7557,-12.2259,-7.56511,0.464267,0.622552,0.645978,12.3065
752,26.7914,31.3215,40.2197,64.8943,-12.0208,-6.9899,62.7781,-11.7237,-7.6671,0.468687,0.621841,0.646971,12.0671
753,26.9371,31.3454,40.331,64.9351,-11.7148,-7.09841,62.7981,-11.217,-7.76482,0.473112,0.621091,0.64791,11.8268
754,27.0818,31.3665,40.4354,64.9738,-11.4005,-7.20532,62.8158,-10.7062,-7.85816,0.477538,0.620301,0.648795,11.5864
755,27.2253,31.3848,40.5327,65.0105,-11.078,-7.3105,62.8311,-10.1919,-7.947,0.481959,0.619473,0.649624,11.3463
756,27.3675,31.4002,40.6228,65.045,-10.7471,-7.41376,62.844,-9.67467,-8.03125,0.486372,0.618608,0.650397,11.1072
757,27.5083,31.4128,40.7056,65.0774,-10.408,-7.51494,62.8546,-9.15502,-8.1108,0.490772,0.617706,0.651113,10.87
758,27.6475,31.4226,40.781,65.1076,-10.0607,-7.61384,62.8627,-8.63346,-8.18557,0.495153,0.61677,0.651772,10.6354
759,27.7849,31.4295,40.8489,65.1357,-9.70514,-7.71025,62.8686,-8.11049,-8.25549,0.499513,0.615799,0.652372,10.4043
760,27.9205,31.4337,40.9092,65.1617,-9.34133,-7.80392,62.872,-7.58661,-8.32049,0.503847,0.614794,0.652914,10.1777
761,28.054,31.435,40.9619,65.1854,-8.9693,-7.8946,62.8732,-7.0623,-8.3805,0.508152,0.613758,0.653397,9.95669
762,28.1855,31.4336,41.007,65.207,-8.58908,-7.98201,62.872,-6.53804,-8.43548,0.512424,0.61269,0.653821,9.74248
763,28.3147,31.4294,41.0444,65.2263,-8.20071,-8.06582,62.8685,-6.01431,-8.48538,0.516659,0.611593,0.654186,9.53634
764,28.4415,31.4225,41.0741,65.2435,-7.80424,-8.14568,62.8627,-5.49154,-8.53017,0.520854,0.610466,0.654491,9.33966
765,28.5659,31.4129,41.0961,65.2586,-7.39976,-8.22119,62.8547,-4.9702,-8.56983,0.525007,0.609312,0.654737,9.15395
766,28.6877,31.4007,41.1104,65.2714,-6.98739,-8.29193,62.8444,-4.45071,-8.60432,0.529114,0.608131,0.654924,8.98078
767,28.8068,31.3858,41.1171,65.2821,-6.56731,-8.35741,62.8319,-3.93352,-8.63364,0.533173,0.606925,0.655052,8.82181
768,28.923,31.3683,41.1161,65.2906,-6.13972,-8.4171,62.8173,-3.41902,-8.65779,0.53718,0.605695,0.655122,8.67875
769,29.0365,31.3482,41.1076,65.2969,-5.70494,-8.47045,62.8005,-2.90764,-8.67676,0.541133,0.604441,0.655132,8.5533
770,29.1469,31.3257,41.0916,65.3011,-5.26334,-8.51685,62.7816,-2.39978,-8.69058,0.54503,0.603167,0.655085,8.44715
771,29.2543,31.3006,41.0681,65.3032,-4.81539,-8.55565,62.7606,-1.89581,-8.69927,0.548869,0.601872,0.65498,8.36188
772,29.3585,31.2732,41.0374,65.3032,-4.36169,-8.58619,62.7376,-1.39612,-8.70284,0.552648,0.600558,0.654818,8.29891
773,29.4595,31.2434,40.9993,65.3012,-3.90296,-8.60779,62.7126,-0.901086,-8.70133,0.556363,0.599227,0.6546,8.25946
774,29.5572,31.2113,40.9541,65.297,-3.44007,-8.6198,62.6856,-0.41106,-8.6948,0.560014,0.597879,0.654326,8.24443
775,29.6516,31.1769,40.902,65.2908,-2.97403,-8.62158,62.6567,0.0736052,-8.68328,0.563599,0.596517,0.653997,8.25435
776,29.7425,31.1403,40.8429,65.2827,-2.50601,-8.61257,62.6259,0.552568,-8.66683,0.567116,0.595141,0.653615,8.28937
777,29.83,31.1016,40.7771,65.2725,-2.0373,-8.59228,62.5933,1.0255,-8.64552,0.570563,0.593753,0.653179,8.34919
778,29.914,31.0609,40.7047,65.2604,-1.56934,-8.56037,62.559,1.49207,-8.61942,0.573938,0.592355,0.652691,8.43307
779,29.9944,31.0181,40.626,65.2464,-1.10367,-8.51664,62.5229,1.95197,-8.5886,0.577241,0.590947,0.652152,8.53983
780,30.0712,30.9734,40.541,65.2305,-0.641884,-8.46108,62.4852,2.40489,-8.55316,0.58047,0.589531,0.651563,8.66793
781,30.1443,30.9269,40.4499,65.2128,-0.185609,-8.39384,62.4458,2.85055,-8.51319,0.583624,0.58811,0.650925,8.8155
782,30.2138,30.8785,40.3529,65.1932,0.263555,-8.3153,62.4049,3.28865,-8.46878,0.586701,0.586683,0.65024,8.98045
783,30.2796,30.8284,40.2503,65.1719,0.704082,-8.22603,62.3625,3.71893,-8.42004,0.589701,0.585253,0.649509,9.16052
784,30.3417,30.7767,40.1423,65.1489,1.13457,-8.12675,62.3187,4.1411,-8.36708,0.592622,0.583821,0.648734,9.35339
785,30.4,30.7235,40.029,65.1242,1.55377,-8.01836,62.2735,4.55492,-8.31003,0.595464,0.582389,0.647915,9.55677
786,30.4546,30.6687,39.9107,65.0979,1.96061,-7.90185,62.2269,4.96013,-8.24901,0.598225,0.580958,0.647054,9.76843
787,30.5055,30.6125,39.7877,65.0699,2.35426,-7.77828,62.1792,5.35649,-8.18414,0.600905,0.579529,0.646153,9.9863
788,30.5526,30.555,39.66,65.0405,2.73406,-7.64874,62.1302,5.74378,-8.11557,0.603504,0.578104,0.645213,10.2085
789,30.596,30.4963,39.5281,65.0095,3.09956,-7.51432,62.0801,6.12177,-8.04345,0.60602,0.576685,0.644236,10.4332
790,30.6356,30.4363,39.3922,64.9771,3.45052,-7.37608,62.0289,6.49024,-7.96792,0.608452,0.575273,0.643225,10.659
791,30.6715,30.3753,39.2524,64.9434,3.78683,-7.23499,61.9767,6.849,-7.88913,0.610801,0.573869,0.642179,10.8845
792,30.7037,30.3133,39.1091,64.9083,4.10855,-7.09197,61.9236,7.19785,-7.80726,0.613066,0.572475,0.641103,11.1087
793,30.7323,30.2504,38.9626,64.8719,4.41584,-6.94782,61.8697,7.5366,-7.72246,0.615247,0.571092,0.639996,11.3305
794,30.7571,30.1867,38.813,64.8342,4.70894,-6.80326,61.8149,7.86507,-7.63492,0.617342,0.569722,0.638861,11.5492
795,30.7784,30.1222,38.6606,64.7955,4.98816,-6.65893,61.7595,8.18309,-7.5448,0.619352,0.568366,0.637701,11.7642
796,30.796,30.057,38.5058,64.7556,5.25384,-6.51535,61.7034,8.49052,-7.45229,0.621277,0.567026,0.636516,11.9748
797,30.8101,29.9912,38.3489,64.7146,5.50637,-6.37298,61.6467,8.78718,-7.35757,0.623117,0.565702,0.63531,12.1807
798,30.8206,29.925,38.1899,64.6726,5.74613,-6.2322,61.5895,9.07295,-7.26085,0.62487,0.564397,0.634083,12.3814
799,30.8277,29.8584,38.0294,64.6297,5.9735,-6.09332,61.5318,9.34769,-7.16231,0.626538,0.563112,0.632839,12.5768
800,30.8313,29.7914,37.8674,64.586,6.18885,-5.95661,61.4738,9.61127,-7.06216,0.628119,0.561848,0.631579,12.7665
801,30.8316,29.7241,37.7044,64.5414,6.39254,-5.82228,61.4155,9.86359,-6.9606,0.629615,0.560605,0.630305,12.9504
802,30.8285,29.6567,37.5406,64.496,6.58491,-5.69051,61.3569,10.1045,-6.85784,0.631025,0.559387,0.62902,13.1283
803,30.8221,29.5893,37.3762,64.45,6.76629,-5.56144,61.2982,10.334,-6.75409,0.632349,0.558193,0.627725,13.3002
804,30.8126,29.5218,37.2115,64.4033,6.93697,-5.43518,61.2394,10.5519,-6.64957,0.633587,0.557025,0.626424,13.4658
805,30.7998,29.4544,37.0469,64.356,7.09724,-5.31185,61.1806,10.7582,-6.54448,0.63474,0.555884,0.625117,13.6252
806,30.784,29.3871,36.8825,64.3082,7.24735,-5.19153,61.1218,10.9528,-6.43907,0.635807,0.554771,0.623808,13.7782
807,30.7652,29.3201,36.7187,64.26,7.38754,-5.07428,61.0631,11.1356,-6.33353,0.636789,0.553688,0.622498,13.9248
808,30.7434,29.2534,36.5558,64.2113,7.51803,-4.96019,61.0046,11.3065,-6.22811,0.637686,0.552635,0.621189,14.065
809,30.7187,29.1871,36.3939,64.1623,7.63903,-4.8493,60.9464,11.4656,-6.12302,0.638499,0.551614,0.619885,14.1987
810,30.6912,29.1212,36.2333,64.1131,7.75071,-4.74167,60.8885,11.6129,-6.01849,0.639227,0.550625,0.618587,14.3259
811,30.6609,29.0559,36.0743,64.0636,7.85325,-4.63736,60.8309,11.7482,-5.91475,0.639871,0.549669,0.617297,14.4465
812,30.628,28.9912,35.9172,64.0139,7.94682,-4.53642,60.7738,11.8715,-5.81202,0.640433,0.548747,0.616017,14.5606
813,30.5925,28.9271,35.7622,63.9642,8.03156,-4.43891,60.7172,11.9829,-5.71053,0.64091,0.547861,0.61475,14.6682
814,30.5545,28.8638,35.6096,63.9144,8.1076,-4.34488,60.6612,12.0824,-5.6105,0.641306,0.547011,0.613498,14.7691
815,30.514,28.8012,35.4595,63.8646,8.17507,-4.25439,60.6058,12.17,-5.51216,0.641619,0.546197,0.612263,14.8635
816,30.4712,28.7396,35.3122,63.8149,8.2341,-4.16749,60.5511,12.2456,-5.41572,0.641851,0.545421,0.611047,14.9512
817,30.4261,28.6788,35.1679,63.7654,8.28479,-4.08425,60.4971,12.3093,-5.32142,0.642002,0.544682,0.609852,15.0324
818,30.3788,28.6191,35.0269,63.716,8.32724,-4.00473,60.444,12.3612,-5.22945,0.642072,0.543982,0.60868,15.107
819,30.3294,28.5604,34.8894,63.6668,8.36157,-3.92898,60.3917,12.4013,-5.14005,0.642062,0.543322,0.607534,15.1749
820,30.278,28.5028,34.7555,63.618,8.38786,-3.85709,60.3403,12.4297,-5.0534,0.641973,0.542701,0.606414,15.2363
821,30.2247,28.4463,34.6255,63.5694,8.4062,-3.78911,60.2898,12.4464,-4.96973,0.641806,0.54212,0.605324,15.291
822,30.1694,28.3911,34.4996,63.5213,8.41668,-3.72512,60.2404,12.4514,-4.88922,0.641561,0.54158,0.604264,15.3392
823,30.1124,28.3371,34.3778,63.4736,8.41937,-3.6652,60.1921,12.4449,-4.81206,0.641238,0.541081,0.603238,15.3808
824,30.0538,28.2844,34.2605,63.4264,8.41437,-3.60942,60.1448,12.427,-4.73846,0.640839,0.540623,0.602245,15.4158
825,29.9935,28.2331,34.1478,63.3798,8.40174,-3.55786,60.0987,12.3977,-4.66857,0.640364,0.540206,0.601289,15.4443
826,29.9316,28.1831,34.0398,63.3337,8.38155,-3.51059,60.0538,12.3572,-4.60258,0.639814,0.539831,0.60037,15.4663
827,29.8684,28.1346,33.9367,63.2882,8.35388,-3.46771,60.0102,12.3055,-4.54066,0.63919,0.539498,0.599491,15.4818
828,29.8037,28.0876,33.8386,63.2435,8.31878,-3.4293,59.9678,12.2428,-4.48295,0.638493,0.539207,0.598652,15.4908
829,29.7378,28.0421,33.7456,63.1994,8.27634,-3.39545,59.9267,12.1692,-4.4296,0.637723,0.538957,0.597855,15.4933
830,29.6707,27.9981,33.6579,63.1561,8.2266,-3.36624,59.887,12.0848,-4.38076,0.636881,0.53875,0.597102,15.4894
831,29.6025,27.9557,33.5756,63.1136,8.16964,-3.34177,59.8487,11.9898,-4.33655,0.635969,0.538584,0.596394,15.4792
832,29.5332,27.9149,33.4988,63.0719,8.10549,-3.32213,59.8117,11.8843,-4.29708,0.634986,0.53846,0.595731,15.4625
833,29.463,27.8757,33.4276,63.0311,8.03422,-3.30743,59.7763,11.7686,-4.26247,0.633934,0.538378,0.595115,15.4396
834,29.3918,27.8382,33.362,62.9912,7.95586,-3.29776,59.7423,11.6426,-4.23282,0.632815,0.538337,0.594546,15.4104
835,29.3199,27.8024,33.3022,62.9523,7.87048,-3.29323,59.7098,11.5067,-4.20821,0.631628,0.538337,0.594026,15.375
836,29.2473,27.7683,33.2482,62.9143,7.7781,-3.29395,59.6788,11.361,-4.18871,0.630375,0.538378,0.593556,15.3335
837,29.174,27.7359,33.2,62.8773,7.67875,-3.30003,59.6494,11.2056,-4.17439,0.629056,0.538459,0.593135,15.2858
838,29.1001,27.7052,33.1577,62.8413,7.57246,-3.31158,59.6215,11.0408,-4.1653,0.627674,0.538581,0.592765,15.232
839,29.0257,27.6764,33.1214,62.8064,7.45925,-3.32875,59.5952,10.8667,-4.16147,0.626228,0.538742,0.592446,15.1722
840,28.9509,27.6492,33.091,62.7725,7.33913,-3.35164,59.5705,10.6836,-4.16295,0.62472,0.538942,0.592178,15.1065
841,28.8757,27.6239,33.0667,62.7398,7.21208,-3.3804,59.5474,10.4917,-4.16973,0.623152,0.539181,0.591962,15.0349
842,28.8002,27.6003,33.0483,62.7082,7.07808,-3.41516,59.5259,10.2911,-4.18184,0.621523,0.539458,0.591798,14.9575
843,28.7245,27.5786,33.0359,62.6777,6.93711,-3.45608,59.5061,10.0821,-4.19924,0.619836,0.539772,0.591686,14.8744
844,28.6486,27.5586,33.0294,62.6484,6.7891,-3.5033,59.4879,9.86494,-4.22193,0.61809,0.540123,0.591625,14.7855
845,28.5727,27.5405,33.029,62.6202,6.63398,-3.55699,59.4713,9.63981,-4.24987,0.616289,0.54051,0.591616,14.691
846,28.4967,27.5241,33.0344,62.5933,6.47163,-3.61731,59.4564,9.40695,-4.28301,0.614432,0.540933,0.591658,14.591
847,28.4207,27.5096,33.0457,62.5675,6.30193,-3.68442,59.4431,9.16659,-4.3213,0.612521,0.54139,0.591752,14.4856
848,28.3448,27.4968,33.0629,62.543,6.1247,-3.75848,59.4314,8.91899,-4.36466,0.610557,0.541881,0.591896,14.3747
849,28.269,27.4859,33.0858,62.5197,5.93973,-3.83967,59.4214,8.66438,-4.41302,0.608542,0.542406,0.59209,14.2585
850,28.1935,27.4767,33.1145,62.4976,5.74675,-3.92813,59.413,8.40302,-4.46628,0.606476,0.542962,0.592333,14.1372
851,28.1182,27.4693,33.1487,62.4767,5.54546,-4.02398,59.4062,8.13516,-4.52433,0.604362,0.543551,0.592625,14.0107
852,28.0432,27.4636,33.1885,62.4572,5.33549,-4.12734,59.401,7.86105,-4.58706,0.6022,0.544169,0.592965,13.8792
853,27.9686,27.4597,33.2338,62.4388,5.11641,-4.23823,59.3975,7.58096,-4.65435,0.599992,0.544818,0.593352,13.743
854,27.8945,27.4576,33.2844,62.4217,4.88774,-4.35666,59.3955,7.29514,-4.72606,0.597739,0.545495,0.593784,13.602
855,27.8207,27.4571,33.3402,62.4059,4.64897,-4.48252,59.3951,7.00387,-4.80204,0.595442,0.5462,0.594262,13.4567
856,27.7475,27.4584,33.4012,62.3913,4.3995,-4.61559,59.3963,6.70742,-4.88214,0.593104,0.546932,0.594782,13.3073
857,27.6749,27.4614,33.4671,62.378,4.13878,-4.75551,59.399,6.40604,-4.96619,0.590725,0.54769,0.595346,13.1542
858,27.6028,27.466,33.538,62.3659,3.86622,-4.90175,59.4032,6.10002,-5.05403,0.588308,0.548473,0.59595,12.9979
859,27.5314,27.4722,33.6135,62.355,3.58131,-5.05358,59.4089,5.78964,-5.14546,0.585853,0.54928,0.596594,12.839
860,27.4607,27.4801,33.6936,62.3454,3.28368,-5.21006,59.4161,5.47516,-5.24031,0.583363,0.550109,0.597276,12.6784
861,27.3908,27.4896,33.7781,62.337,2.97309,-5.37004,59.4248,5.15686,-5.33838,0.580839,0.550961,0.597995,12.5171
862,27.3215,27.5006,33.8668,62.3299,2.64958,-5.5322,59.4348,4.83502,-5.43946,0.578282,0.551833,0.598749,12.3561
863,27.2531,27.5131,33.9596,62.3239,2.31349,-5.69506,59.4463,4.50993,-5.54335,0.575694,0.552726,0.599537,12.1969
864,27.1856,27.5272,34.0563,62.3191,1.96549,-5.85708,59.4592,4.18186,-5.64983,0.573078,0.553637,0.600356,12.041
865,27.1189,27.5427,34.1568,62.3155,1.60661,-6.01674,59.4733,3.85109,-5.75869,0.570435,0.554565,0.601205,11.8898
866,27.0531,27.5597,34.2607,62.3131,1.23822,-6.1726,59.4888,3.51791,-5.8697,0.567766,0.555511,0.602082,11.7452
867,26.9882,27.5781,34.368,62.3119,0.861963,-6.32344,59.5056,3.18259,-5.98264,0.565074,0.556471,0.602986,11.6085
868,26.9243,27.5978,34.4785,62.3117,0.479675,-6.46827,59.5236,2.84542,-6.09728,0.56236,0.557447,0.603914,11.4813
869,26.8614,27.6189,34.5919,62.3127,0.0932781,-6.60641,59.5428,2.50667,-6.21339,0.559627,0.558436,0.604865,11.3649
870,26.7996,27.6412,34.708,62.3148,-0.295309,-6.73747,59.5632,2.16663,-6.33073,0.556876,0.559437,0.605837,11.2601
871,26.7387,27.6649,34.8266,62.318,-0.684268,-6.86131,59.5848,1.82557,-6.44907,0.55411,0.56045,0.606828,11.1679
872,26.679,27.6897,34.9475,62.3223,-1.07194,-6.97805,59.6074,1.48378,-6.56817,0.55133,0.561473,0.607835,11.0886
873,26.6203,27.7158,35.0705,62.3276,-1.45688,-7.08793,59.6311,1.14153,-6.68779,0.548539,0.562505,0.608857,11.0225
874,26.5628,27.743,35.1954,62.3339,-1.83786,-7.19135,59.6558,0.799091,-6.80771,0.545738,0.563545,0.609892,10.9694
875,26.5064,27.7712,35.3219,62.3412,-2.21387,-7.28875,59.6815,0.456746,-6.92767,0.542931,0.564592,0.610938,10.9293
876,26.4511,27.8006,35.4499,62.3495,-2.58411,-7.3806,59.7081,0.114764,-7.04746,0.540118,0.565645,0.611993,10.9016
877,26.397,27.8309,35.579,62.3587,-2.94797,-7.46737,59.7357,-0.226582,-7.16683,0.537304,0.566703,0.613055,10.8858
878,26.3441,27.8622,35.7091,62.3688,-3.30498,-7.54948,59.764,-0.567023,-7.28556,0.534489,0.567766,0.614122,10.8814
879,26.2924,27.8944,35.8399,62.3799,-3.6548,-7.62733,59.7932,-0.906292,-7.40342,0.531676,0.568831,0.615192,10.8875
880,26.2419,27.9275,35.9712,62.3918,-3.99721,-7.70125,59.8232,-1.24412,-7.52018,0.528868,0.569898,0.616263,10.9035
881,26.1927,27.9615,36.1028,62.4046,-4.33206,-7.77155,59.8539,-1.58025,-7.63563,0.526068,0.570966,0.617334,10.9287
882,26.1447,27.9962,36.2344,62.4182,-4.65924,-7.83846,59.8853,-1.91442,-7.74954,0.523276,0.572033,0.618401,10.9621
883,26.0979,28.0316,36.3659,62.4326,-4.97873,-7.90219,59.9173,-2.24636,-7.8617,0.520497,0.5731,0.619464,11.0032
884,26.0524,28.0678,36.4969,62.4478,-5.29051,-7.96289,59.9499,-2.57582,-7.97192,0.517733,0.574164,0.62052,11.051
885,26.0082,28.1046,36.6273,62.4636,-5.59458,-8.0207,59.9831,-2.90256,-8.07997,0.514987,0.575226,0.621568,11.105
886,25.9653,28.1419,36.7568,62.4802,-5.891,-8.07571,60.0168,-3.2263,-8.18568,0.51226,0.576283,0.622606,11.1643
887,25.9237,28.1799,36.8852,62.4975,-6.17978,-8.12798,60.0509,-3.54682,-8.28885,0.509556,0.577335,0.623632,11.2284
888,25.8834,28.2183,37.0124,62.5154,-6.46099,-8.17758,60.0854,-3.86386,-8.38929,0.506877,0.578382,0.624644,11.2964
889,25.8444,28.2571,37.138,62.534,-6.73468,-8.22453,60.1203,-4.17718,-8.48682,0.504227,0.579421,0.625641,11.368
890,25.8067,28.2964,37.2619,62.5531,-7.0009,-8.26886,60.1556,-4.48653,-8.58129,0.501608,0.580453,0.626621,11.4423
891,25.7704,28.336,37.3838,62.5728,-7.2597,-8.31057,60.1911,-4.79169,-8.67251,0.499023,0.581476,0.627583,11.519
892,25.7353,28.3759,37.5037,62.593,-7.51114,-8.34967,60.2268,-5.09242,-8.76034,0.496474,0.582489,0.628525,11.5975
893,25.7016,28.416,37.6212,62.6136,-7.75527,-8.38615,60.2627,-5.38848,-8.84463,0.493965,0.583492,0.629445,11.6772
894,25.6693,28.4564,37.7361,62.6348,-7.99214,-8.42,60.2988,-5.67966,-8.92524,0.491498,0.584483,0.630342,11.7578
895,25.6383,28.4969,37.8484,62.6564,-8.2218,-8.45122,60.335,-5.96572,-9.00202,0.489076,0.585463,0.631215,11.8388
896,25.6087,28.5374,37.9577,62.6784,-8.44428,-8.47978,60.3712,-6.24645,-9.07487,0.486703,0.586429,0.632063,11.9198
897,25.5804,28.5781,38.064,62.7007,-8.65964,-8.50568,60.4074,-6.52163,-9.14366,0.48438,0.587381,0.632883,12.0005
898,25.5534,28.6187,38.1671,62.7234,-8.8679,-8.52889,60.4437,-6.79105,-9.20827,0.482111,0.588319,0.633676,12.0804
899,25.5278,28.6593,38.2668,62.7464,-9.06912,-8.54942,60.4798,-7.0545,-9.26862,0.479899,0.589241,0.634439,12.1593
900,25.5036,28.6998,38.3629,62.7697,-9.26331,-8.56724,60.5158,-7.31178,-9.32461,0.477747,0.590147,0.635172,12.2369
901,25.4807,28.7402,38.4553,62.7932,-9.45052,-8.58234,60.5516,-7.56268,-9.37616,0.475656,0.591036,0.635874,12.3129
902,25.4593,28.7803,38.5439,62.8169,-9.63076,-8.59473,60.5873,-7.80701,-9.42319,0.473631,0.591907,0.636544,12.387
903,25.4391,28.8203,38.6286,62.8408,-9.80408,-8.60438,60.6227,-8.04457,-9.46563,0.471674,0.59276,0.63718,12.459
904,25.4204,28.8599,38.7091,62.8648,-9.9705,-8.6113,60.6578,-8.27519,-9.50343,0.469786,0.593594,0.637783,12.5286
905,25.403,28.8992,38.7855,62.889,-10.13,-8.61549,60.6926,-8.49867,-9.53654,0.467972,0.594408,0.63835,12.5958
906,25.387,28.9382,38.8576,62.9133,-10.2827,-8.61695,60.727,-8.71484,-9.56492,0.466234,0.595201,0.638883,12.6603
907,25.3723,28.9767,38.9253,62.9376,-10.4286,-8.61569,60.7611,-8.92352,-9.58853,0.464573,0.595974,0.639379,12.7218
908,25.359,29.0148,38.9885,62.9619,-10.5676,-8.61172,60.7947,-9.12456,-9.60736,0.462993,0.596724,0.639839,12.7804
909,25.3471,29.0524,39.0471,62.9863,-10.6998,-8.60504,60.8278,-9.31778,-9.62139,0.461495,0.597452,0.640262,12.8358
910,25.3366,29.0894,39.1011,63.0106,-10.8253,-8.59567,60.8605,-9.50304,-9.63061,0.460083,0.598157,0.640648,12.8878
911,25.3274,29.1259,39.1505,63.0349,-10.944,-8.58363,60.8926,-9.68017,-9.63502,0.458757,0.598839,0.640996,12.9365
912,25.3196,29.1617,39.195,63.0591,-11.0559,-8.56894,60.9241,-9.84904,-9.63464,0.45752,0.599497,0.641306,12.9816
913,25.3132,29.1969,39.2348,63.0832,-11.1611,-8.55162,60.955,-10.0095,-9.62948,0.456374,0.60013,0.641577,13.0232
914,25.3082,29.2314,39.2698,63.1072,-11.2596,-8.53171,60.9853,-10.1614,-9.61956,0.455321,0.600738,0.641811,13.061
915,25.3045,29.2651,39.3,63.131,-11.3514,-8.50923,61.0149,-10.3047,-9.60493,0.454361,0.60132,0.642005,13.095
916,25.3021,29.2981,39.3253,63.1546,-11.4365,-8.48421,61.0438,-10.4392,-9.58562,0.453497,0.601876,0.642161,13.1253
917,25.3012,29.3303,39.3458,63.178,-11.5149,-8.45669,61.072,-10.5648,-9.56168,0.45273,0.602407,0.642279,13.1516
918,25.3016,29.3616,39.3614,63.2012,-11.5867,-8.4267,61.0995,-10.6815,-9.53316,0.45206,0.60291,0.642359,13.1739
919,25.3034,29.3921,39.3721,63.2241,-11.6518,-8.3943,61.1262,-10.789,-9.50014,0.451489,0.603386,0.6424,13.1923
920,25.3065,29.4218,39.3781,63.2467,-11.7103,-8.35951,61.1521,-10.8874,-9.46268,0.451018,0.603834,0.642403,13.2067
921,25.311,29.4504,39.3792,63.2691,-11.7622,-8.3224,61.1771,-10.9764,-9.42086,0.450647,0.604255,0.642369,13.217
922,25.3168,29.4782,39.3756,63.2911,-11.8074,-8.283,61.2013,-11.0562,-9.37476,0.450376,0.604648,0.642297,13.2233
923,25.3239,29.505,39.3673,63.3128,-11.8461,-8.24137,61.2247,-11.1266,-9.32446,0.450206,0.605012,0.642189,13.2254
924,25.3325,29.5307,39.3544,63.3341,-11.8782,-8.19757,61.2472,-11.1875,-9.27008,0.450137,0.605347,0.642044,13.2236
925,25.3423,29.5555,39.3369,63.355,-11.9037,-8.15164,61.2688,-11.2389,-9.2117,0.450168,0.605654,0.641863,13.2176
926,25.3535,29.5793,39.3148,63.3756,-11.9226,-8.10365,61.2895,-11.2808,-9.14944,0.4503,0.605931,0.641646,13.2075
927,25.3659,29.6019,39.2884,63.3957,-11.935,-8.05366,61.3092,-11.3131,-9.0834,0.450531,0.60618,0.641396,13.1934
928,25.3797,29.6236,39.2575,63.4154,-11.9409,-8.00173,61.3281,-11.3359,-9.01372,0.450861,0.606399,0.641111,13.1753
929,25.3948,29.6441,39.2224,63.4347,-11.9402,-7.94793,61.3459,-11.349,-8.9405,0.45129,0.606588,0.640792,13.1532
930,25.4112,29.6635,39.1832,63.4535,-11.9331,-7.89233,61.3628,-11.3526,-8.86387,0.451816,0.606748,0.640442,13.127
931,25.4289,29.6819,39.1399,63.4718,-11.9195,-7.83499,61.3787,-11.3465,-8.78398,0.452438,0.606878,0.640059,13.097
932,25.4479,29.6991,39.0926,63.4897,-11.8994,-7.77599,61.3937,-11.3309,-8.70094,0.453155,0.606979,0.639646,13.063
933,25.4681,29.7151,39.0415,63.507,-11.873,-7.71539,61.4076,-11.3057,-8.61491,0.453964,0.60705,0.639202,13.0252
934,25.4896,29.7301,38.9867,63.5238,-11.84,-7.65329,61.4206,-11.2711,-8.52603,0.454865,0.607092,0.63873,12.9837
935,25.5123,29.7439,38.9283,63.5402,-11.8007,-7.58975,61.4326,-11.2269,-8.43444,0.455855,0.607104,0.638229,12.9384
936,25.5362,29.7565,38.8664,63.556,-11.7551,-7.52485,61.4436,-11.1734,-8.3403,0.456933,0.607087,0.637702,12.8894
937,25.5614,29.768,38.8012,63.5712,-11.7031,-7.45868,61.4535,-11.1105,-8.24376,0.458097,0.607041,0.637148,12.8369
938,25.5877,29.7784,38.7329,63.5859,-11.6447,-7.39132,61.4625,-11.0383,-8.14497,0.459343,0.606965,0.63657,12.7809
939,25.6152,29.7876,38.6615,63.6001,-11.5801,-7.32286,61.4705,-10.957,-8.04409,0.460671,0.606861,0.635967,12.7214
940,25.6439,29.7956,38.5872,63.6137,-11.5092,-7.25339,61.4775,-10.8666,-7.94129,0.462076,0.606728,0.635342,12.6587
941,25.6737,29.8025,38.5102,63.6268,-11.4321,-7.18298,61.4835,-10.7672,-7.83672,0.463558,0.606566,0.634696,12.5928
942,25.7047,29.8083,38.4305,63.6393,-11.3488,-7.11175,61.4885,-10.659,-7.73056,0.465112,0.606376,0.634029,12.5237
943,25.7367,29.8129,38.3485,63.6512,-11.2593,-7.03978,61.4925,-10.5419,-7.62297,0.466737,0.606158,0.633343,12.4517
944,25.7699,29.8164,38.2641,63.6625,-11.1637,-6.96716,61.4955,-10.4163,-7.51412,0.46843,0.605913,0.632639,12.3768
945,25.8041,29.8188,38.1777,63.6733,-11.062,-6.89401,61.4976,-10.2822,-7.40418,0.470187,0.60564,0.631918,12.2992
946,25.8393,29.8201,38.0893,63.6835,-10.9543,-6.82041,61.4987,-10.1398,-7.29331,0.472007,0.605341,0.631182,12.219
947,25.8755,29.8203,37.9991,63.6931,-10.8405,-6.74647,61.4989,-9.98924,-7.1817,0.473885,0.605015,0.630433,12.1364
948,25.9128,29.8195,37.9073,63.7022,-10.7208,-6.67229,61.4982,-9.83066,-7.06951,0.475819,0.604663,0.62967,12.0514
949,25.951,29.8176,37.814,63.7107,-10.5951,-6.59799,61.4965,-9.66424,-6.95691,0.477806,0.604285,0.628896,11.9644
950,25.9901,29.8146,37.7195,63.7186,-10.4636,-6.52367,61.4939,-9.49019,-6.84409,0.479842,0.603883,0.628112,11.8754
951,26.0301,29.8106,37.6238,63.726,-10.3262,-6.44945,61.4904,-9.30867,-6.73121,0.481926,0.603455,0.627319,11.7847
952,26.071,29.8056,37.5272,63.7328,-10.1831,-6.37543,61.4861,-9.11989,-6.61845,0.484053,0.603004,0.626518,11.6923
953,26.1128,29.7996,37.4298,63.739,-10.0342,-6.30174,61.4809,-8.92406,-6.50597,0.486221,0.602529,0.625712,11.5986
954,26.1554,29.7926,37.3317,63.7447,-9.87971,-6.22849,61.4749,-8.72137,-6.39395,0.488426,0.602031,0.624901,11.5037
955,26.1988,29.7847,37.2332,63.7498,-9.71956,-6.1558,61.468,-8.51206,-6.28257,0.490667,0.601511,0.624086,11.4079
956,26.243,29.7759,37.1344,63.7544,-9.55384,-6.0838,61.4604,-8.29633,-6.17198,0.492938,0.600968,0.62327,11.3114
957,26.2879,29.7661,37.0355,63.7585,-9.38261,-6.01262,61.4519,-8.07442,-6.06237,0.495239,0.600405,0.622453,11.2143
958,26.3335,29.7555,36.9367,63.762,-9.20593,-5.94237,61.4427,-7.84656,-5.95389,0.497565,0.599821,0.621636,11.1171
959,26.3797,29.7441,36.838,63.765,-9.02386,-5.87319,61.4328,-7.61299,-5.84671,0.499913,0.599218,0.620822,11.0198
960,26.4266,29.7318,36.7397,63.7675,-8.83646,-5.80521,61.4221,-7.37395,-5.741,0.502282,0.598595,0.620011,10.9229
961,26.4741,29.7188,36.6419,63.7696,-8.64379,-5.73856,61.4108,-7.12969,-5.63691,0.504667,0.597953,0.619205,10.8265
962,26.5222,29.7049,36.5448,63.7711,-8.44591,-5.67338,61.3988,-6.88047,-5.5346,0.507067,0.597294,0.618405,10.7309
963,26.5708,29.6904,36.4485,63.7721,-8.24287,-5.60981,61.3861,-6.62653,-5.43424,0.509479,0.596618,0.617612,10.6365
964,26.6198,29.6751,36.3532,63.7727,-8.03473,-5.54797,61.3729,-6.36815,-5.33596,0.511899,0.595926,0.616828,10.5436
965,26.6694,29.6592,36.259,63.7728,-7.82156,-5.488,61.359,-6.10558,-5.23992,0.514325,0.595219,0.616054,10.4525
966,26.7194,29.6426,36.166,63.7725,-7.60339,-5.43005,61.3446,-5.83909,-5.14626,0.516755,0.594496,0.615291,10.3634
967,26.7697,29.6254,36.0745,63.7718,-7.38029,-5.37424,61.3296,-5.56894,-5.05513,0.519186,0.59376,0.61454,10.2768
968,26.8204,29.6076,35.9845,63.7706,-7.1523,-5.32072,61.3142,-5.29542,-4.96666,0.521615,0.593011,0.613803,10.193
969,26.8715,29.5893,35.8962,63.769,-6.91947,-5.26961,61.2982,-5.01879,-4.88099,0.524041,0.592249,0.613081,10.1124
970,26.9228,29.5704,35.8097,63.7671,-6.68183,-5.22104,61.2818,-4.73934,-4.79824,0.526461,0.591476,0.612374,10.0352
971,26.9743,29.5511,35.7252,63.7647,-6.4394,-5.17512,61.2649,-4.45732,-4.71854,0.528872,0.590693,0.611685,9.96197
972,27.026,29.5313,35.6427,63.762,-6.19223,-5.13198,61.2477,-4.17303,-4.642,0.531272,0.5899,0.611013,9.89299
973,27.0779,29.5111,35.5623,63.7589,-5.94032,-5.09171,61.2301,-3.88674,-4.56874,0.53366,0.589098,0.61036,9.82867
974,27.13,29.4905,35.4843,63.7555,-5.68368,-5.0544,61.2121,-3.59874,-4.49887,0.536033,0.588287,0.609728,9.76941
975,27.1821,29.4696,35.4086,63.7518,-5.42231,-5.0201,61.1938,-3.30929,-4.43248,0.538388,0.58747,0.609116,9.71563
976,27.2342,29.4483,35.3354,63.7478,-5.15621,-4.98887,61.1753,-3.01868,-4.36969,0.540725,0.586647,0.608527,9.66775
977,27.2864,29.4268,35.2648,63.7434,-4.88537,-4.96071,61.1564,-2.72719,-4.31057,0.543042,0.585818,0.60796,9.62621
978,27.3385,29.405,35.1969,63.7388,-4.60977,-4.93559,61.1374,-2.4351,-4.25522,0.545335,0.584985,0.607417,9.59144
979,27.3906,29.3829,35.1318,63.734,-4.32942,-4.91343,61.1181,-2.14268,-4.2037,0.547604,0.584148,0.606899,9.56392
980,27.4426,29.3607,35.0695,63.7288,-4.04432,-4.89409,61.0987,-1.8502,-4.15611,0.549848,0.583309,0.606405,9.54409
981,27.4944,29.3384,35.0101,63.7235,-3.7545,-4.87737,61.0791,-1.55795,-4.11249,0.552063,0.582468,0.605938,9.53243
982,27.546,29.3159,34.9538,63.7179,-3.46004,-4.86297,61.0594,-1.26619,-4.07291,0.554249,0.581625,0.605497,9.52943
983,27.5974,29.2933,34.9005,63.7121,-3.1611,-4.85055,61.0396,-0.975198,-4.03743,0.556404,0.580783,0.605083,9.53552
984,27.6486,29.2707,34.8504,63.7062,-2.8579,-4.83962,61.0198,-0.685235,-4.00609,0.558527,0.579942,0.604697,9.55116
985,27.6994,29.248,34.8034,63.7,-2.55083,-4.82965,60.9999,-0.396568,-3.97893,0.560615,0.579102,0.604339,9.57672
986,27.7499,29.2253,34.7597,63.6938,-2.2404,-4.82003,60.98,-0.10946,-3.95599,0.562669,0.578266,0.60401,9.61251
987,27.8,29.2027,34.7193,63.6873,-1.92736,-4.81009,60.9601,0.175832,-3.93728,0.564687,0.577432,0.60371,9.65871
988,27.8498,29.1801,34.6823,63.6807,-1.61265,-4.79919,60.9403,0.45905,-3.92284,0.566666,0.576603,0.60344,9.71535
989,27.899,29.1577,34.6486,63.6741,-1.29744,-4.78672,60.9205,0.739945,-3.91266,0.568607,0.575779,0.603199,9.78223
990,27.9478,29.1353,34.6183,63.6673,-0.983103,-4.7722,60.9008,1.01827,-3.90677,0.570508,0.574962,0.602989,9.85894
991,27.9961,29.1131,34.5914,63.6604,-0.671189,-4.75533,60.8813,1.29377,-3.90515,0.572367,0.574151,0.602808,9.94481
992,28.0438,29.0911,34.568,63.6535,-0.363321,-4.73604,60.8619,1.56622,-3.90779,0.574185,0.573348,0.602659,10.0389
993,28.0909,29.0692,34.5481,63.6464,-0.0611166,-4.71454,60.8427,1.83537,-3.9147,0.575959,0.572553,0.602539,10.1401
994,28.1374,29.0476,34.5316,63.6394,0.233918,-4.69125,60.8236,2.101,-3.92583,0.57769,0.571768,0.60245,10.2471
995,28.1832,29.0263,34.5186,63.6323,0.520475,-4.66684,60.8048,2.36288,-3.94116,0.579375,0.570993,0.602392,10.3585
996,28.2283,29.0052,34.5091,63.6252,0.79751,-4.64209,60.7862,2.62079,-3.96066,0.581014,0.570229,0.602364,10.4731
997,28.2727,28.9845,34.503,63.6181,1.06427,-4.61787,60.7679,2.8745,-3.98428,0.582607,0.569477,0.602367,10.5894
998,28.3163,28.964,34.5004,63.6109,1.32029,-4.59505,60.7499,3.12382,-4.01198,0.584153,0.568737,0.6024,10.7063
999,28.3591,28.9439,34.5013,63.6038,1.56536,-4.57443,60.7321,3.36852,-4.0437,0.585651,0.568011,0.602463,10.8229
1000,28.401,28.9242,34.5055,63.5967,1.79949,-4.5567,60.7147,3.60842,-4.07937,0.5871,0.567298,0.602555,10.9382
