Wavelength_nm_,Air_n,Air_k,Al_n,Al_k,Ca_n,Ca_k,Ag_n,Ag_k,aSi_n,aSi_k,SiO2_n,SiO2_k,PEDOT_n,PEDOT_k,PS_n,PS_k,PSAnnealed_n,PSAnnealed_k,ITOsorizon_n,ITOsorizon_k,P3HT_n,P3HT_k,PCBM_n,PCBM_k,P3HTPCBMBlendDCB_n,P3HTPCBMBlendDCB_k,aMoO3_n,aMoO3_k,Si_Franta_n,Si_Franta_k,SiO2_Franta_n,SiO2_Franta_k,PDMS_1_10_n,PDMS_1_10_k,PS_beads_n,PS_beads_k,Ge_n,Ge_k,GaAs_n,GaAs_k,GaAs_mix_n,GaAs_mix_k,anatase_TiO2_n,anatase_TiO2_k,ald_TiO2_n,ald_TiO2_k,TiO2_Franta_n,TiO2_Franta_k,TiO2_cauchy_n,TiO2_cauchy_k,TiEG_215_n,TiEG_215_k,TiGL_250_n,TiGL_250_k,TiGL_375_n,TiGL_375_k,TiHQ_80_n,TiHQ_80_k,TiHQ_120_n,TiHQ_120_k,TiH2O_600_n,TiH2O_600_k
300,1,0,0.27571,3.61265,3.46,0.848,0.13,2.92,1.73,2.77,1.4607,0,1.70023,0.01975,1.55,0,1.67,0,2.2813,0.00187,1.1,0.06995,2.12362,0.53945,1.75,0.1888075,2.45841514960198,0.459191534449629,3.49518119402985,3.58527334328358,1.48769867107159,0,1.4193,1.43e-06,1.64997037037037,0,3.843413481,3.729907146,3.72802717,1.994722278,3.72802717,1.994722278,3.3995,1.19399,3.273131,0.845193,3.197727,0.802766,2.83744486564134,0,2.06324556154413,0,1.89819156154419,0,1.89445620394832,0,2.03467856154419,0,1.9702042478981,0,2.83744486564134,0
301,1,0,0.27754,3.62538,3.43,0.85333,0.13,2.92,1.73,2.77,1.4606,0,1.69667,0.01951,1.55,0,1.6692,0,2.2772,0.018603,1.10014,0.06946,2.12033,0.53194,1.75,0.186179,2.45812967060115,0.448245061762284,3.52387031982942,3.57729622885572,1.48742128069742,0,1.419183,1.429e-06,1.64917353949851,0,3.855399574,3.67943951,3.71249898,1.983085896,3.71249898,1.983085896,3.415386,1.168317,3.280273,0.823208,3.201883,0.779686,2.8337415391393,0,2.06283782271722,0,1.89778382271729,0,1.89404772749077,0,2.03427082271729,0,1.96979820123541,0,2.8337415391393,0
302,1,0,0.27937,3.63812,3.4,0.85867,0.13,2.92,1.74,2.77,1.4605,0,1.69355,0.01928,1.55,0,1.6685,0,2.2726,0.018079,1.10028,0.06873,2.11767,0.52431,1.75,0.1835085,2.45784419160033,0.437298589074938,3.552559445629,3.56931911442786,1.48714661765003,0,1.419066,1.428e-06,1.64838833374902,0,3.865599197,3.63196394,3.697684105,1.972750023,3.697684105,1.972750023,3.430365,1.14208,3.286708,0.801062,3.205625,0.756589,2.83001839898258,0,2.06242977770808,0,1.89737577770815,0,1.89363906504178,0,2.03386277770815,0,1.9693917156376,0,2.83001839898258,0
303,1,0,0.2812,3.65085,3.37,0.864,0.13,2.92,1.75,2.77,1.4605,0,1.69099,0.01904,1.55,0,1.6677,0,2.2677,0.012044,1.10043,0.06775,2.11562,0.51676,1.75,0.180866,2.45635292447777,0.428505163363685,3.58124857142857,3.561342,1.48687506271159,0,1.418949,1.427e-06,1.64761453888244,0,3.87362577,3.587925464,3.683667025,1.963653923,3.683667025,1.963653923,3.444503,1.115464,3.292505,0.77886,3.209367,0.733493,2.82627596156557,0,2.06202145217254,0,1.89696745217261,0,1.89323024007899,0,2.03345445217261,0,1.96898481906339,0,2.82627596156557,0
304,1,0,0.28303,3.66359,3.34,0.86933,0.13,2.92,1.76,2.8,1.4604,0,1.68843,0.01881,1.545,0,1.6669,0,2.2625,0.015326,1.10057,0.06749,2.11318,0.5097,1.75,0.178395,2.45405779860739,0.42114710230316,3.60993769722814,3.55336488557214,1.4866069922133,0,1.418832,1.426e-06,1.64685194537371,0,3.880685865,3.546138111,3.670150797,1.955254156,3.670150797,1.955254156,3.457801,1.08825,3.29765,0.75643,3.212112,0.710531,2.82251474328264,0,2.06161287176644,0,1.89655887176651,0,1.89282127608002,0,2.03304587176651,0,1.9685775394715,0,2.82251474328264,0
305,1,0,0.28485,3.67632,3.31,0.87467,0.13,2.92,1.78,2.8,1.4603,0,1.68587,0.01857,1.54,0,1.6662,0,2.2579,0.008774,1.10071,0.06699,2.10953,0.50358,1.75,0.176253,2.45176267273701,0.413789041242635,3.63862682302772,3.54538777114428,1.48634136962093,0,1.418715,1.425e-06,1.64610034829231,0,3.886875939,3.506360758,3.657142178,1.947543175,3.657142178,1.947543175,3.470076,1.060759,3.302059,0.734037,3.213181,0.687797,2.81873526052817,0,2.06120406214563,0,1.8961500621457,0,1.8924121965225,0,2.0326370621457,0,1.96816990482063,0,2.81873526052817,0
306,1,0,0.28668,3.68906,3.28,0.88,0.13,2.92,1.795,2.8,1.4602,0,1.68239,0.01834,1.54,0,1.6654,0,2.2539,0.0072714,1.10085,0.06599,2.10714,0.49719,1.74,0.1740165,2.44946754686663,0.40643098018211,3.66731594882729,3.53741065671642,1.48607919499886,0,1.418598,1.424e-06,1.64535954718588,0,3.892128933,3.468503684,3.644690235,1.940579638,3.644690235,1.940579638,3.481542,1.032751,3.30586,0.711461,3.21425,0.665062,2.81493802969653,0,2.06079504896593,0,1.895741048966,0,1.89200302488403,0,2.032228048966,0,1.9677619430695,0,2.81493802969653,0
307,1,0,0.28851,3.70179,3.25,0.88533,0.13,2.92,1.81,2.82,1.4601,0,1.67883,0.0181,1.54,0,1.6646,0,2.2475,0.0096037,1.10099,0.06572,2.10461,0.49097,1.74,0.1718395,2.4486077156299,0.401466062728699,3.69600507462687,3.52943354228856,1.48581967458591,0,1.418481,1.423e-06,1.64462934596707,0,3.896378144,3.432479502,3.632844073,1.934420225,3.632844073,1.934420225,3.491957,1.004555,3.308942,0.688979,3.215319,0.642327,2.8111235671821,0,2.0603858578832,0,1.89533185788327,0,1.89159378464225,0,2.03181885788327,0,1.96735368217682,0,2.8111235671821,0
308,1,0,0.29034,3.71453,3.22,0.89067,0.13,2.92,1.81,2.82,1.46,0,1.67527,0.01787,1.54,0,1.6638,0,2.2415,0.0068349,1.10114,0.06569,2.10176,0.485,1.74,0.16975,2.44796997386304,0.396871446941976,3.72469420042644,3.5214564278607,1.485563077952,0,1.418364,1.422e-06,1.6439095528037,0,3.899692078,3.39844357,3.621637442,1.928912383,3.621637442,1.928912383,3.501365,0.976071,3.311315,0.666497,3.214239,0.620289,2.80729238937925,0,2.05997651455327,0,1.89492251455334,0,1.89118449927478,0,2.03140951455334,0,1.96694515010131,0,2.80729238937925,0
309,1,0,0.29217,3.72726,3.19,0.896,0.13,2.92,1.82,2.82,1.46,0,1.67279,0.01763,1.54,0,1.6631,0,2.2361,0.016937,1.10128,0.06516,2.09711,0.48027,1.74,0.1680945,2.44733223209618,0.392276831155254,3.75338332622601,3.51347931343284,1.48530943754879,0,1.418247,1.421e-06,1.64319998001204,0,3.902433762,3.3663642,3.61103863,1.924049511,3.61103863,1.924049511,3.509813,0.947451,3.313034,0.644109,3.212804,0.598366,2.80344501268235,0,2.05956704463199,0,1.89451304463206,0,1.89077519225923,0,2.03100004463206,0,1.96653637480167,0,2.80344501268235,0
310,1,0,0.294,3.74,3.16,0.90133,0.13,2.92,1.83,2.82,1.4599,0,1.67115,0.0174,1.54,0,1.6623,0,2.2313,0.020463,1.10142,0.06488,2.09318,0.4754,1.73,0.16639,2.44682152905199,0.387661178389399,3.78104392220061,3.50273494581828,1.48505831299794,0,1.41813,1.42e-06,1.64250044395309,0,3.905,3.336,3.601,1.92,3.601,1.92,3.517333,0.918505,3.314098,0.621651,3.211368,0.576443,2.7995819534858,0,2.05915747377519,0,1.89410347377526,0,1.89036588707323,0,2.03059047377526,0,1.96612738423662,0,2.7995819534858,0
311,1,0,0.29596,3.75263,3.13,0.90667,0.13,2.92,1.85,2.82,1.4598,0,1.66951,0.01716,1.54,0,1.6615,0,2.2263,0.024543,1.10156,0.06484,2.08971,0.47043,1.73,0.1646505,2.44935975535168,0.382540638124363,3.80867270797444,3.49190499305363,1.48481032750433,0,1.418013,1.419e-06,1.64181076493181,0,3.90763218,3.306951752,3.591302931,1.916489557,3.591302931,1.916489557,3.5237,0.88958,3.314423,0.599427,3.209255,0.554872,2.79570372818395,0,2.05874782763871,0,1.89369382763878,0,1.88995660719441,0,2.03018082763878,0,1.96571820636487,0,2.79570372818395,0
312,1,0,0.29792,3.76525,3.1,0.912,0.13,2.92,1.85,2.82,1.4598,0,1.66787,0.01693,1.54,0,1.6608,0,2.2198,0.027014,1.10171,0.06455,2.08393,0.46601,1.73,0.1631035,2.45189798165138,0.377420097859327,3.83630149374826,3.48107504028897,1.48456478862097,0,1.417896,1.418e-06,1.6411307670992,0,3.910221835,3.278988823,3.581869752,1.913237974,3.581869752,1.913237974,3.529138,0.860423,3.314101,0.577183,3.205569,0.53412,2.79181085317119,0,2.05833813187839,0,1.89328413187846,0,1.88954737610038,0,2.02977113187846,0,1.96530886914513,0,2.79181085317119,0
313,1,0,0.29988,3.77788,3.07,0.91733,0.13,2.92,1.85,2.82,1.4597,0,1.66539,0.01669,1.54,0,1.66,0,2.2134,0.022376,1.10185,0.06401,2.07938,0.46132,1.725,0.161462,2.45443620795107,0.372299557594292,3.86393027952209,3.47024508752431,1.4843220360266,0,1.417779,1.417e-06,1.64046027835709,0,3.912640987,3.252122703,3.572864247,1.910404766,3.572864247,1.910404766,3.533592,0.831332,3.313149,0.555154,3.201883,0.513367,2.78790384484189,0,2.05792841215008,0,1.89287441215015,0,1.88913821726876,0,2.02936141215015,0,1.96489940053612,0,2.78790384484189,0
314,1,0,0.30185,3.7905,3.04,0.92267,0.13,2.92,1.86,2.82,1.4596,0,1.66283,0.01646,1.54,0,1.6594,0,2.2071,0.02211,1.10199,0.06397,2.0758,0.45676,1.72,0.159866,2.4570256361829,0.366658892644135,3.89155906529592,3.45941513475966,1.48408190615827,0,1.417662,1.416e-06,1.63979913026562,0,3.914761658,3.226364883,3.564450204,1.908149452,3.564450204,1.908149452,3.536982,0.802238,3.311505,0.533281,3.198197,0.492614,2.78398321959043,0,2.05751869410961,0,1.89246469410968,0,1.88872915417718,0,2.02895169410968,0,1.96448982849655,0,2.78398321959043,0
315,1,0,0.30381,3.80313,3.01,0.928,0.13,2.92,1.86,2.85,1.4596,0,1.66027,0.01622,1.535,0,1.6587,0,2.2033,0.024245,1.10213,0.06367,2.07253,0.45766,1.72,0.160181,2.4600052584493,0.35705451888668,3.91918785106974,3.448585181995,1.48384430896807,0,1.417545,1.415e-06,1.63914715795335,0,3.916454262,3.201730687,3.556783404,1.906591267,3.556783404,1.906591267,3.53933,0.773372,3.309212,0.511726,3.193148,0.472884,2.78004949381118,0,2.05710900341283,0,1.8920550034129,0,1.88832021030327,0,2.0285420034129,0,1.96408018098514,0,2.78004949381118,0
316,1,0,0.30577,3.81575,2.98,0.93333,0.13,2.92,1.88,2.85,1.4596,0,1.65808,0.01599,1.53,0,1.6581,0,2.1991,0.024293,1.10227,0.06312,2.07029,0.45845,1.72,0.1604575,2.46298488071571,0.347450145129225,3.94681663684357,3.43775522923034,1.48360931248418,0,1.417428,1.414e-06,1.63850420002978,0,3.917702456,3.178283492,3.549818608,1.905294592,3.549818608,1.905294592,3.54072,0.744645,3.306309,0.490403,3.187522,0.453585,2.77610318389852,0,2.05669936571557,0,1.89164536571564,0,1.88791140912463,0,2.02813236571564,0,1.96367048596058,0,2.77610318389852,0
317,1,0,0.30773,3.82838,2.95,0.93867,0.13,2.92,1.9,2.85,1.4595,0,1.65644,0.01575,1.53,0,1.6575,0,2.1943,0.029667,1.10242,0.06307,2.06896,0.45913,1.72,0.1606955,2.46596450298211,0.33784577137177,3.9732323328808,3.42482616508281,1.48337687836564,0,1.417311,1.413e-06,1.63787009850033,0,3.918816236,3.156027573,3.543406242,1.904331378,3.543406242,1.904331378,3.541177,0.716094,3.302814,0.469334,3.181897,0.434287,2.77214480624683,0,2.05628980667368,0,1.89123580667375,0,1.88750277411889,0,2.02772280667375,0,1.9632607713816,0,2.77214480624683,0
318,1,0,0.30969,3.84101,2.92,0.944,0.13,2.92,1.9,2.88,1.4595,0,1.6548,0.01552,1.53,0,1.6569,0,2.189,0.028785,1.10256,0.06326,2.0659,0.46019,1.71,0.1610665,2.46841777427949,0.327957364252846,3.99928975889221,3.41127715612273,1.48314666930385,0,1.417194,1.412e-06,1.63724469868375,0,3.92015348,3.134943028,3.5374149,1.904000482,3.5374149,1.904000482,3.540631,0.687635,3.298675,0.448444,3.176169,0.415095,2.76817487725048,0,2.05588035194299,0,1.89082635194306,0,1.88709432876369,0,2.02731335194306,0,1.96285106520691,0,2.76817487725048,0
319,1,0,0.31165,3.85363,2.89,0.94933,0.13,2.92,1.91,2.88,1.4594,0,1.65316,0.01528,1.53,0,1.6563,0,2.1836,0.026074,1.1027,0.06346,2.06288,0.46125,1.71,0.1614375,2.46567619036086,0.315265671348995,4.02534718490361,3.39772814716264,1.48291923816848,0,1.417077,1.411e-06,1.63662784913162,0,3.921899017,3.11488717,3.531604107,1.904056327,3.531604107,1.904056327,3.539107,0.6596,3.293934,0.427975,3.168948,0.397458,2.76419391330384,0,2.05547102717935,0,1.89041702717942,0,1.88668609653663,0,2.02690402717942,0,1.96244139539522,0,2.76419391330384,0
320,1,0,0.31361,3.86626,2.86,0.95467,0.13,2.92,1.92,2.88,1.4594,0,1.65152,0.01505,1.53,0,1.6556,0,2.178,0.027697,1.10284,0.06341,2.05994,0.46228,1.71,0.161798,2.46293460644224,0.302573978445144,4.05140461091502,3.38417913820255,1.4826939898,0,1.41696,1.41e-06,1.63601940155029,0,3.92392364,3.095651479,3.52597013,1.904197883,3.52597013,1.904197883,3.536676,0.631702,3.288611,0.407703,3.161728,0.379821,2.76020243080129,0,2.05506185803859,0,1.89000785803866,0,1.88627810091533,0,2.02649485803866,0,1.96203178990525,0,2.76020243080129,0
321,1,0,0.31557,3.87888,2.83,0.96,0.13,2.92,1.94,2.88,1.4593,0,1.64988,0.01481,1.53,0,1.655,0,2.1735,0.027027,1.10298,0.06361,2.05595,0.46356,1.71,0.162246,2.46019302252361,0.289882285541294,4.07746203692642,3.37063012924247,1.4824710704823,0,1.416843,1.409e-06,1.63541921072476,0,3.926078669,3.077072903,3.520661131,1.904415071,3.520661131,1.904415071,3.533366,0.60421,3.282752,0.387807,3.154507,0.362184,2.75620094613721,0,2.05465287017656,0,1.88959887017662,0,1.88587036537743,0,2.02608587017662,0,1.9616222766957,0,2.75620094613721,0
322,1,0,0.31754,3.89151,2.8,0.96533,0.13,2.92,1.94,2.88,1.4592,0,1.64824,0.01458,1.53,0,1.6544,0,2.1694,0.025978,1.10313,0.0638,2.05258,0.4647,1.7,0.162645,2.45745143860499,0.277190592637443,4.10351946293782,3.35708112028238,1.48225076991235,0,1.416726,1.408e-06,1.63482713444475,0,3.928215426,3.058988393,3.515825276,1.904697813,3.515825276,1.904697813,3.52925,0.577321,3.276426,0.368431,3.146809,0.345223,2.75218997570597,0,2.05424408924909,0,1.88919008924916,0,1.88546291340054,0,2.02567708924916,0,1.96121288372529,0,2.75218997570597,0
323,1,0,0.3195,3.90414,2.77,0.97067,0.13,2.92,1.945,2.88,1.4591,0,1.64669,0.01434,1.53,0,1.6537,0,2.1626,0.025679,1.10327,0.064,2.05126,0.46537,1.7,0.1628795,2.44889050979467,0.268109002596177,4.12957688894923,3.34353211132229,1.48203254602339,0,1.416609,1.407e-06,1.63424303343273,0,3.930185364,3.041236422,3.511609848,1.905039671,3.511609848,1.905039671,3.524206,0.550796,3.26951,0.349403,3.138338,0.329356,2.74817003590195,0,2.05383554091203,0,1.8887815409121,0,1.88505576846229,0,2.0252685409121,0,1.96080363895273,0,2.74817003590195,0
324,1,0,0.32146,3.91676,2.74,0.976,0.13,2.92,1.95,2.88,1.459,0,1.6459,0.01411,1.52,0,1.6531,0,2.1567,0.021698,1.10341,0.0642,2.05033,0.46787,1.7,0.1637545,2.44010599244749,0.259166118480057,4.15480002348415,3.32898751519172,1.48181658739987,0,1.416492,1.406e-06,1.63366677127394,0,3.931925637,3.023874454,3.507997393,1.905808443,3.507997393,1.905808443,3.518331,0.524676,3.262076,0.330731,3.129868,0.313489,2.74414164311953,0,2.05342725082122,0,1.88837325082128,0,1.88464895404029,0,2.02486025082128,0,1.96039457033674,0,2.74414164311953,0
325,1,0,0.32342,3.92939,2.71,0.98133,0.13,2.92,1.97,2.91,1.4589,0,1.64511,0.01387,1.52,0,1.6525,0,2.1521,0.019034,1.10355,0.06414,2.04965,0.47134,1.7,0.164969,2.43132147510031,0.250223234363937,4.17880254438105,3.31298632108266,1.48160292313777,0,1.416375,1.405e-06,1.63309821434824,0,3.933598771,3.00703779,3.504799304,1.90706753,3.504799304,1.90706753,3.511715,0.499118,3.254194,0.31253,3.121397,0.297622,2.74010531375308,0,2.05301924463249,0,1.88796524463255,0,1.88424249361217,0,2.02445224463255,0,1.95998570583602,0,2.74010531375308,0
326,1,0,0.32538,3.94201,2.68,0.98667,0.13,2.92,1.98,2.91,1.4589,0,1.64432,0.01364,1.52,0,1.6519,0,2.1471,0.02045,1.1037,0.06434,2.04989,0.47659,1.7,0.1668065,2.42253695775313,0.241280350247817,4.20280506527796,3.2969851269736,1.481391426094,0,1.416258,1.404e-06,1.63253723176387,0,3.935403324,2.990765678,3.501856709,1.908550977,3.501856709,1.908550977,3.504321,0.47394,3.245819,0.294653,3.112325,0.282949,2.73606156419697,0,2.05261154800169,0,1.88755754800175,0,1.88383641065555,0,2.02404454800175,0,1.95957707340929,0,2.73606156419697,0
327,1,0,0.3274,3.95461,2.65,0.992,0.13,2.92,1.99,2.91,1.4589,0,1.64326,0.0134,1.52,0,1.6512,0,2.1419,0.020627,1.10384,0.06453,2.05072,0.48168,1.7,0.168588,2.41284663448276,0.236928380689655,4.22680758617487,3.28098393286453,1.48118210895797,0,1.416141,1.403e-06,1.63198369529295,0,3.93751115,2.975023827,3.498963705,1.910115375,3.498963705,1.910115375,3.496318,0.449584,3.237116,0.277425,3.102939,0.268897,2.73201091084558,0,2.05220418658465,0,1.88715018658471,0,1.88343072864806,0,2.02363718658471,0,1.95916870101526,0,2.73201091084558,0
328,1,0,0.32944,3.96718,2.62,0.99733,0.13,2.92,2.01,2.91,1.4588,0,1.64162,0.01317,1.52,0,1.6506,0,2.1357,0.022622,1.10398,0.06499,2.05235,0.48654,1.7,0.170289,2.40281445057471,0.234309070344828,4.25081010707178,3.26498273875547,1.48097497408489,0,1.416024,1.402e-06,1.63143747930867,0,3.939899097,2.959637037,3.496002203,1.91195446,3.496002203,1.91195446,3.48758,0.42557,3.22792,0.2605,3.093553,0.254845,2.72795387009329,0,2.05179718603722,0,1.88674318603729,0,1.8830254710673,0,2.02323018603729,0,1.95876061661265,0,2.72795387009329,0
329,1,0,0.33148,3.97976,2.59,1.0027,0.13,2.92,2.02,2.91,1.4588,0,1.63998,0.01293,1.52,0,1.65,0,2.1306,0.023577,1.10412,0.06624,2.05517,0.49107,1.7,0.1718745,2.39278226666667,0.23168976,4.27481262796869,3.24898154464641,1.48076992017646,0,1.415907,1.401e-06,1.63089846072424,0,3.942465655,2.944628322,3.493166808,1.914038581,3.493166808,1.914038581,3.478175,0.402339,3.218345,0.244179,3.084168,0.240793,2.72389095833447,0,2.05139057201524,0,1.88633657201531,0,1.88262066139092,0,2.02282357201531,0,1.95835284816016,0,2.72389095833447,0
330,1,0,0.33352,3.99234,2.56,1.008,0.13,2.92,2.03,2.91,1.4587,0,1.63834,0.0127,1.52,0,1.649,0,2.1262,0.022893,1.10426,0.06644,2.05862,0.49553,1.7,0.1734355,2.38275008275862,0.229070449655172,4.2988151488656,3.23298035053735,1.4805667408123,0,1.41579,1.4e-06,1.63036651893339,0,3.945109723,2.930034159,3.490666276,1.916318838,3.490666276,1.916318838,3.468199,0.379761,3.208421,0.228373,3.074241,0.228344,2.7198226919635,0,2.05098437017455,0,1.88593037017461,0,1.88221632309652,0,2.02241737017461,0,1.95794542361652,0,2.7198226919635,0
331,1,0,0.33556,4.00491,2.53,1.0133,0.13,2.92,2.05,2.93,1.4587,0,1.6367,0.01246,1.52,0,1.6481,0,2.1228,0.022661,1.10441,0.06664,2.06456,0.50027,1.7,0.1750945,2.37369272157565,0.228353951656222,4.3228176697625,3.21697915642829,1.48036594028596,0,1.415673,1.399e-06,1.62984153575247,0,3.947730201,2.915891029,3.488709363,1.918746326,3.488709363,1.918746326,3.457605,0.357686,3.198105,0.212977,3.064248,0.21609,2.71574958737476,0,2.05057860617099,0,1.88552460617105,0,1.88181247966173,0,2.02201160617105,0,1.95753837094042,0,2.71574958737476,0
332,1,0,0.3376,4.01749,2.5,1.0187,0.13,2.92,2.05,2.93,1.4586,0,1.63506,0.01223,1.52,0,1.6471,0,2.1181,0.020708,1.10455,0.06737,2.07135,0.50492,1.7,0.176722,2.36625315129812,0.230795312444047,4.34467575106962,3.19918680720861,1.48016694749743,0,1.415556,1.398e-06,1.62932339536411,0,3.950239535,2.902251736,3.48739265,1.921321755,3.48739265,1.921321755,3.446582,0.336446,3.187563,0.198215,3.054254,0.203837,2.71167216096261,0,2.05017330566039,0,1.88511930566045,0,1.88140915456417,0,2.02160630566045,0,1.95713171809059,0,2.71167216096261,0
333,1,0,0.33964,4.03007,2.47,1.024,0.13,2.92,2.07,2.93,1.4586,0,1.63342,0.01199,1.52,0,1.6462,0,2.1117,0.020224,1.10469,0.0681,2.07931,0.50945,1.7,0.1783075,2.35881358102059,0.233236673231871,4.36621056242707,3.18112444496305,1.47996996838318,0,1.415439,1.397e-06,1.62881198426234,0,3.9526862,2.889181191,3.486252272,1.924250733,3.486252272,1.924250733,3.435018,0.315747,3.176667,0.183882,3.044234,0.191723,2.70759092912144,0,2.0497684942986,0,1.88471449429866,0,1.88100637128146,0,2.02120149429866,0,1.95672549302573,0,2.70759092912144,0
334,1,0,0.34168,4.04264,2.44,1.0293,0.13,2.92,2.09,2.93,1.4586,0,1.6318,0.01176,1.52,0,1.6452,0,2.1074,0.020013,1.10483,0.06857,2.08903,0.51345,1.7,0.1797075,2.35137401074306,0.235678034019696,4.38774537378452,3.16306208271749,1.47977516343951,0,1.415322,1.396e-06,1.6283071911991,0,3.955157169,2.876554494,3.485385928,1.927423683,3.485385928,1.927423683,3.423027,0.295766,3.165526,0.170106,3.033903,0.181204,2.70350640824562,0,2.04936419774146,0,1.88431019774152,0,1.88060415329124,0,2.02079719774152,0,1.95631972370457,0,2.70350640824562,0
335,1,0,0.34372,4.05522,2.41,1.0347,0.13,2.92,2.11,2.93,1.4585,0,1.6318,0.01152,1.51,0,1.6443,0,2.1034,0.019556,1.10497,0.06905,2.09944,0.51725,1.71,0.1810375,2.34393444046553,0.23811939480752,4.40928018514197,3.14499972047193,1.47958207676564,0,1.415205,1.395e-06,1.62780890713226,0,3.957733459,2.864222695,3.485003539,1.93067662,3.485003539,1.93067662,3.410587,0.276413,3.154112,0.156828,3.023571,0.170685,2.69941911472953,0,2.04896044164481,0,1.88390644164487,0,1.8802025240711,0,2.02039344164487,0,1.9559144380858,0,2.69941911472953,0
336,1,0,0.34577,4.0678,2.38,1.04,0.13,2.92,2.12,2.93,1.4584,0,1.6318,0.01129,1.51,0,1.6433,0,2.0996,0.02072,1.10512,0.06979,2.11005,0.51733,1.71,0.1810655,2.34049692659551,0.242319145284252,4.43081499649942,3.12693735822637,1.47939087062069,0,1.415088,1.394e-06,1.62731702517494,0,3.960471746,2.852083816,3.485160783,1.933936951,3.485160783,1.933936951,3.39783,0.25784,3.14253,0.14414,3.01324,0.160166,2.69532956496754,0,2.04855725166449,0,1.88350325166454,0,1.87980150709869,0,2.01999025166454,0,1.95550966412815,0,2.69532956496754,0
337,1,0,0.34781,4.08037,2.35,1.0453,0.13,2.92,2.13,2.93,1.4583,0,1.6318,0.01105,1.51,0,1.6424,0,2.0958,0.021017,1.10526,0.06946,2.12102,0.517,1.71,0.18095,2.33746490742758,0.246697058592899,4.45234980785686,3.10887499598081,1.47920174398724,0,1.414971,1.393e-06,1.62683144054608,0,3.963339994,2.840150856,3.485664571,1.937274817,3.485664571,1.937274817,3.384637,0.239939,3.130676,0.131982,3.002885,0.150016,2.69123827535403,0,2.04815465345633,0,1.88310065345639,0,1.87940112585162,0,2.01958765345639,0,1.95510542979033,0,2.69123827535403,0
338,1,0,0.34985,4.09295,2.32,1.0507,0.13,2.92,2.15,2.96,1.4583,0,1.63167,0.01082,1.51,0,1.6414,0,2.0919,0.019538,1.1054,0.06617,2.13301,0.5155,1.72,0.180425,2.33443288825964,0.251074971901547,4.47388461921431,3.09081263373525,1.47901431521679,0,1.414854,1.392e-06,1.62635205052244,0,3.966290171,2.828430613,3.48642706,1.94069494,3.48642706,1.94069494,3.371208,0.222807,3.118704,0.120417,2.992449,0.141138,2.68714576228337,0,2.04775267267619,0,1.88269867267624,0,1.87900140380751,0,2.01918567267624,0,1.95470176303104,0,2.68714576228337,0
339,1,0,0.35189,4.10553,2.29,1.056,0.13,2.92,2.16,2.96,1.4582,0,1.63003,0.01058,1.51,0,1.6405,0,2.0886,0.019201,1.10554,0.06501,2.14485,0.51405,1.72,0.1799175,2.3314008690917,0.255452885210194,4.49498731736982,3.0725048027366,1.47882869105,0,1.414737,1.391e-06,1.62587875439172,0,3.969274331,2.816929568,3.487361815,1.94420119,3.487361815,1.94420119,3.357455,0.206326,3.106539,0.109361,2.982014,0.132261,2.68305254214994,0,2.04735133497989,0,1.88229733497995,0,1.87860236444399,0,2.01878433497995,0,1.95429869180901,0,2.68305254214994,0
340,1,0,0.35393,4.1181,2.26,1.0613,0.13,2.92,2.17,2.96,1.4581,0,1.62839,0.01035,1.51,0,1.6395,0,2.0856,0.018182,1.10569,0.06439,2.15654,0.51264,1.72,0.179424,2.32930379610004,0.25971536731666,4.51375217230457,3.05286892284303,1.4786449379689,0,1.41462,1.39e-06,1.62541145340693,0,3.972244529,2.8056542,3.488382404,1.94779744,3.488382404,1.94779744,3.343553,0.190629,3.094325,0.09891,2.971578,0.123383,2.67895913134812,0,2.04695066602329,0,1.88189666602334,0,1.87820403123867,0,2.01838366602334,0,1.95389624408294,0,2.67895913134812,0
341,1,0,0.35597,4.13068,2.23,1.0667,0.13,2.92,2.19,2.96,1.4581,0,1.62675,0.01011,1.51,0,1.6386,0,2.0828,0.017667,1.10583,0.06268,2.16762,0.50819,1.73,0.1778665,2.32922113395507,0.263729144340822,4.53251702723933,3.03323304294945,1.47846309828071,0,1.414503,1.389e-06,1.62495005074194,0,3.975151245,2.794618716,3.489434576,1.951488272,3.489434576,1.951488272,3.329409,0.175588,3.08198,0.08898,2.961172,0.115001,2.67486604627228,0,2.04655069146221,0,1.88149669146226,0,1.87780642766918,0,2.01798369146226,0,1.95349444781155,0,2.67486604627228,0
342,1,0,0.35801,4.14326,2.2,1.072,0.13,2.92,2.19,2.96,1.458,0,1.62511,0.00988,1.51,0,1.6376,0,2.08,0.018114,1.10597,0.06123,2.17848,0.50265,1.73,0.1759275,2.32913847181009,0.267742921364985,4.55128188217408,3.01359716305587,1.47828282308917,0,1.414386,1.388e-06,1.62449445144818,0,3.977980269,2.783877707,3.490745308,1.955290032,3.490745308,1.955290032,3.315048,0.161193,3.06951,0.079571,2.950826,0.107649,2.67077380331679,0,2.04615143695251,0,1.88109743695256,0,1.87740957721314,0,2.01758443695256,0,1.95309333095355,0,2.67077380331679,0
343,1,0,0.36005,4.15583,2.17,1.0773,0.13,2.92,2.2,2.96,1.458,0,1.62347,0.00964,1.51,0,1.6367,0,2.0766,0.017231,1.10611,0.0606,2.18876,0.49604,1.73,0.173614,2.32905580966511,0.271756698389148,4.57004673710883,2.9939612831623,1.47810441771251,0,1.414269,1.387e-06,1.62404456241241,0,3.980819072,2.773387813,3.492345749,1.959225137,3.492345749,1.959225137,3.300627,0.147572,3.057057,0.070761,2.940481,0.100298,2.66668291887604,0,2.04575292815001,0,1.88069892815006,0,1.87701350334818,0,2.01718592815006,0,1.95269292146765,0,2.66668291887604,0
344,1,0,0.36209,4.16841,2.14,1.0827,0.13,2.92,2.21,2.96,1.4579,0,1.62182,0.00941,1.51,0,1.6357,0,2.0718,0.016527,1.10625,0.06077,2.19879,0.48917,1.73,0.1712095,2.32897314752014,0.275770475413311,4.58881159204358,2.97432540326872,1.47792755670681,0,1.414152,1.386e-06,1.62360029231557,0,3.983767536,2.763083995,3.494197518,1.963315486,3.494197518,1.963315486,3.286008,0.134547,3.0445,0.062442,2.930136,0.092946,2.6625939093444,0,2.04535519071057,0,1.88030119071061,0,1.87661822955191,0,2.01678819071061,0,1.95229324731256,0,2.6625939093444,0
345,1,0,0.36421,4.18091,2.11,1.088,0.13,2.92,2.23,2.96,1.4579,0,1.62018,0.00917,1.5,0,1.6348,0,2.067,0.017471,1.1064,0.0615,2.20737,0.48095,1.73,0.1683325,2.33054556701031,0.279905556907216,4.60757644697834,2.95468952337514,1.47775263015279,0,1.414035,1.385e-06,1.62316155159272,0,3.986906134,2.75289548,3.496318394,1.967580103,3.496318394,1.967580103,3.271311,0.122209,3.031941,0.054675,2.919886,0.086127,2.65850729111623,0,2.04495825029001,0,1.87990425029006,0,1.87622377930195,0,2.01639125029006,0,1.951894336447,0,2.65850729111623,0
346,1,0,0.36638,4.19335,2.08,1.0933,0.13,2.92,2.24,2.96,1.4578,0,1.61921,0.00894,1.5,0,1.6338,0,2.0623,0.016735,1.10654,0.06085,2.21576,0.47244,1.74,0.165354,2.33322597938144,0.28412184556701,4.62634130191309,2.93505364348157,1.47757922589497,0,1.413918,1.384e-06,1.62272825239398,0,3.990199709,2.742779759,3.4988834,1.972011386,3.4988834,1.972011386,3.256527,0.110523,3.01937,0.04744,2.909793,0.080178,2.65442358058593,0,2.04456213254419,0,1.87950813254423,0,1.87583017607593,0,2.01599513254423,0,1.95149621682968,0,2.65442358058593,0
347,1,0,0.36855,4.20578,2.05,1.0987,0.13,2.92,2.25,2.96,1.4578,0,1.61842,0.0087,1.5,0,1.6329,0,2.0576,0.016918,1.10668,0.06158,2.22372,0.46328,1.74,0.162148,2.33590639175258,0.288338134226804,4.64433431996038,2.91514686206043,1.47740734296281,0,1.413801,1.383e-06,1.62230030854637,0,3.993613462,2.732774412,3.501839236,1.976589626,3.501839236,1.976589626,3.241727,0.09951,3.006844,0.040749,2.899699,0.074228,2.65034329414787,0,2.04416686312894,0,1.87911286312898,0,1.87543744335148,0,2.01559986312898,0,1.95109891641931,0,2.65034329414787,0
348,1,0,0.37072,4.21822,2.02,1.104,0.13,2.92,2.27,2.99,1.4578,0,1.61763,0.00847,1.5,0,1.6319,0,2.0533,0.016522,1.10682,0.06314,2.23041,0.4544,1.74,0.15904,2.33858680412371,0.292554422886598,4.66016443387816,2.89448093833581,1.47723725218087,0,1.413684,1.382e-06,1.62187763551675,0,3.997117769,2.72292245,3.505106551,1.981295288,3.505106551,1.981295288,3.226993,0.0892,2.994432,0.034614,2.889606,0.068278,2.64626694819641,0,2.0437724677001,0,1.87871846770014,0,1.8750456046062,0,2.01520546770014,0,1.95070246317461,0,2.64626694819641,0
349,1,0,0.37289,4.23066,1.99,1.1093,0.13,2.92,2.29,2.99,1.4577,0,1.61684,0.00823,1.5,0,1.631,0,2.0496,0.015512,1.10696,0.06415,2.23556,0.44587,1.74,0.1560545,2.34126721649485,0.296770711546392,4.67599454779594,2.87381501461119,1.47706881083664,0,1.413567,1.381e-06,1.62146015037562,0,4.000683004,2.713266882,3.508605992,1.986108837,3.508605992,1.986108837,3.212241,0.079498,2.982069,0.028992,2.879666,0.062826,2.64219505912594,0,2.04337897191351,0,1.87832497191355,0,1.87465468331773,0,2.01481197191355,0,1.95030688505428,0,2.64219505912594,0
350,1,0,0.37506,4.2431,1.96,1.1147,0.13,2.92,2.29,2.99,1.4577,0,1.61605,0.008,1.5,0,1.63,0,2.0479,0.015817,1.10711,0.06573,2.24018,0.43633,1.74,0.1527155,2.34715748296593,0.299796363326653,4.69182466171372,2.85314909088658,1.47690192493459,0,1.41345,1.38e-06,1.62104777176177,0,4.004279543,2.703850719,3.512258207,1.991010737,3.512258207,1.991010737,3.197558,0.070436,2.969828,0.0239,2.869965,0.058154,2.63812814333083,0,2.04298640142501,0,1.87793240142505,0,1.87426470296368,0,2.01441940142505,0,1.94991221001705,0,2.63812814333083,0
351,1,0,0.37724,4.25553,1.93,1.12,0.13,2.92,2.29,2.99,1.4576,0,1.61526,0.00803,1.5,0,1.63,0,2.0447,0.01492,1.10725,0.06759,2.24442,0.42608,1.74,0.149128,2.35412341482966,0.302423016633267,4.7076547756315,2.83248316716196,1.47673642560089,0,1.413333,1.379e-06,1.62064041984791,0,4.007883238,2.694734866,3.516180175,1.996048745,3.516180175,1.996048745,3.182886,0.061967,2.95768,0.019309,2.860264,0.053482,2.63406671720546,0,2.04259478189045,0,1.87754078189049,0,1.87387568702168,0,2.01402778189049,0,1.94951846602161,0,2.63406671720546,0
352,1,0,0.37941,4.26797,1.9,1.1253,0.13,2.92,2.32,2.99,1.4576,0,1.61447,0.00805,1.5,0,1.63,0,2.0381,0.014959,1.10739,0.06919,2.24749,0.41605,1.74,0.1456175,2.36108934669339,0.30504966993988,4.72348488954928,2.81181724343734,1.47657253818321,0,1.413216,1.378e-06,1.62023801630715,0,4.011526691,2.685914751,3.520609943,2.001291179,3.520609943,2.001291179,3.16833,0.054113,2.945696,0.015238,2.850563,0.04881,2.6300112971442,0,2.04220413896565,0,1.87715013896569,0,1.87348765896935,0,2.01363713896569,0,1.94912568102669,0,2.6300112971442,0
353,1,0,0.38158,4.28041,1.87,1.1307,0.13,2.92,2.33,3.005,1.4575,0,1.61368,0.00808,1.5,0,1.63,0,2.0359,0.014533,1.10753,0.06995,2.25002,0.40612,1.74,0.144454,2.36805527855711,0.307676323246493,4.73931500346706,2.79115131971273,1.47641030209253,0,1.413099,1.377e-06,1.61984048428018,0,4.015274301,2.677279081,3.525319408,2.006629007,3.525319408,2.006629007,3.15384,0.046834,2.933856,0.011658,2.841042,0.044544,2.62596239954144,0,2.04181449830647,0,1.87676049830651,0,1.87310064228432,0,2.01324749830651,0,1.948733882991,0,2.62596239954144,0
354,1,0,0.38375,4.29285,1.84,1.136,0.13,2.92,2.34,3.02,1.4574,0,1.61289,0.00811,1.5,0,1.63,0,2.0349,0.013847,1.10768,0.07155,2.25198,0.39619,1.74,0.1457827,2.37502121042084,0.310302976553106,4.75514511738484,2.77048539598811,1.47624948568242,0,1.412982,1.376e-06,1.61944774834346,0,4.019190756,2.668714401,3.530067117,2.011948365,3.530067117,2.011948365,3.139501,0.040143,2.922235,0.008573,2.83185,0.041023,2.62192054079153,0,2.04142588556874,0,1.87637188556878,0,1.87271466044419,0,2.01285888556878,0,1.94834309987324,0,2.62192054079153,0
355,1,0,0.38592,4.30528,1.81,1.1413,0.13,2.92,2.34,3.02,1.4574,0,1.6121,0.00814,1.5,0,1.63,0,2.0314,0.013409,1.10782,0.0726,2.25378,0.38626,1.74,0.1466898,2.38421754529515,0.308815590882525,4.77042274095584,2.74972989461585,1.47609006165661,0,1.412865,1.375e-06,1.61905973447801,0,4.023315503,2.660173896,3.534668126,2.017124529,3.534668126,2.017124529,3.125378,0.034047,2.910891,0.00599,2.822657,0.037503,2.61788623728887,0,2.04103832640831,0,1.87598432640835,0,1.8723297369266,0,2.01247132640835,0,1.94795335963214,0,2.61788623728887,0
356,1,0,0.38809,4.31772,1.78,1.1467,0.13,2.92,2.36,3.02,1.4573,0,1.61131,0.00816,1.5,0,1.63,0,2.028,0.012806,1.10796,0.07337,2.25441,0.37672,1.73,0.147594,2.39412208455095,0.306021902980713,4.78329836104053,2.72858494603751,1.475932183961,0,1.412748,1.374e-06,1.61867637003913,0,4.027613923,2.651727422,3.539445141,2.022349815,3.539445141,2.022349815,3.111375,0.028488,2.899769,0.003877,2.813465,0.033982,2.61386000542783,0,2.04065184648101,0,1.87559784648104,0,1.87194589520917,0,2.01208484648104,0,1.9475646902264,0,2.61386000542783,0
357,1,0,0.39027,4.33016,1.76,1.152,0.13,2.92,2.38,3.02,1.4573,0,1.61052,0.00819,1.5,0,1.63,0,2.0246,0.012533,1.1081,0.07415,2.25483,0.36724,1.73,0.1486076,2.40402662380674,0.303228215078901,4.79617398112523,2.70743999745916,1.47577575402674,0,1.412631,1.373e-06,1.61829758372668,0,4.032062201,2.643350058,3.544982518,2.028065801,3.544982518,2.028065801,3.097486,0.023441,2.888891,0.002233,2.804445,0.03074,2.60984236160277,0,2.04026647144268,0,1.87521247144271,0,1.87156315876951,0,2.01169947144271,0,1.94717711961474,0,2.60984236160277,0
358,1,0,0.39244,4.3426,1.73,1.1573,0.13,2.92,2.38,3.02,1.4573,0,1.60973,0.00822,1.5,0,1.63,0,2.0224,0.012349,1.10824,0.07521,2.25427,0.3583,1.73,0.1496198,2.41393116306254,0.300434527177089,4.80904960120992,2.68629504888082,1.47562079846937,0,1.412514,1.372e-06,1.61792330555629,0,4.036637515,2.635013287,3.551153635,2.034164406,3.551153635,2.034164406,3.08392,0.018961,2.878435,0.001061,2.795889,0.028253,2.60583382220809,0,2.03988222694917,0,1.8748282269492,0,1.87118155108526,0,2.0113152269492,0,1.94679067575587,0,2.60583382220809,0
359,1,0,0.39461,4.35503,1.72,1.1627,0.13,2.92,2.38,3.02,1.4573,0,1.60894,0.00825,1.5,0,1.63,0,2.0195,0.012155,1.10839,0.07599,2.25359,0.34942,1.73,0.1505578,2.42383570231833,0.297640839275278,4.82192522129462,2.66515010030248,1.47546722204509,0,1.412397,1.371e-06,1.61755346683111,0,4.04131704,2.62668859,3.557267335,2.040303,3.557267335,2.040303,3.070501,0.014969,2.868317,0.000337,2.787333,0.025765,2.60183490363814,0,2.0394991386563,0,1.87444513865634,0,1.87080109563403,0,2.01093213865634,0,1.9464053866085,0,2.60183490363814,0
360,1,0,0.39678,4.36747,1.71,1.168,0.13,2.92,2.405,3.02,1.4573,0,1.60815,0.00827,1.49,0,1.63,0,2.0154,0.011969,1.10853,0.07706,2.25204,0.34194,1.73,0.1515098,2.43228859791864,0.290529189403974,4.83480084137931,2.64400515172414,1.47531495483728,0,1.41228,1.37e-06,1.61718800011431,0,4.046077956,2.618347449,3.563457695,2.046517796,3.563457695,2.046517796,3.057374,0.011486,2.858754,5e-05,2.778777,0.023278,2.59784612228732,0,2.03911723221994,0,1.87406323221997,0,1.87042181589344,0,2.01055023221997,0,1.94602128013135,0,2.59784612228732,0
361,1,0,0.39895,4.37991,1.68,1.1733,0.13,2.92,2.43,3.02,1.4572,0,1.60684,0.0083,1.49,0,1.63,0,2.0119,0.012039,1.10867,0.07871,2.25042,0.33458,1.73,0.1524494,2.43987421759697,0.280837798675497,4.847676461464,2.6228602031458,1.47516409574612,0,1.412163,1.369e-06,1.61682683920227,0,4.05092262,2.610010064,3.569889209,2.052703912,3.569889209,2.052703912,3.044539,0.008497,2.849834,0,2.770331,0.020907,2.59386799454999,0,2.0387365332959,0,1.87368253329593,0,1.87004373534112,0,2.01016953329593,0,1.94563838428312,0,2.59386799454999,0
362,1,0,0.40112,4.39235,1.65,1.1787,0.13,2.92,2.43,3.02,1.4572,0,1.6052,0.00833,1.49,0,1.63,0,2.0091,0.011581,1.10881,0.07951,2.24858,0.32843,1.73,0.1534011,2.44745983727531,0.27114640794702,4.8605520815487,2.60171525456745,1.47501466129095,0,1.412046,1.368e-06,1.61646991909835,0,4.055925924,2.601789344,3.576560821,2.058880173,3.576560821,2.058880173,3.031995,0.005985,2.841455,0,2.76257,0.019256,2.58990103682053,0,2.03835706754005,0,1.87330306754007,0,1.86966687745469,0,2.00979006754008,0,1.94525672702254,0,2.58990103682053,0
363,1,0,0.4033,4.40478,1.63,1.184,0.13,2.92,2.45,3.02,1.4571,0,1.60356,0.00836,1.49,0,1.63,0,2.0086,0.011391,1.10895,0.08117,2.24673,0.32238,1.73,0.1540478,2.45504545695364,0.261455017218543,4.87342770163339,2.58057030598911,1.47486654218525,0,1.411929,1.367e-06,1.61611717598739,0,4.061063008,2.593544156,3.583488475,2.06512291,3.583488475,2.06512291,3.019756,0.003933,2.833482,0,2.754809,0.017606,2.58594576549332,0,2.0379788606082,0,1.87292486060823,0,1.86929126571177,0,2.00941186060823,0,1.9448763363083,0,2.58594576549332,0
364,1,0,0.40547,4.41722,1.61,1.1893,0.13,2.92,2.47,3.02,1.457,0,1.60192,0.00838,1.49,0,1.6294,0,2.0052,0.010411,1.1091,0.08284,2.24467,0.31639,1.72,0.1546951,2.46263107663198,0.251763626490066,4.883684161523,2.55945630117063,1.4747196200672,0,1.411812,1.366e-06,1.61576854721069,0,4.066297455,2.585108034,3.590665101,2.071411573,3.590665101,2.071411573,3.007842,0.002326,2.825848,0,2.747047,0.015956,2.58200269696273,0,2.03760193815621,0,1.87254793815624,0,1.86891692358998,0,2.00903493815624,0,1.94449724009913,0,2.58200269696273,0
365,1,0,0.40768,4.42964,1.59,1.1947,0.13,2.92,2.47,3.02,1.457,0,1.6011,0.00841,1.49,0,1.6287,0,1.9994,0.0099474,1.10924,0.08394,2.2426,0.31042,1.72,0.155601,2.46779602057689,0.241264638985853,4.89371904386898,2.53834491415396,1.474574042125,0,1.411695,1.365e-06,1.61542397124174,0,4.071602558,2.576326207,3.598400888,2.078050348,3.598400888,2.078050348,2.996347,0.001154,2.818539,0,2.739286,0.014306,2.57807234762313,0,2.03722632583992,0,1.87217232583994,0,1.86854387456695,0,2.00865932583994,0,1.94411946635374,0,2.57807234762313,0
366,1,0,0.41001,4.44201,1.57,1.2,0.13,2.92,2.47,3.02,1.4569,0,1.60031,0.00844,1.49,0,1.6281,0,1.9968,0.0097086,1.10938,0.08475,2.24048,0.30491,1.72,0.1565115,2.46828288443873,0.229204929266948,4.90375392621497,2.51723352713728,1.47442983877605,0,1.411578,1.364e-06,1.61508338766239,0,4.077081365,2.567267364,3.606871126,2.085188963,3.606871126,2.085188963,2.985277,0.000399,2.811506,0,2.732302,0.013193,2.57415523386891,0,2.03685204931516,0,1.87179804931519,0,1.86817214212029,0,2.00828504931519,0,1.94374304303084,0,2.57415523386891,0
367,1,0,0.41233,4.45438,1.55,1.2053,0.13,2.92,2.47,3.02,1.4568,0,1.59952,0.00847,1.49,0,1.6275,0,1.9946,0.0092788,1.10952,0.08615,2.23835,0.29948,1.72,0.1574092,2.46876974830057,0.217145219548043,4.91378880856096,2.49612214012061,1.47428686332106,0,1.411461,1.363e-06,1.6147467371397,0,4.082705724,2.557993793,3.615819974,2.092443633,3.615819974,2.092443633,2.974667,4.3e-05,2.804694,0,2.72535,0.012103,2.57025187209444,0,2.03647913423778,0,1.8714251342378,0,1.86780174972762,0,2.0079121342378,0,1.94336799808913,0,2.57025187209444,0
368,1,0,0.41466,4.46675,1.52,1.2107,0.13,2.92,2.52,3.02,1.4568,0,1.59873,0.00849,1.49,0,1.6269,0,1.9932,0.009074,1.10967,0.08756,2.23656,0.29405,1.72,0.1583137,2.46925661216241,0.205085509829138,4.92382369090694,2.47501075310394,1.47414519014659,0,1.411344,1.362e-06,1.61441396140325,0,4.08839067,2.548518788,3.625260328,2.099710903,3.625260328,2.099710903,2.964704,0,2.798125,0,2.718398,0.011012,2.56636277869409,0,2.03610760626361,0,1.87105360626363,0,1.86743272086658,0,2.00754060626363,0,1.94299435948735,0,2.56636277869409,0
369,1,0,0.41698,4.47913,1.51,1.216,0.13,2.92,2.52,3.02,1.4568,0,1.59794,0.00852,1.49,0,1.6263,0,1.9897,0.0082,1.10981,0.08839,2.23485,0.28863,1.71,0.1588511,2.46974347602425,0.193025800110233,4.93385857325293,2.45389936608727,1.474004634809,0,1.411227,1.361e-06,1.61408500322307,0,4.094051241,2.538855645,3.635,2.107,3.635,2.107,2.9553,0,2.79174,0,2.711446,0.009922,2.56248847006224,0,2.0357374910485,0,1.87068349104852,0,1.86706507901478,0,2.00717049104852,0,1.94262215518419,0,2.56248847006224,0
370,1,0,0.41931,4.4915,1.49,1.2213,0.13,2.92,2.52,3.035,1.4567,0,1.59715,0.00855,1.49,0,1.6256,0,1.9864,0.0078682,1.10995,0.08951,2.23296,0.28326,1.71,0.1593958,2.47023033988609,0.180966090391328,4.94389345559891,2.43278797907059,1.47386539872391,0,1.41111,1.36e-06,1.61375980638803,0,4.099602474,2.529017659,3.644823012,2.114118171,3.644823012,2.114118171,2.946409,0,2.785585,0,2.705034,0.009101,2.55862946259327,0,2.03536881424828,0,1.8703148142483,0,1.86669884764984,0,2.0068018142483,0,1.94225141313837,0,2.55862946259327,0
371,1,0,0.42163,4.50387,1.48,1.2267,0.13,2.92,2.52,3.05,1.4567,0,1.59636,0.00858,1.49,0,1.625,0,1.986,0.0077123,1.11009,0.09123,2.231,0.27792,1.71,0.1601924,2.4665730278174,0.172090830242511,4.9539283379449,2.41167659205392,1.47372727133639,0,1.410993,1.359e-06,1.61343831568474,0,4.104959406,2.519018123,3.654924291,2.121442417,3.654924291,2.121442417,2.937906,0,2.779627,0,2.698819,0.008378,2.55478627268155,0,2.0350016015188,0,1.86994760151882,0,1.86633405024939,0,2.00643460151882,0,1.94188216130861,0,2.55478627268155,0
372,1,0,0.42396,4.51624,1.47,1.232,0.13,2.92,2.57,3.05,1.4567,0,1.59557,0.0086,1.49,0,1.6244,0,1.9843,0.0077311,1.11023,0.09206,2.22906,0.27309,1.71,0.1609873,2.46244499643367,0.163577278174037,4.96274570522302,2.39078464501964,1.47359044067014,0,1.410876,1.358e-06,1.613120476877,0,4.110182382,2.508788075,3.665463817,2.129663843,3.665463817,2.129663843,2.929689,0,2.773818,0,2.692603,0.007655,2.55095941672146,0,2.0346358785159,0,1.86958187851592,0,1.86597071029104,0,2.00606887851592,0,1.9415144276536,0,2.55095941672146,0
373,1,0,0.42629,4.52861,1.45,1.2373,0.13,2.92,2.57,3.05,1.4566,0,1.59478,0.00863,1.49,0,1.6238,0,1.9817,0.0077597,1.11038,0.0938,2.22713,0.26861,1.71,0.1617109,2.45831696504993,0.155063726105563,4.9701622755951,2.37014517194361,1.47345488972368,0,1.410759,1.357e-06,1.61280623668567,0,4.115417369,2.498229471,3.676449329,2.138493554,3.676449329,2.138493554,2.921821,0,2.768203,0,2.686387,0.006932,2.54714941110737,0,2.03427167089542,0,1.86921767089543,0,1.86560885125243,0,2.00570467089543,0,1.94114824013208,0,2.54714941110737,0
374,1,0,0.42861,4.54098,1.43,1.2427,0.13,2.92,2.57,3.05,1.4566,0,1.59399,0.00866,1.49,0,1.6231,0,1.9806,0.0075086,1.11052,0.09494,2.22489,0.2642,1.71,0.1624352,2.45418893366619,0.14655017403709,4.97757884596718,2.34950569886758,1.47332036996,0,1.410642,1.356e-06,1.61249554276905,0,4.120461987,2.487457743,3.688012548,2.147183032,3.688012548,2.147183032,2.914186,0,2.762714,0,2.680466,0.00632,2.54335677223365,0,2.03390900431319,0,1.8688550043132,0,1.86524849661116,0,2.0053420043132,0,1.94078362670275,0,2.54335677223365,0
375,1,0,0.43094,4.55335,1.42,1.248,0.13,2.92,2.62,3.05,1.4565,0,1.5932,0.00868,1.49,0,1.6225,0,1.9791,0.0070569,1.11066,0.09609,2.22226,0.25987,1.71,0.1630175,2.45006090228245,0.138036621968616,4.98499541633926,2.32886622579154,1.47318698448497,0,1.410525,1.355e-06,1.6121883437037,0,4.125103927,2.476594181,3.700169015,2.155836757,3.700169015,2.155836757,2.906783,0,2.757366,0,2.674894,0.005839,2.5395820164947,0,2.03354790442505,0,1.86849390442507,0,1.86488966984487,0,2.00498090442507,0,1.94042061532431,0,2.5395820164947,0
376,1,0,0.43326,4.56573,1.4,1.2533,0.13,2.92,2.62,3.05,1.4565,0,1.59241,0.00871,1.49,0,1.6219,0,1.9768,0.0070063,1.1108,0.09784,2.21959,0.25555,1.7,0.1636067,2.4457989100346,0.130468496539792,4.99241198671135,2.30822675271551,1.47305482405289,0,1.410408,1.354e-06,1.6118845889657,0,4.129162169,2.465748729,3.712853789,2.164667902,3.712853789,2.164667902,2.899645,0,2.752179,0,2.669321,0.005358,2.53582566028487,0,2.03318839688686,0,1.86813439688687,0,1.86453239443117,0,2.00462139688687,0,1.9400592339555,0,2.53582566028487,0
377,1,0,0.43559,4.5781,1.39,1.2587,0.13,2.92,2.62,3.05,1.4565,0,1.59162,0.00874,1.49,0,1.6213,0,1.9748,0.006755,1.11094,0.0996,2.21684,0.25126,1.7,0.1644682,2.44120894463668,0.12521503633218,4.99982855708343,2.28758727963947,1.47292369489765,0,1.410291,1.353e-06,1.61158422891236,0,4.132962345,2.454838744,3.726031984,2.173620379,3.726031984,2.173620379,2.892699,0,2.747098,0,2.663749,0.004876,2.53208821999855,0,2.03283050735444,0,1.86777650735446,0,1.86417669384769,0,2.00426350735446,0,1.93969951055501,0,2.53208821999855,0
378,1,0,0.43791,4.59047,1.37,1.264,0.13,2.92,2.64,3.07,1.4564,0,1.59083,0.00877,1.49,0,1.6206,0,1.973,0.0065038,1.11109,0.10137,2.21405,0.24708,1.7,0.1653376,2.43661897923875,0.119961576124567,5.00724512745551,2.26694780656344,1.47279370958168,0,1.410174,1.352e-06,1.61128721476435,0,4.136606814,2.443842744,3.74,2.183,3.74,2.183,2.88596,0,2.74215,0,2.65825,0.004416,2.5283702120301,0,2.03247426148365,0,1.86742026148366,0,1.86382259157205,0,2.00390726148366,0,1.93934147308156,0,2.5283702120301,0
379,1,0,0.44024,4.60284,1.36,1.2693,0.13,2.92,2.69,3.07,1.4564,0,1.59004,0.00879,1.48,0,1.62,0,1.9712,0.0065226,1.11123,0.10315,2.2109,0.24372,1.7,0.166222,2.43202901384083,0.114708115916955,5.01466169782759,2.24630833348741,1.47266485209415,0,1.410057,1.351e-06,1.61099349858823,0,4.140040417,2.432793842,3.75506622,2.193214754,3.75506622,2.193214754,2.87946,0,2.737357,0,2.653232,0.004095,2.52467215277392,0,2.0321196849303,0,1.86706568493032,0,1.86347011108186,0,2.00355268493032,0,1.93898514949386,0,2.52467215277392,0
380,1,0,0.44256,4.61521,1.34,1.2747,0.13,2.92,2.69,3.07,1.4563,0,1.58857,0.00882,1.48,0,1.62,0,1.9691,0.00627,1.11137,0.10584,2.20776,0.24036,1.7,0.1671132,2.42743904844291,0.109454655709343,5.02207826819968,2.22566886041137,1.47253710958397,0,1.40994,1.35e-06,1.61070303327936,0,4.143207995,2.421725154,3.771068182,2.203847937,3.771068182,2.203847937,2.873098,0,2.732643,0,2.648214,0.003773,2.52099455862437,0,2.03176680335026,0,1.86671280335027,0,1.86311927585476,0,2.00319980335027,0,1.93863056775063,0,2.52099455862437,0
381,1,0,0.44489,4.62758,1.33,1.28,0.13,2.92,2.69,3.07,1.4563,0,1.58693,0.00885,1.48,0,1.62,0,1.9669,0.0057477,1.11151,0.10763,2.20557,0.23754,1.69,0.1677378,2.42284908304498,0.10420119550173,5.02761082520325,2.20568939385727,1.47241044974409,0,1.409823,1.349e-06,1.61041577254531,0,4.146054386,2.410669793,3.787556299,2.214176791,3.787556299,2.214176791,2.866909,0,2.728042,0,2.643195,0.003452,2.51733794597583,0,2.03141564239936,0,1.86636164239937,0,1.86277010936837,0,2.00284864239937,0,1.93827775581058,0,2.51733794597583,0
382,1,0,0.44721,4.63996,1.32,1.2858,0.13,2.92,2.72,3.07,1.4562,0,1.58529,0.00888,1.48,0,1.62,0,1.9645,0.00575,1.11166,0.10883,2.20348,0.23477,1.69,0.1683561,2.41848676396578,0.0997348324106694,5.03270432113821,2.18586373893406,1.47228475344644,0,1.409706,1.348e-06,1.61013167088947,0,4.148524432,2.399660876,3.804760838,2.224422893,3.804760838,2.224422893,2.860893,0,2.723554,0,2.638177,0.00313,2.51370283122267,0,2.03106622773343,0,1.86601222773344,0,1.8624226351003,0,2.00249922773344,0,1.93792674163242,0,2.51370283122267,0
383,1,0,0.44954,4.65233,1.31,1.2917,0.13,2.92,2.735,3.07,1.4562,0,1.58389,0.0089,1.48,0,1.62,0,1.9635,0.005218,1.1118,0.11033,2.20142,0.23202,1.69,0.1693214,2.41434316389867,0.09602469988257,5.03779781707317,2.16603808401084,1.47216008719212,0,1.409589,1.347e-06,1.60985068359519,0,4.150592225,2.388727134,3.824144493,2.235455796,3.824144493,2.235455796,2.85502,0,2.719158,0,2.633522,0.002889,2.51008973075927,0,2.03071858500833,0,1.86566458500833,0,1.86207687652818,0,2.00215158500833,0,1.93757755317485,0,2.51008973075927,0
384,1,0,0.45186,4.6647,1.3,1.2975,0.13,2.92,2.75,3.07,1.4561,0,1.58389,0.00893,1.48,0,1.62,0,1.9644,0.00523,1.11194,0.11245,2.19936,0.22927,1.69,0.1702799,2.41019956383157,0.0923145673544707,5.04289131300813,2.14621242908762,1.47203655420164,0,1.409472,1.346e-06,1.60957276671021,0,4.152608623,2.377827658,3.846640441,2.247754788,3.846640441,2.247754788,2.849261,0,2.714837,0,2.628984,0.002673,2.50649916098,0,2.03037273987988,0,1.86531873987989,0,1.86173285712962,0,2.00180573987989,0,1.93723021839661,0,2.50649916098,0
385,1,0,0.45419,4.67707,1.29,1.3033,0.13,2.92,2.75,3.07,1.4561,0,1.58389,0.00896,1.48,0,1.62,0,1.9614,0.00481,1.11208,0.11489,2.1968,0.22658,1.69,0.1708582,2.40605596376447,0.0886044348263713,5.04798480894309,2.12638677416441,1.4719139687697,0,1.409355,1.345e-06,1.60929787703146,0,4.154496712,2.366955758,3.871,2.26,3.871,2.26,2.843664,0,2.710619,0,2.624445,0.002458,2.50293163827925,0,2.03002871800393,0,1.86497471800394,0,1.86139060038226,0,2.00146171800394,0,1.93688476525639,0,2.50293163827925,0
386,1,0,0.45651,4.68944,1.28,1.3092,0.13,2.92,2.77,3.07,1.456,0,1.58389,0.00899,1.48,0,1.62,0,1.9587,0.0047046,1.11222,0.11734,2.19347,0.22399,1.68,0.1714375,2.40191236369737,0.084894302298272,5.05307830487805,2.10656111924119,1.47179244414253,0,1.409238,1.344e-06,1.60902597209019,0,4.156004212,2.356127182,3.896165835,2.271834701,3.896165835,2.271834701,2.838224,0,2.706514,0,2.619906,0.002242,2.49938767905138,0,2.02968654503632,0,1.86463254503633,0,1.86105012976372,0,2.00111954503633,0,1.93654122171291,0,2.49938767905138,0
387,1,0,0.45884,4.70181,1.27,1.315,0.13,2.92,2.785,3.07,1.456,0,1.58354,0.00901,1.48,0,1.62,0,1.9599,0.00472,1.11237,0.11826,2.19023,0.22141,1.68,0.1723773,2.39776876363026,0.0811841697701727,5.05817180081301,2.08673546431798,1.47167197465651,0,1.409121,1.343e-06,1.60875701013743,0,4.156878845,2.345357678,3.923239405,2.283056899,3.923239405,2.283056899,2.832919,0,2.702496,0,2.615505,0.00205,2.49586779969078,0,2.02934624663289,0,1.8642922466329,0,1.8607114687516,0,2.0007792466329,0,1.93619961572489,0,2.49586779969078,0
388,1,0,0.46122,4.71412,1.26,1.3208,0.13,2.92,2.8,3.07,1.456,0,1.5819,0.00904,1.48,0,1.62,0,1.9591,0.00445,1.11251,0.11826,2.18771,0.21898,1.68,0.1733186,2.3937406,0.0780589244390243,5.06326529674797,2.06690980939476,1.47155242794801,0,1.409004,1.342e-06,1.60849095012982,0,4.156976483,2.334638901,3.953961425,2.29303388,3.953961425,2.29303388,2.827737,0,2.698563,0,2.611381,0.001904,2.49237251659182,0,2.02900784844948,0,1.86395384844949,0,1.86037464082355,0,2.00044084844949,0,1.93585997525103,0,2.49237251659182,0
389,1,0,0.46366,4.72635,1.25,1.3267,0.13,2.92,2.82,3.07,1.456,0,1.58026,0.00907,1.48,0,1.62,0,1.9572,0.0041482,1.11265,0.12011,2.18519,0.21656,1.68,0.1742736,2.38980726666667,0.075414160211382,5.06835879268293,2.04708415447154,1.47143392013054,0,1.408887,1.341e-06,1.60822775171571,0,4.156795202,2.323860464,3.989163426,2.302942733,3.989163426,2.302942733,2.822657,0,2.694702,0,2.607257,0.001759,2.48890234614886,0,2.02867137614194,0,1.86361737614194,0,1.86003966945717,0,2.00010437614194,0,1.93552232825005,0,2.48890234614886,0
390,1,0,0.4661,4.73858,1.24,1.3325,0.13,2.92,2.89,3.07,1.456,0,1.57862,0.0091,1.48,0,1.62,0,1.9562,0.00391,1.11279,0.12197,2.18283,0.21458,1.68,0.1752262,2.38587393333333,0.0727693959837398,5.07155069201059,2.02826325027588,1.47131628002981,0,1.40877,1.34e-06,1.60796737522159,0,4.156450157,2.313061127,4.026831586,2.306994453,4.026831586,2.306994453,2.817665,0,2.6909,0,2.603133,0.001614,2.4854578047563,0,2.02833685536609,0,1.86328285536609,0,1.8597065781301,0,1.99976985536609,0,1.93518670268065,0,2.4854578047563,0
391,1,0,0.46854,4.75081,1.23,1.3383,0.13,2.92,2.96,3.07,1.4559,0,1.57746,0.00912,1.48,0,1.62,0,1.9551,0.00364,1.11293,0.12384,2.1805,0.21273,1.68,0.1758401,2.3819406,0.0701246317560975,5.07465298730964,2.00948969035533,1.4711996143451,0,1.408653,1.339e-06,1.60770978163881,0,4.15595963,2.302305792,4.067240451,2.306366457,4.067240451,2.306366457,2.812803,0,2.687177,0,2.599009,0.001469,2.4820394088085,0,2.02800431177778,0,1.86295031177778,0,1.85937539031995,0,1.99943731177778,0,1.93485312650156,0,2.4820394088085,0
392,1,0,0.47097,4.76305,1.22,1.3442,0.13,2.92,2.96,2.96,1.4558,0,1.57667,0.00915,1.48,0,1.62,0,1.954,0.0031476,1.11308,0.12571,2.17847,0.21085,1.67,0.1764469,2.37800726666667,0.0674798675284553,5.0777552826087,1.99071613043478,1.47108391255458,0,1.408536,1.338e-06,1.60745493261064,0,4.155341901,2.291659358,4.109351759,2.304828278,4.109351759,2.304828278,2.808061,0,2.683544,0,2.595191,0.001364,2.47864767469985,0,2.02767377103285,0,1.86261977103286,0,1.85904612950434,0,1.99910677103286,0,1.93452162767149,0,2.47864767469985,0
393,1,0,0.47341,4.77528,1.21,1.35,0.13,2.92,2.96,2.96,1.4558,0,1.57588,0.00918,1.48,0,1.62,0,1.9508,0.0031,1.11322,0.12791,2.1768,0.20895,1.67,0.1773731,2.37407393333333,0.064835103300813,5.08085757790775,1.97194257051423,1.47096912500347,0,1.408419,1.337e-06,1.60720279041955,0,4.154615249,2.281186727,4.151178126,2.300177185,4.151178126,2.300177185,2.803392,0,2.679964,0,2.591425,0.001266,2.47528311882471,0,2.02734525878715,0,1.86229125878715,0,1.8587188191609,0,1.99877825878715,0,1.93419223414914,0,2.47528311882471,0
394,1,0,0.47585,4.78751,1.205,1.3553,0.13,2.92,2.96,2.96,1.4557,0,1.57509,0.00921,1.48,0,1.62,0,1.9477,0.00295,1.11336,0.13043,2.17509,0.20705,1.67,0.1782993,2.37030834593573,0.0625609831285444,5.0839598732068,1.95316901059369,1.47085531262209,0,1.408302,1.336e-06,1.60695331797482,0,4.153797955,2.270952801,4.193463163,2.285910654,4.193463163,2.285910654,2.798805,0,2.676441,0,2.587659,0.001168,2.47194625757746,0,2.02701880069651,0,1.86196480069651,0,1.85839348276725,0,1.99845180069651,0,1.93386497389324,0,2.47194625757746,0
395,1,0,0.47829,4.79974,1.2,1.3607,0.13,2.92,2.96,2.96,1.4556,0,1.5743,0.00923,1.48,0,1.62,0,1.9463,0.0026982,1.1135,0.13328,2.17282,0.20523,1.67,0.1791719,2.36679542848141,0.0608451513705104,5.08706216850585,1.93439545067314,1.47074239709312,0,1.408185,1.335e-06,1.60670647880039,0,4.152904221,2.261020068,4.232698453,2.268241747,4.232698453,2.268241747,2.794318,0,2.672987,0,2.583894,0.001069,2.46863760735248,0,2.02669442241676,0,1.86164042241676,0,1.85807014380101,0,1.99812742241676,0,1.93353987486249,0,2.46863760735248,0
396,1,0,0.48073,4.81197,1.19,1.366,0.13,2.92,2.9667,2.9667,1.4555,0,1.57351,0.00926,1.48,0,1.62,0,1.946,0.00284,1.11365,0.13677,2.17054,0.2034,1.67,0.1800376,2.3632825110271,0.0591293196124764,5.0901644638049,1.91562189075259,1.47063036280163,0,1.408068,1.334e-06,1.60646223702303,0,4.151504522,2.251197478,4.268819516,2.246848574,4.268819516,2.246848574,2.789972,0,2.669633,0,2.58023,0.000981,2.46535768454415,0,2.02637214960376,0,1.86131814960376,0,1.85774882573981,0,1.99780514960376,0,1.9332169650156,0,2.46535768454415,0
397,1,0,0.48317,4.82421,1.19,1.3713,0.13,2.92,2.9733,2.9733,1.4555,0,1.57272,0.00929,1.48,0,1.62,0,1.9462,0.0027732,1.11379,0.13932,2.16847,0.20157,1.66,0.1805361,2.35976959357278,0.0574134878544423,5.09326675910395,1.89684833083205,1.47051920003174,0,1.407951,1.333e-06,1.60622055736071,0,4.149430194,2.24147735,4.301494885,2.221897785,4.301494885,2.221897785,2.785687,0,2.666327,0,2.576778,0.000915,2.46210700554683,0,2.02605200791334,0,1.86099800791334,0,1.85742955206125,0,1.99748500791334,0,1.93289627231129,0,2.46210700554683,0
398,1,0,0.48561,4.83644,1.18,1.3767,0.13,2.92,2.98,2.98,1.4555,0,1.57193,0.00932,1.48,0,1.62,0,1.9439,0.00257,1.11393,0.14157,2.16651,0.19973,1.66,0.1810277,2.35625667611846,0.0556976560964083,5.096369054403,1.8780747709115,1.47040895224893,0,1.407834,1.332e-06,1.60598140511123,0,4.146865293,2.232066512,4.328826641,2.197188495,4.328826641,2.197188495,2.78146,0,2.663056,0,2.573326,0.000848,2.45888608675491,0,2.02573402300135,0,1.86068002300135,0,1.85711234624298,0,1.99716702300135,0,1.93257782470827,0,2.45888608675491,0
399,1,0,0.48805,4.84867,1.17,1.382,0.13,2.92,2.995,2.995,1.4555,0,1.57114,0.00934,1.47,0,1.62,0,1.9431,0.00229,1.11407,0.14352,2.16454,0.19789,1.66,0.1819545,2.35274375866415,0.0539818243383743,5.09799268650922,1.86036555192494,1.47029955983272,0,1.407717,1.331e-06,1.60574474614118,0,4.143993877,2.223171787,4.35253621,2.171697338,4.35253621,2.171697338,2.777314,0,2.65984,0,2.569874,0.000782,2.45569544456276,0,2.02541822052361,0,1.86036422052361,0,1.8567972317626,0,1.99685122052361,0,1.93226165016525,0,2.45569544456276,0
400,1,0,0.49048,4.8609,1.16,1.3873,0.13,2.92,3.01,3.01,1.4555,0,1.57035,0.00937,1.47,0,1.62,0,1.9438,0.00229,1.11421,0.14515,2.16258,0.19607,1.66,0.1828747,2.34926081897209,0.052293432469117,5.09943914396635,1.84278386315108,1.47019102521861,0,1.4076,1.33e-06,1.605510546875,0,4.141,2.215,4.373,2.146,4.373,2.146,2.773271,0,2.656695,0,2.566422,0.000715,2.45253559536475,0,2.02510462613598,0,1.86005062613598,0,1.85648423209774,0,1.99653762613598,0,1.93194777664095,0,2.45253559536475,0
401,1,0,0.49292,4.87314,1.16,1.3927,0.13,2.92,3.03,3.03,1.4555,0,1.56956,0.00943,1.47,0,1.6189,0,1.9428,0.00201,1.11436,0.14807,2.16062,0.19424,1.66,0.18355,2.34633570077779,0.0511156377459204,5.10088560142349,1.82520217437722,1.47008336904935,0,1.407483,1.329e-06,1.60527877428442,0,4.137689433,2.207312932,4.390980333,2.119636704,4.390980333,2.119636704,2.769286,0,2.653602,0,2.563173,0.000664,2.44940705555527,0,2.02479326549429,0,1.85973926549429,0,1.85617337072602,0,1.99622626549429,0,1.93163623209408,0,2.44940705555527,0
402,1,0,0.49536,4.88537,1.15,1.398,0.13,2.92,3.05,3.05,1.4555,0,1.56877,0.00949,1.47,0,1.6178,0,1.9418,0.00202,1.1145,0.15131,2.15797,0.19249,1.65,0.1842261,2.3434105825835,0.0499378430227238,5.10233205888062,1.80762048560336,1.46997653571045,0,1.407366,1.328e-06,1.60504939587802,0,4.133828643,2.199793252,4.406490325,2.093739295,4.406490325,2.093739295,2.7654,0,2.650574,0,2.559996,0.000619,2.44631034152869,0,2.02448416425438,0,1.85943016425438,0,1.85586467112507,0,1.99591716425438,0,1.93132704448335,0,2.44631034152869,0
403,1,0,0.4978,4.8976,1.15,1.4033,0.13,2.92,3.055,3.055,1.4555,0,1.56798,0.00956,1.47,0,1.6167,0,1.9412,0.00231,1.11464,0.15393,2.15509,0.19077,1.65,0.1853445,2.3404854643892,0.0487600482995272,5.10377851633775,1.7900387968295,1.46987051622824,0,1.407249,1.327e-06,1.60482237969109,0,4.129542735,2.192529116,4.418653115,2.071150112,4.418653115,2.071150112,2.76158,0,2.647591,0,2.556819,0.000573,2.44324596967938,0,2.0241773480721,0,1.8591233480721,0,1.8555581567725,0,1.9956103480721,0,1.93102024176747,0,2.44324596967938,0
404,1,0,0.50024,4.90983,1.14,1.4087,0.13,2.92,3.06,3.06,1.4554,0,1.56719,0.00962,1.47,0,1.6156,0,1.9415,0.00232,1.11478,0.15592,2.15239,0.18927,1.65,0.1864719,2.33756034619491,0.0475822535763306,5.10522497379489,1.77245710805565,1.46976530176493,0,1.407132,1.326e-06,1.60459769427565,0,4.124956811,2.185608684,4.428317167,2.05097936,4.428317167,2.05097936,2.757812,0,2.644646,0,2.553642,0.000528,2.44021445431667,0,2.02387284254963,0,1.85881884254963,0,1.85525385095086,0,1.99530584254963,0,1.93071585215181,0,2.44021445431667,0
405,1,0,0.50268,4.92206,1.14,1.414,0.13,2.92,3.0633,3.0633,1.4554,0,1.5664,0.00968,1.47,0,1.6144,0,1.9419,0.00232,1.11492,0.15857,2.15018,0.18838,1.65,0.187755,2.33463522800061,0.046404458853134,5.10667143125202,1.75487541928179,1.46966102554849,0,1.407015,1.325e-06,1.60437530869076,0,4.120195977,2.179120111,4.437177874,2.03252075,4.437177874,2.03252075,2.754115,0,2.64176,0,2.550491,0.000484,2.43721543263106,0,2.02357064134801,0,1.85851664134801,0,1.85495171369938,0,1.99500364134801,0,1.93041394012701,0,2.43721543263106,0
406,1,0,0.50512,4.9343,1.14,1.4193,0.13,2.92,3.0667,3.0667,1.4553,0,1.56561,0.00974,1.47,0,1.6133,0,1.9392,0.0022276,1.11507,0.16057,2.14796,0.18749,1.65,0.1890381,2.33171010980631,0.0452266641299374,5.10811788870916,1.73729373050793,1.46955745587288,0,1.406898,1.324e-06,1.60415519249292,0,4.115385336,2.173151556,4.446316129,2.015131129,4.446316129,2.015131129,2.750497,0,2.638928,0,2.547556,0.000453,2.43424811920441,0,2.02327069372335,0,1.85821669372335,0,1.85465173284721,0,1.99470369372335,0,1.93011437877671,0,2.43424811920441,0
407,1,0,0.50755,4.94653,1.13,1.4247,0.13,2.92,3.07,3.07,1.4553,0,1.56482,0.0098,1.47,0,1.6122,0,1.9376,0.0023326,1.11521,0.16259,2.14564,0.1867,1.65,0.1899754,2.32901304649446,0.0441656764723247,5.10956434616629,1.71971204173407,1.46945475915806,0,1.406781,1.323e-06,1.60393731572679,0,4.110649992,2.167791176,4.45520329,1.998977305,4.45520329,1.998977305,2.746925,0,2.636127,0,2.544621,0.000422,2.43131218331784,0,2.02297295315787,0,1.85791895315787,0,1.85435395377163,0,1.99440595315787,0,1.92981693359059,0,2.43131218331784,0
408,1,0,0.50999,4.95876,1.13,1.43,0.13,2.92,3.07,3.07,1.4552,0,1.56403,0.00986,1.47,0,1.6111,0,1.9369,0.00205,1.11535,0.16558,2.14328,0.18595,1.64,0.1909199,2.32654957785978,0.043224333298893,5.11017777068184,1.70290394130045,1.46935282916549,0,1.406664,1.322e-06,1.60372164891609,0,4.106104002,2.163114405,4.463632473,1.985563166,4.463632473,1.985563166,2.7434,0,2.633359,0,2.541686,0.000391,2.42840710000918,0,2.02267736177136,0,1.85762339053916,0,1.85405839053916,0,1.99411039053916,0,1.92952146142183,0,2.42840710000918,0
409,1,0,0.51243,4.97099,1.12,1.435,0.13,2.92,3.07,3.07,1.4551,0,1.56324,0.00993,1.47,0,1.61,0,1.9356,0.00205,1.11549,0.16859,2.14097,0.18519,1.64,0.1922111,2.32408610922509,0.0422829901254612,5.1102806266203,1.68656997565602,1.4692516576711,0,1.406547,1.321e-06,1.60350816305458,0,4.101506571,2.158798583,4.471317392,1.974084586,4.471317392,1.974084586,2.739963,0,2.630662,0,2.538751,0.00036,2.42553236715493,0,2.0223839152513,0,1.85732998860757,0,1.85376498860757,0,1.99381698860757,0,1.92922803634793,0,2.42553236715493,0
410,1,0,0.51487,4.98323,1.12,1.44,0.13,2.92,3.08,3.08,1.4551,0,1.56293,0.00999,1.47,0,1.61,0,1.9347,0.0017688,1.11563,0.17064,2.13887,0.18442,1.64,0.1935022,2.32162264059041,0.0413416469520295,5.11038348255875,1.67023601001159,1.46915123655735,0,1.40643,1.32e-06,1.60329682959741,0,4.096800906,2.154761982,4.47892241,1.964619974,4.47892241,1.964619974,2.736574,0,2.627996,0,2.535906,0.000333,2.42268786391103,0,2.02209266731629,0,1.85703870544589,0,1.85347370544589,0,1.99352570544589,0,1.92893670904464,0,2.42268786391103,0
411,1,0,0.51731,4.99546,1.11,1.445,0.13,2.92,3.09,3.09,1.4551,0,1.56293,0.01005,1.47,0,1.61,0,1.9349,0.00177,1.11578,0.17269,2.13678,0.18364,1.64,0.1947592,2.31915917195572,0.0404003037785978,5.11048633849721,1.65390204436716,1.46905155780302,0,1.406342,1.32e-06,1.6030876204525,0,4.092106335,2.151130473,4.487212012,1.957760239,4.487212012,1.957760239,2.733242,0,2.625371,0,2.533187,0.000312,2.41987333651526,0,2.02180367200362,0,1.85674949248156,0,1.85318449248156,0,1.99323649248156,0,1.92864749248156,0,2.41987333651526,0
412,1,0,0.51975,5.00769,1.11,1.45,0.13,2.92,3.095,3.095,1.4551,0,1.56293,0.01011,1.47,0,1.61,0,1.9337,0.00148,1.11592,0.17475,2.13528,0.18283,1.64,0.1960159,2.31669570332103,0.0394589606051661,5.11058919443566,1.63756807872273,1.46895266251059,0,1.406254,1.32e-06,1.60288050797221,0,4.087542184,2.148029927,4.495886166,1.951749739,4.495886166,1.951749739,2.72997,0,2.622791,0,2.530468,0.00029,2.4170881665413,0,2.02151688364895,0,1.85646232982601,0,1.85289732982601,0,1.99294932982601,0,1.92836032982601,0,2.4170881665413,0
413,1,0,0.52219,5.01992,1.11,1.455,0.13,2.92,3.1,3.1,1.4551,0,1.56293,0.01017,1.47,0,1.61,0,1.9324,0.0012743,1.11606,0.17682,2.13419,0.18198,1.63,0.1969254,2.31423223468635,0.0385176174317343,5.11069205037412,1.6212341130783,1.46885454750487,0,1.406166,1.32e-06,1.60267546494509,0,4.083227781,2.145586214,4.505693422,1.948233327,4.505693422,1.948233327,2.726743,0,2.620243,0,2.527749,0.000269,2.41433196391177,0,2.02123215600065,0,1.85617725452688,0,1.85261225452688,0,1.99266425452688,0,1.92807525452688,0,2.41433196391177,0
414,1,0,0.52469,5.03215,1.11,1.46,0.13,2.92,3.1067,3.1067,1.4551,0,1.5624,0.01024,1.47,0,1.61,0,1.9334,0.00148,1.1144,0.17955,2.1331,0.18113,1.63,0.1978417,2.3120165905197,0.0376085766561965,5.11079490631257,1.60490014743387,1.46875714973875,0,1.406078,1.32e-06,1.60247246458787,0,4.07919601,2.14372516,4.517384269,1.948328947,4.517384269,1.948328947,2.723576,0,2.617735,0,2.52503,0.000248,2.41160431698961,0,2.02094935496763,0,1.855894284931,0,1.85232929741938,0,1.992381284931,0,1.92779229741938,0,2.41160431698961,0
415,1,0,0.52723,5.04438,1.1,1.465,0.13,2.92,3.1133,3.1133,1.4551,0,1.56161,0.0103,1.47,0,1.61,0,1.9332,0.00149,1.11617,0.1823,2.13188,0.1803,1.63,0.1990982,2.30989780125643,0.0367121603226728,5.11089776225103,1.58856618178944,1.46866046160387,0,1.40599,1.32e-06,1.60227148053763,0,4.075263878,2.141954736,4.531256573,1.94971839,4.531256573,1.94971839,2.720451,0,2.615261,0,2.522441,0.000231,2.40890470862744,0,2.02066848425663,0,1.85561335936521,0,1.85204842163963,0,1.99210035936521,0,1.92751142163963,0,2.40890470862744,0
416,1,0,0.52977,5.05661,1.1,1.47,0.13,2.92,3.12,3.12,1.455,0,1.56082,0.01036,1.47,0,1.61,0,1.932,0.00179,1.1201,0.18472,2.13065,0.17947,1.63,0.2003547,2.30777901199315,0.0358157439891491,5.11100061818948,1.57223221614501,1.46856454197541,0,1.405902,1.32e-06,1.60207248684405,0,4.071428874,2.140285996,4.54811712,1.951775318,4.54811712,1.951775318,2.717364,0,2.612822,0,2.519914,0.000216,2.40623287530483,0,2.02038959337025,0,1.85533451298234,0,1.85176957807468,0,1.99182151298234,0,1.92723257807468,0,2.40623287530483,0
417,1,0,0.53231,5.06883,1.1,1.475,0.13,2.92,3.19,3.04,1.455,0,1.56003,0.01042,1.47,0,1.61,0,1.9321,0.0016962,1.12245,0.18682,2.12942,0.17865,1.63,0.2016317,2.30566022272987,0.0349193276556254,5.11096296601792,1.55606067027083,1.46846927942051,0,1.405814,1.32e-06,1.60187545796192,0,4.067702751,2.138765544,4.56968615,1.956587737,4.56968615,1.956587737,2.714373,0,2.61045,0,2.517387,0.000202,2.40358855091769,0,2.02011271834415,0,1.85505780402069,0,1.85149271834415,0,1.99154480402069,0,1.92695571834415,0,2.40358855091769,0
418,1,0,0.53485,5.08106,1.1,1.48,0.13,2.92,3.26,2.96,1.4549,0,1.55924,0.01048,1.47,0,1.61,0,1.9323,0.0015,1.12559,0.18927,2.12821,0.17783,1.63,0.2029019,2.30354143346659,0.0340229113221017,5.10999324096386,1.5409665502008,1.46837474821519,0,1.405726,1.32e-06,1.60168036874373,0,4.06409726,2.137439988,4.597069419,1.963789814,4.597069419,1.963789814,2.711407,0,2.608096,0,2.51486,0.000187,2.40097116893898,0,2.01983780177397,0,1.85478327601598,0,1.85121780177397,0,1.99127027601598,0,1.92668080177397,0,2.40097116893898,0
419,1,0,0.5374,5.09329,1.1,1.485,0.13,2.92,3.27,2.96,1.4548,0,1.55845,0.01055,1.47,0,1.61,0,1.9324,0.0012,1.12692,0.19206,2.12699,0.17701,1.62,0.2037097,2.30142264420331,0.033126494988578,5.10902351590979,1.52587243013078,1.46828092067979,0,1.405638,1.32e-06,1.60148719443247,0,4.060624154,2.136355933,4.629484446,1.966989478,4.629484446,1.966989478,2.708466,0,2.605762,0,2.512333,0.000172,2.39838050781232,0,2.01956485990467,0,1.85451072965098,0,1.85094485990467,0,1.99099772965098,0,1.92640785990467,0,2.39838050781232,0
420,1,0,0.53994,5.10552,1.1,1.49,0.13,2.92,3.28,2.96,1.4548,0,1.55766,0.01061,1.47,0,1.61,0,1.9317,0.0012006,1.13125,0.19418,2.1258,0.17634,1.62,0.2045122,2.29930385494003,0.0322300786550543,5.10805379085573,1.51077831006076,1.46818784364279,0,1.40555,1.32e-06,1.60129591065451,0,4.057295186,2.135559986,4.670695188,1.965798273,4.670695188,1.965798273,2.705585,0,2.603474,0,2.509959,0.000161,2.39581644647668,0,2.01929393719523,0,1.85423992398426,0,1.85067393521718,0,1.99072692398426,0,1.92613693719523,0,2.39581644647668,0
421,1,0,0.54248,5.11774,1.1,1.495,0.13,2.92,3.315,2.96,1.4547,0,1.55695,0.01067,1.47,0,1.61,0,1.9309,0.00121,1.13242,0.199,2.12462,0.17577,1.62,0.2059141,2.29725066234304,0.0314117360562992,5.10708406580167,1.49568418999073,1.46809536548159,0,1.405421,1.321e-06,1.60110649341272,0,4.054122107,2.135098752,4.719455429,1.962880357,4.719455429,1.962880357,2.702735,0,2.601205,0,2.507606,0.000151,2.39327859034907,0,2.01902506369194,0,1.8539707352659,0,1.85040501796818,0,1.9904577352659,0,1.92586806369194,0,2.39327859034907,0
422,1,0,0.54502,5.12997,1.09,1.5,0.13,2.92,3.35,2.96,1.4546,0,1.55695,0.01073,1.47,0,1.61,0,1.9318,0.00121,1.135,0.20283,2.12344,0.17519,1.62,0.2073091,2.29522361666897,0.0306245137574169,5.10611434074761,1.48059006992071,1.46800361453779,0,1.405292,1.322e-06,1.60091891907966,0,4.051100456,2.135020678,4.770599238,1.957651602,4.770599238,1.957651602,2.69992,0,2.598964,0,2.505253,0.000141,2.3907664593522,0,2.01875812961482,0,1.85370334682886,0,1.85013805432566,0,1.99019034682886,0,1.92560112961482,0,2.3907664593522,0
423,1,0,0.54756,5.1422,1.09,1.5062,0.13,2.92,3.35,2.96,1.4546,0,1.55695,0.01079,1.46,0,1.61,0,1.9312,0.00152,1.135,0.20904,2.12227,0.17464,1.62,0.2087248,2.29319657099489,0.0298372914585346,5.10514461569354,1.46549594985068,1.46791252364442,0,1.405163,1.323e-06,1.60073316439091,0,4.048031387,2.135363363,4.827119042,1.937914354,4.827119042,1.937914354,2.697164,0,2.596769,0,2.502899,0.000131,2.38827964148859,0,2.01849298988398,0,1.85343799041102,0,1.84987299555143,0,1.98992499041102,0,1.92533598988398,0,2.38827964148859,0
424,1,0,0.5501,5.15443,1.09,1.5123,0.13,2.92,3.35,2.96,1.4546,0,1.55695,0.01085,1.46,0,1.61,0,1.9295,0.00152,1.13893,0.21358,2.12111,0.17408,1.62,0.2101472,2.29116952532082,0.0290500691596523,5.10417489063948,1.45040182978066,1.46782207518277,0,1.405034,1.324e-06,1.60054920643859,0,4.044985849,2.136059364,4.884868327,1.906251425,4.884868327,1.906251425,2.694458,0,2.594605,0,2.50055,0.000121,2.38581763811738,0,2.01822953982305,0,1.8531747579857,0,1.84960983032048,0,1.9896617579857,0,1.92507253982305,0,2.38581763811738,0
425,1,0,0.55264,5.16665,1.09,1.5185,0.13,2.92,3.35,2.96,1.4546,0,1.55668,0.01092,1.46,0,1.61,0,1.9306,0.00122,1.14316,0.21747,2.11994,0.17354,1.62,0.211767,2.28914247964675,0.02826284686077,5.10320516558542,1.43530770971064,1.4677323512845,0,1.404905,1.325e-06,1.60036702266496,0,4.042136187,2.13702018,4.93783854,1.868804609,4.93783854,1.868804609,2.691782,0,2.592466,0,2.498352,0.000114,2.3833801906603,0,2.01796785614947,0,1.85291349280732,0,1.84934853303784,0,1.98940049280732,0,1.92481085614947,0,2.3833801906603,0
426,1,0,0.55518,5.17888,1.09,1.5246,0.13,2.92,3.38,2.955,1.4546,0,1.55504,0.01098,1.46,0,1.61,0,1.931,0.00122,1.14736,0.22171,2.11879,0.17299,1.62,0.2133867,2.28711543397268,0.0274756245618877,5.10223544053136,1.42021358964061,1.46764317518678,0,1.404776,1.326e-06,1.60018659085618,0,4.039654745,2.13815731,4.990812281,1.814929461,4.990812281,1.814929461,2.689139,0,2.590357,0,2.496154,0.000107,2.38096722023966,0,2.01770806456945,0,1.85265404012216,0,1.84908904097732,0,1.98914104012216,0,1.92455106456945,0,2.38096722023966,0
427,1,0,0.55772,5.19111,1.09,1.5308,0.13,2.92,3.41,2.95,1.4546,0,1.5534,0.01104,1.46,0,1.61,0,1.9299,0.0012249,1.14841,0.2263,2.11764,0.17245,1.62,0.2146665,2.28508838829861,0.0266884022630054,5.10090815700483,1.40561953743961,1.46755471727601,0,1.404647,1.327e-06,1.60000788913619,0,4.037713869,2.139382254,5.035936851,1.751967646,5.035936851,1.751967646,2.686544,0,2.588286,0,2.493957,0.0001,2.37857847584132,0,2.01745022500058,0,1.85239632315508,0,1.84883132315508,0,1.98888332315508,0,1.92429322500058,0,2.37857847584132,0
428,1,0,0.56026,5.20334,1.09,1.5369,0.13,2.92,3.43,2.94,1.4546,0,1.55176,0.0111,1.46,0,1.61,0,1.9301,0.00123,1.15257,0.23024,2.1165,0.1719,1.61,0.215953,2.283102704,0.02599140208,5.09908710225443,1.39171605515298,1.46746695512902,0,1.404518,1.328e-06,1.59983089596069,0,4.036387351,2.140669607,5.065230762,1.690187036,5.065230762,1.690187036,2.683979,0,2.586234,0,2.491759,9.2e-05,2.37621349065849,0,2.01719425439896,0,1.85214037594528,0,1.84857537594528,0,1.98862737594528,0,1.92403725439896,0,2.37621349065849,0
429,1,0,0.5628,5.21556,1.09,1.5431,0.13,2.92,3.45,2.93,1.4546,0,1.55096,0.01116,1.46,0,1.61,0,1.93,0.00123,1.15383,0.23419,2.11536,0.17136,1.61,0.2177632,2.28116403733333,0.02539696208,5.09726604750403,1.37781257286635,1.46737971978514,0,1.404389,1.329e-06,1.59965559011129,0,4.035199844,2.14231861,5.089389223,1.625447217,5.089389223,1.625447217,2.681445,0,2.5842,0,2.489577,8.6e-05,2.37387200333678,0,2.01694010464474,0,1.85188614887373,0,1.84832114887373,0,1.98837314887373,0,1.92378310464474,0,2.37387200333678,0
430,1,0,0.56534,5.22779,1.09,1.5492,0.13,2.92,3.46,2.9233,1.4545,0,1.55096,0.01123,1.46,0,1.61,0,1.9258,0.0011517,1.15771,0.23816,2.11422,0.17082,1.61,0.2195734,2.27922537066667,0.02480252208,5.09544499275362,1.36390909057971,1.46729316744131,0,1.40426,1.33e-06,1.59948195068973,0,4.034081039,2.144327286,5.104757264,1.560309871,5.104757264,1.560309871,2.678962,0,2.582213,0,2.487521,8.1e-05,2.37155370380879,0,2.01668774603172,0,1.85163357283234,0,1.84806857283234,0,1.98812057283234,0,1.92353074603172,0,2.37155370380879,0
431,1,0,0.56788,5.24002,1.09,1.5554,0.13,2.92,3.47,2.9167,1.4545,0,1.55096,0.01129,1.46,0,1.61,0,1.9256,0.00092697,1.16182,0.24214,2.11336,0.17027,1.61,0.2214311,2.277286704,0.02420808208,5.09362393800322,1.35000560829308,1.46720721520317,0,1.404182,1.331e-06,1.59930995711225,0,4.033052913,2.146631583,5.106831913,1.498351174,5.106831913,1.498351174,2.676507,0,2.580243,0,2.485465,7.6e-05,2.36925820081802,0,2.01643717535351,0,1.8513826290026,0,1.8478176290026,0,1.9878696290026,0,1.92328017535351,0,2.36925820081802,0
432,1,0,0.57042,5.25225,1.09,1.5615,0.13,2.92,3.48,2.91,1.4544,0,1.55096,0.01135,1.46,0,1.61,0,1.9285,0.00095649,1.16324,0.24614,2.11277,0.16969,1.61,0.2232953,2.27534803733333,0.02361364208,5.09180288325282,1.33610212600644,1.46712192201241,0,1.404104,1.332e-06,1.59913958910405,0,4.032137442,2.149167446,5.105592332,1.437722424,5.105592332,1.437722424,2.67408,0,2.57829,0,2.483409,7.1e-05,2.36698526930912,0,2.01618833408838,0,1.85113343764439,0,1.84756843764439,0,1.98762043764439,0,1.92303133408838,0,2.36698526930912,0
433,1,0,0.57296,5.26447,1.09,1.5677,0.13,2.92,3.5,2.905,1.4543,0,1.55096,0.01141,1.46,0,1.61,0,1.9274,0.00093127,1.16998,0.24912,2.11219,0.16911,1.61,0.2250507,2.27340937066667,0.02301920208,5.08998182850242,1.32219864371981,1.46703713892455,0,1.404026,1.333e-06,1.59897082669389,0,4.031356602,2.151870824,5.103381789,1.380007076,5.103381789,1.380007076,2.671696,0,2.576376,0,2.481352,6.6e-05,2.36473465998603,0,2.01594116125094,0,1.85088610479583,0,1.84732110479583,0,1.98737310479583,0,1.92278416125094,0,2.36473465998603,0
434,1,0,0.5755,5.2767,1.09,1.5738,0.13,2.92,3.52,2.9,1.4543,0,1.55096,0.01147,1.46,0,1.61,0,1.9255,0.00124,1.17266,0.25177,2.11193,0.16843,1.61,0.2268051,2.271470704,0.02242476208,5.08816077375201,1.30829516143317,1.4669530077877,0,1.403948,1.334e-06,1.59880365020876,0,4.030732371,2.154677664,5.099326289,1.327160404,5.099326289,1.327160404,2.669336,0,2.574481,0,2.479315,6.1e-05,2.36250597672651,0,2.01569563901071,0,1.85064057573744,0,1.84707557573744,0,1.98712757573744,0,1.92253863901071,0,2.36250597672651,0
435,1,0,0.57804,5.28893,1.09,1.58,0.13,2.92,3.53,2.89,1.4542,0,1.55096,0.01154,1.46,0,1.61,0,1.9228,0.00125,1.17492,0.25512,2.11187,0.16767,1.61,0.2284227,2.26953203733333,0.02183032208,5.08633971900161,1.29439167914654,1.46686945255213,0,1.40387,1.335e-06,1.59863804026866,0,4.030286724,2.157523911,5.088370161,1.277905981,5.088370161,1.277905981,2.667,0,2.572606,0,2.477388,5.8e-05,2.36029899565054,0,2.01545180115837,0,1.85039678512737,0,1.84683178512737,0,1.98688378512737,0,1.92229480115837,0,2.36029899565054,0
436,1,0,0.58058,5.30115,1.1,1.5847,0.13,2.92,3.54,2.88,1.4542,0,1.55096,0.0116,1.46,0,1.61,0,1.9251,0.00125,1.17893,0.25918,2.11181,0.16692,1.61,0.2300404,2.26778668425795,0.0214133472132836,5.08451866425121,1.2804881968599,1.46678653475988,0,1.403792,1.336e-06,1.59847397778156,0,4.030041639,2.160345514,5.073702219,1.231952978,5.073702219,1.231952978,2.664711,0,2.570762,0,2.475461,5.4e-05,2.35811349678866,0,2.01520968269344,0,1.85015468269344,0,1.84658968269344,0,1.98664168269344,0,1.92205268269344,0,2.35811349678866,0
437,1,0,0.58312,5.31338,1.1,1.5893,0.13,2.92,3.56,2.88,1.4542,0,1.55096,0.01166,1.46,0,1.61,0,1.928,0.00125,1.18293,0.26325,2.11174,0.166,1.61,0.231568,2.26604772171451,0.0210022389625434,5.08236847639654,1.26712795830055,1.4667041727492,0,1.403714,1.337e-06,1.59831144393833,0,4.030031707,2.163101746,5.059320729,1.189343091,5.059320729,1.189343091,2.662448,0,2.568938,0,2.473533,5.1e-05,2.35594904688691,0,2.01496927266017,0,1.84991427266017,0,1.84634927266017,0,1.98640127266017,0,1.92181227266017,0,2.35594904688691,0
438,1,0,0.58566,5.32561,1.1,1.594,0.13,2.92,3.58,2.88,1.4542,0,1.55096,0.01172,1.46,0,1.61,0,1.9281,0.00126,1.1869,0.26734,2.11166,0.16502,1.61,0.2331018,2.26430875917106,0.0205911307118033,5.0798673945712,1.25434688040913,1.46662236697173,0,1.403636,1.338e-06,1.59815042020789,0,4.0303654,2.165957514,5.043750593,1.14966681,5.043750593,1.14966681,2.660216,0,2.567138,0,2.471606,4.7e-05,2.3538055198517,0,2.01473051350837,0,1.84967551350837,0,1.84611051350837,0,1.98616251350837,0,1.92157351350837,0,2.3538055198517,0
439,1,0,0.5882,5.33784,1.1,1.5987,0.13,2.92,3.59,2.86,1.4542,0,1.55096,0.01178,1.46,0,1.61,0,1.9265,0.00126,1.19338,0.27144,2.11159,0.16404,1.61,0.2346152,2.26256979662762,0.0201800224610632,5.07736631274587,1.2415658025177,1.46654117455173,0,1.403558,1.339e-06,1.59799088833235,0,4.031006201,2.168939186,5.026968297,1.112575507,5.026968297,1.112575507,2.658012,0,2.565361,0,2.469694,4.4e-05,2.35168287667469,0,2.01449334630742,0,1.84943834630742,0,1.84587334630742,0,1.98592534630742,0,1.92133634630742,0,2.35168287667469,0
440,1,0,0.59074,5.35006,1.1,1.6033,0.13,2.92,3.6,2.84,1.4542,0,1.55096,0.01184,1.46,0,1.61,0,1.9236,0.00126,1.19499,0.27626,2.11151,0.16307,1.61,0.2361287,2.26083083408418,0.0197689142103231,5.07486523092054,1.22878472462628,1.46646045463927,0,1.40348,1.34e-06,1.59783283032238,0,4.031883666,2.172023068,5.009827592,1.077768566,5.009827592,1.077768566,2.655828,0,2.563597,0,2.467884,4.2e-05,2.34958082127447,0,2.01425773470088,0,1.84920273470088,0,1.84563773470088,0,1.98568973470088,0,1.92110073470088,0,2.34958082127447,0
441,1,0,0.59328,5.36229,1.1,1.608,0.13,2.92,3.61,2.82,1.4542,0,1.54979,0.01191,1.46,0,1.61,0,1.9263,0.0014432,1.20187,0.28321,2.11144,0.1621,1.61,0.237683,2.25909187154074,0.019357805959583,5.0723641490952,1.21600364673485,1.46638041393204,0,1.403425,1.34e-06,1.59767622845252,0,4.032927352,2.175185465,4.991924336,1.044820182,4.991924336,1.044820182,2.653674,0,2.561854,0,2.466074,3.9e-05,2.347498992094,0,2.01402369964881,0,1.84896869964881,0,1.84540369964881,0,1.98545569964881,0,1.92086669964881,0,2.347498992094,0
442,1,0,0.59582,5.37452,1.1,1.6127,0.13,2.92,3.62,2.82,1.4542,0,1.54815,0.01197,1.46,0,1.61,0,1.9283,0.0015838,1.20577,0.28877,2.11136,0.16113,1.61,0.2392305,2.2573529089973,0.0189466977088428,5.06986306726987,1.20322256884343,1.46630082645944,0,1.40337,1.34e-06,1.59752106525668,0,4.034066812,2.178402681,4.973552649,1.013946362,4.973552649,1.013946362,2.651561,0,2.560147,0,2.464264,3.7e-05,2.34543710189835,0,2.0137912709968,0,1.84873627097572,0,1.84517127097572,0,1.98522327097572,0,1.9206342709968,0,2.34543710189835,0
443,1,0,0.59841,5.38674,1.1,1.6173,0.13,2.92,3.63,2.82,1.4541,0,1.54651,0.01203,1.46,0,1.6086,0,1.929,0.0014865,1.21214,0.2933,2.11129,0.16017,1.61,0.2408869,2.25565745870078,0.0185593214631723,5.06736198544453,1.19044149095201,1.4662218363681,0,1.403315,1.34e-06,1.5973673235237,0,4.035240098,2.181652388,4.955415389,0.985521658,4.955415389,0.985521658,2.649467,0,2.558457,0,2.462454,3.4e-05,2.34339479841093,0,2.01356046227065,0,1.84850542634247,0,1.84494042634247,0,1.98499242634247,0,1.92040346227065,0,2.34339479841093,0
444,1,0,0.60125,5.39892,1.11,1.622,0.13,2.92,3.655,2.82,1.4541,0,1.54497,0.01209,1.46,0,1.6071,0,1.9279,0.0015147,1.21361,0.29856,2.11122,0.15922,1.61,0.2425502,2.25413715066451,0.0182674695193144,5.0648609036192,1.17766041306058,1.46614337089308,0,1.40326,1.34e-06,1.59721498629303,0,4.03666341,2.184959647,4.937566036,0.959379415,4.937566036,0.959379415,2.647405,0,2.55679,0,2.460649,3.2e-05,2.34137186393011,0,2.01333122554418,0,1.84827615027674,0,1.84471115027674,0,1.98476315027674,0,1.92017422554418,0,2.34137186393011,0
445,1,0,0.6041,5.4111,1.11,1.6267,0.13,2.92,3.68,2.82,1.454,0,1.54497,0.01215,1.46,0,1.6057,0,1.9269,0.0015918,1.22052,0.30383,2.11115,0.15826,1.61,0.2447778,2.25261684262824,0.0179756175754565,5.06235982179386,1.16487933516916,1.46606549385147,0,1.403205,1.34e-06,1.59706403685039,0,4.038425761,2.188336141,4.919785475,0.935012014,4.919785475,0.935012014,2.645365,0,2.555141,0,2.458947,3e-05,2.33936820177966,0,2.01310349842957,0,1.84804847678905,0,1.84448347678905,0,1.98453547678905,0,1.91994649842957,0,2.33936820177966,0
446,1,0,0.60695,5.42329,1.11,1.6313,0.13,2.92,3.695,2.8,1.454,0,1.54497,0.01222,1.46,0,1.6043,0,1.9281,0.0016,1.22435,0.30878,2.11042,0.15736,1.62,0.247006,2.25109653459198,0.0176837656315986,5.05985873996853,1.15209825727773,1.46598812339841,0,1.40315,1.34e-06,1.59691445872366,0,4.040483062,2.191773282,4.902,0.912,4.902,0.912,2.64334,0,2.553504,0,2.457246,2.8e-05,2.33738364148697,0,2.01287722895972,0,1.84782245470785,0,1.84425745470785,0,1.98430945470785,0,1.91972020191384,0,2.33738364148697,0
447,1,0,0.6098,5.43547,1.11,1.636,0.13,2.92,3.71,2.78,1.4539,0,1.54497,0.01228,1.46,0,1.6029,0,1.9296,0.0016188,1.23034,0.31409,2.10948,0.15648,1.62,0.248704,2.24957622655571,0.0173919136877406,5.05718341637832,1.13964968204537,1.46591125325523,0,1.403095,1.34e-06,1.59676623567873,0,4.042791223,2.195262485,4.883954372,0.890110865,4.883954372,0.890110865,2.641353,0,2.551895,0,2.455544,2.7e-05,2.33541783740472,0,2.01265242620644,0,1.84759803407501,0,1.84403303407501,0,1.98408503407501,0,1.91949535363863,0,2.33541783740472,0
448,1,0,0.61264,5.44765,1.12,1.6407,0.13,2.92,3.7233,2.7767,1.4539,0,1.54487,0.01234,1.46,0,1.6014,0,1.931,0.00193,1.23795,0.31907,2.10854,0.1556,1.62,0.250402,2.24805591851944,0.0171000617438827,5.05413093656286,1.12792082775855,1.4658349454682,0,1.40304,1.34e-06,1.59661935171551,0,4.045306155,2.198795164,4.865866357,0.869378742,4.865866357,0.869378742,2.639382,0,2.550298,0,2.453842,2.5e-05,2.33347047838074,0,2.01242912131769,0,1.84737505856755,0,1.84381005856755,0,1.98386205856755,0,1.91927208005687,0,2.33347047838074,0
449,1,0,0.61549,5.45983,1.12,1.6453,0.13,2.92,3.7367,2.7733,1.4538,0,1.54408,0.0124,1.45,0,1.6,0,1.929,0.00193,1.24204,0.32443,2.1081,0.1547,1.62,0.2521338,2.24653561048317,0.0168082098000248,5.05107845674741,1.11619197347174,1.46575913416675,0,1.402985,1.34e-06,1.59647379106394,0,4.047983769,2.202362731,4.848371759,0.849784135,4.848371759,0.849784135,2.637438,0,2.548718,0,2.45214,2.3e-05,2.33154121494783,0,2.01220732263357,0,1.84715338767003,0,1.84358838767003,0,1.98364038767003,0,1.91905051117703,0,2.33154121494783,0
450,1,0,0.61834,5.47202,1.12,1.65,0.13,2.92,3.75,2.77,1.4538,0,1.54329,0.01246,1.45,0,1.6011,0,1.9292,0.0019385,1.24677,0.32802,2.1079,0.15378,1.62,0.2538654,2.2450153024469,0.0165163578561669,5.04802597693195,1.10446311918493,1.46568380745956,0,1.40293,1.34e-06,1.59632953818016,0,4.050779975,2.205956601,4.83194866,0.831310376,4.83194866,0.831310376,2.635517,0,2.547159,0,2.450527,2.2e-05,2.32962978040864,0,2.01198699156643,0,1.84693304865608,0,1.84336804865608,0,1.98342004865608,0,1.91883060149249,0,2.32962978040864,0
451,1,0,0.62119,5.4842,1.125,1.655,0.13,2.92,3.75,2.755,1.4538,0,1.5425,0.01261,1.45,0,1.6022,0,1.9323,0.00194,1.25111,0.33162,2.1077,0.15285,1.62,0.2556105,2.24351773865134,0.0162374086597197,5.04497349711649,1.09273426489812,1.4656090186358,0,1.402817,1.341e-06,1.59618657774269,0,4.053650686,2.209568187,4.816275687,0.813833407,4.816275687,0.813833407,2.633611,0,2.545612,0,2.448924,2.1e-05,2.32773619861454,0,2.01176815445868,0,1.84671416410935,0,1.84314916410935,0,1.98320116410935,0,1.91861210409174,0,2.32773619861454,0
452,1,0,0.62403,5.49638,1.13,1.66,0.13,2.92,3.75,2.74,1.4538,0,1.54171,0.01277,1.45,0,1.6033,0,1.9311,0.00194,1.25547,0.33739,2.10757,0.15193,1.62,0.2573625,2.24215110791712,0.0160327374416098,5.04192101730104,1.0810054106113,1.46553471799538,0,1.402704,1.342e-06,1.59604489464874,0,4.05655181,2.213188902,4.800816449,0.797130849,4.800816449,0.797130849,2.63175,0,2.544091,0,2.447321,2e-05,2.32586045474534,0,2.01155084105453,0,1.84649684105453,0,1.84293184105453,0,1.98298384105453,0,1.91839477841215,0,2.32586045474534,0
453,1,0,0.62688,5.50856,1.13,1.665,0.13,2.92,3.78,2.73,1.4538,0,1.54092,0.01292,1.45,0,1.6044,0,1.9296,0.0020535,1.2629,0.34354,2.1075,0.15101,1.63,0.2598285,2.2407844771829,0.0158280662234998,5.03886853748558,1.06927655632449,1.46546093826329,0,1.402591,1.343e-06,1.5959044740105,0,4.059476739,2.216815411,4.785055297,0.780980093,4.785055297,0.780980093,2.629899,0,2.542582,0,2.445718,1.8e-05,2.32400220019524,0,2.01133503649354,0,1.84628103649354,0,1.84271603649354,0,1.98276803649354,0,1.91817862390735,0,2.32400220019524,0
454,1,0,0.62973,5.52075,1.13,1.67,0.13,2.92,3.81,2.72,1.4538,0,1.54013,0.01307,1.45,0,1.6056,0,1.9295,0.00195,1.27031,0.34972,2.10744,0.1501,1.63,0.2622946,2.23941784644868,0.0156233950053899,5.03581605767013,1.05754770203768,1.46538764176856,0,1.402478,1.344e-06,1.5957653011516,0,4.062613725,2.220473113,4.768982268,0.765325002,4.768982268,0.765325002,2.628056,0,2.541085,0,2.444115,1.7e-05,2.32216120127882,0,2.01112067564065,0,1.84606667564065,0,1.84250167564065,0,1.98255367564065,0,1.91796384759006,0,2.32216120127882,0
455,1,0,0.63258,5.53293,1.14,1.675,0.13,2.92,3.815,2.715,1.4538,0,1.53934,0.01322,1.45,0,1.6067,0,1.9311,0.00196,1.27694,0.35592,2.10722,0.14915,1.63,0.2641143,2.23805121571446,0.0154187237872799,5.03276357785467,1.04581884775087,1.46531480463982,0,1.402365,1.345e-06,1.5956273616036,0,4.065975245,2.224165013,4.753135236,0.750351674,4.753135236,0.750351674,2.626248,0,2.539618,0,2.442577,1.6e-05,2.32033725077926,0,2.01090769224787,0,1.84585369777956,0,1.84228869777956,0,1.98234069777956,0,1.9177506495017,0,2.32033725077926,0
456,1,0,0.63542,5.54511,1.14,1.68,0.13,2.92,3.82,2.71,1.4538,0,1.53898,0.01337,1.45,0,1.6078,0,1.9334,0.00196,1.28187,0.36469,2.10678,0.14815,1.63,0.2659335,2.23668458498024,0.01521405256917,5.02971109803922,1.03408999346405,1.46524246320684,0,1.402252,1.346e-06,1.59549064110251,0,4.069537126,2.227889142,4.738070998,0.736257129,4.738070998,0.736257129,2.624455,0,2.538162,0,2.441066,1.5e-05,2.3185300564522,0,2.01069606528411,0,1.8456421184603,0,1.8420771184603,0,1.9821291184603,0,1.91753899661852,0,2.3185300564522,0
457,1,0,0.63827,5.55729,1.15,1.685,0.13,2.92,3.83,2.6967,1.4537,0,1.53898,0.01352,1.45,0,1.6089,0,1.9312,0.0021206,1.2874,0.37167,2.10634,0.14716,1.64,0.2684736,2.23531795424602,0.01500938135106,5.02665861822376,1.02236113917724,1.46517059950554,0,1.402139,1.347e-06,1.59535512558543,0,4.073275194,2.231643531,4.723872914,0.722988015,4.723872914,0.722988015,2.622703,0,2.53673,0,2.439554,1.5e-05,2.31673947721016,0,2.01048582148885,0,1.84543189398221,0,1.84186689398221,0,1.98191889398221,0,1.91732879730429,0,2.31673947721016,0
458,1,0,0.64112,5.56947,1.15,1.69,0.13,2.92,3.84,2.6833,1.4537,0,1.53898,0.01367,1.45,0,1.61,0,1.9293,0.0023,1.29332,0.37831,2.10594,0.14614,1.64,0.2710134,2.2339513235118,0.0148047101329501,5.02319358861651,1.01153685077487,1.46509921412191,0,1.402026,1.348e-06,1.59522080118721,0,4.077165277,2.235426212,4.710188254,0.71038596,4.710188254,0.71038596,2.62096,0,2.535307,0,2.438043,1.4e-05,2.31496541449176,0,2.01027698938324,0,1.84522295361594,0,1.84165795521654,0,1.98170995361594,0,1.91711998938324,0,2.31496541449176,0
459,1,0,0.64397,5.58166,1.15,1.695,0.13,2.92,3.85,2.67,1.4536,0,1.53898,0.01382,1.45,0,1.61,0,1.9278,0.0024165,1.30056,0.38572,2.1057,0.14506,1.64,0.2735798,2.23258469277758,0.0146000389148401,5.01968875157321,1.00079984504555,1.46502830328574,0,1.401913,1.349e-06,1.59508765423723,0,4.081183201,2.239235214,4.696701406,0.698348683,4.696701406,0.698348683,2.619227,0,2.533893,0,2.436532,1.3e-05,2.31320768278289,0,2.01006957874905,0,1.84501518787903,0,1.84145023254915,0,1.98150218787903,0,1.91691257874905,0,2.31320768278289,0
460,1,0,0.64681,5.59384,1.16,1.7,0.13,2.92,3.87,2.67,1.4536,0,1.5385,0.01397,1.45,0,1.61,0,1.928,0.00264,1.30777,0.39278,2.10546,0.14397,1.65,0.2761461,2.23133614958449,0.0144407560826408,5.01618391452991,0.990062839316239,1.46495785325428,0,1.4018,1.35e-06,1.59495567125618,0,4.085330861,2.243078044,4.683228383,0.686800676,4.683228383,0.686800676,2.617523,0,2.532506,0,2.435057,1.2e-05,2.31146597797882,0,2.00986353516512,0,1.84480872776163,0,1.84124380324147,0,1.98129572776163,0,1.91670653516512,0,2.31146597797882,0
461,1,0,0.64966,5.60602,1.16,1.705,0.13,2.92,3.89,2.67,1.4536,0,1.53771,0.01412,1.45,0,1.61,0,1.9286,0.0026426,1.31495,0.39657,2.10522,0.14288,1.65,0.277842,2.23011731301939,0.0142928913550323,5.01267907748662,0.979325833586926,1.46488787526592,0,1.401755,1.351e-06,1.5948248389529,0,4.08964784,2.246968147,4.669909816,0.67573869,4.669909816,0.67573869,2.61583,0,2.531128,0,2.43363,1.1e-05,2.30973999268835,0,2.00965879176513,0,1.84460379193308,0,1.84103878934655,0,1.98109079193308,0,1.91650179176513,0,2.30973999268835,0
462,1,0,0.65251,5.6182,1.17,1.71,0.13,2.92,3.89,2.645,1.4535,0,1.53692,0.01427,1.45,0,1.61,0,1.9296,0.00298,1.3221,0.39228,2.10474,0.14182,1.65,0.2795382,2.22889847645429,0.0141450266274238,5.00917424044332,0.968588827857613,1.46481832374592,0,1.40171,1.352e-06,1.59469514422137,0,4.094129986,2.250896561,4.656778195,0.665142708,4.656778195,0.665142708,2.614168,0,2.529767,0,2.432203,1.1e-05,2.30802939919625,0,2.00945530742337,0,1.84440051902303,0,1.84083519927473,0,1.98088751902303,0,1.91629830742337,0,2.30802939919625,0
463,1,0,0.65536,5.63039,1.17,1.715,0.13,2.92,3.89,2.62,1.4535,0,1.53613,0.01442,1.45,0,1.61,0,1.9307,0.00299,1.32921,0.39313,2.10425,0.14076,1.66,0.2818124,2.2276796398892,0.0139971618998153,5.00566940340002,0.957851822128299,1.46474920708002,0,1.401665,1.353e-06,1.59456657413762,0,4.098771638,2.254853681,4.643832201,0.655003776,4.643832201,0.655003776,2.612515,0,2.528416,0,2.430776,1e-05,2.30633410269816,0,2.00925310122622,0,1.84419873059403,0,1.84063298484429,0,1.98068573059403,0,1.91609610122622,0,2.30633410269816,0
464,1,0,0.6582,5.64257,1.17,1.72,0.13,2.92,3.91,2.62,1.4535,0,1.53534,0.01457,1.45,0,1.61,0,1.9317,0.0029912,1.3363,0.39915,2.10376,0.1397,1.66,0.2840934,2.2264608033241,0.0138492971722068,5.00216456635672,0.947114816398986,1.46468056032745,0,1.40162,1.354e-06,1.59443911595681,0,4.103567135,2.258829901,4.630927129,0.645359108,4.630927129,0.645359108,2.610879,0,2.527081,0,2.429349,1e-05,2.30465413807202,0,2.00905219754328,0,1.84399816981132,0,1.84043217441394,0,1.98048516981132,0,1.91589519754328,0,2.30465413807202,0
465,1,0,0.66105,5.65475,1.18,1.725,0.13,2.92,3.93,2.62,1.4534,0,1.53455,0.01472,1.45,0,1.61,0,1.9309,0.003,1.34336,0.4063,2.10324,0.13865,1.66,0.2853477,2.225241966759,0.0137014324445983,4.99865972931342,0.936377810669672,1.46461233070913,0,1.401575,1.355e-06,1.5943127571103,0,4.108510817,2.262815615,4.618275753,0.63605822,4.618275753,0.63605822,2.60927,0,2.525766,0,2.427931,9e-06,2.30298938606349,0,2.00885259238135,0,1.84379868963034,0,1.84023284391961,0,1.98028568963034,0,1.91569559238135,0,2.30298938606349,0
466,1,0,0.6639,5.66693,1.18,1.73,0.13,2.92,3.95,2.61,1.4534,0,1.53376,0.01488,1.45,0,1.61,0,1.9292,0.00301,1.35038,0.41756,2.1027,0.13761,1.66,0.2866021,2.22402313019391,0.0135535677169898,4.99515489227012,0.925640804940359,1.46454457648339,0,1.40153,1.356e-06,1.59418748520281,0,4.113597025,2.266801218,4.606169436,0.62691317,4.606169436,0.62691317,2.607675,0,2.524463,0,2.426583,9e-06,2.30133955498874,0,2.00865426135094,0,1.84360038326716,0,1.84003494050642,0,1.98008738326716,0,1.91549726135094,0,2.30133955498874,0
467,1,0,0.66674,5.67911,1.19,1.735,0.13,2.92,3.96,2.6,1.4534,0,1.53297,0.01503,1.45,0,1.61,0,1.9266,0.00301,1.35738,0.42737,2.10217,0.13657,1.67,0.2890533,2.22280429362881,0.0134057029893813,4.99165005522682,0.914903799211046,1.46447725258383,0,1.401485,1.357e-06,1.59406328800962,0,4.118820098,2.270777103,4.594900777,0.617736932,4.594900777,0.617736932,2.606096,0,2.523171,0,2.425234,8e-06,2.29970457344588,0,2.00845722907681,0,1.84340327488459,0,1.83983820715449,0,1.97989027488459,0,1.91530022907681,0,2.29970457344588,0
468,1,0,0.66959,5.6913,1.19,1.74,0.13,2.92,3.97,2.59,1.4534,0,1.53218,0.01518,1.45,0,1.61,0,1.9274,0.0033591,1.36448,0.43424,2.10164,0.13553,1.67,0.2915113,2.22160775258419,0.0132616966322107,4.98804717668655,0.904416858558972,1.4644103866621,0,1.40144,1.358e-06,1.5939401534738,0,4.124174377,2.274733666,4.584239089,0.608638688,4.584239089,0.608638688,2.604525,0,2.521884,0,2.423885,8e-06,2.29808435005437,0,2.00826152065913,0,1.8432073327505,0,1.83964239786091,0,1.9796943327505,0,1.91510452065913,0,2.29808435005437,0
469,1,0,0.67244,5.70348,1.19,1.745,0.13,2.92,3.97,2.58,1.4534,0,1.53139,0.01533,1.45,0,1.61,0,1.9286,0.00366,1.37488,0.44152,2.10111,0.1345,1.68,0.2946018,2.22055406802267,0.0131424124263643,4.98417237173015,0.894623494630565,1.46434392303993,0,1.401395,1.359e-06,1.59381806970354,0,4.129654199,2.278661301,4.573606536,0.599921297,4.573606536,0.599921297,2.602992,0,2.520625,0,2.422537,7e-06,2.29647864565948,0,2.00806711529959,0,1.84301250578519,0,1.83944756303962,0,1.97949950578519,0,1.91491011529959,0,2.29647864565948,0
470,1,0,0.67529,5.71566,1.2,1.75,0.13,2.92,3.97,2.57,1.4533,0,1.5306,0.01548,1.45,0,1.61,0,1.9295,0.0037082,1.38446,0.44807,2.10058,0.13347,1.68,0.2976923,2.21950038346115,0.0130231282205179,4.98029756677375,0.884830130702157,1.46427789847055,0,1.40135,1.36e-06,1.59369702496946,0,4.135268366,2.282551053,4.562405178,0.59189423,4.562405178,0.59189423,2.601464,0,2.519373,0,2.421188,7e-06,2.29488718589927,0,2.00787394464425,0,1.84281899502974,0,1.83925400472117,0,1.97930599502974,0,1.91471694464425,0,2.29488718589927,0
471,1,0,0.67813,5.72784,1.2,1.755,0.13,2.92,4.005,2.56,1.4533,0,1.52981,0.01563,1.45,0,1.61,0,1.9299,0.0033779,1.39134,0.45577,2.10006,0.13244,1.69,0.3009732,2.21844669889963,0.0129038440146716,4.97642276181735,0.875036766773749,1.46421227742087,0,1.401249,1.361e-06,1.59357700770205,0,4.141136875,2.286405877,4.550370817,0.584641146,4.550370817,0.584641146,2.599947,0,2.518131,0,2.419893,6e-06,2.29330969458152,0,2.00768194474354,0,1.84262700746054,0,1.83906200746054,0,1.97911400746054,0,1.91452494474354,0,2.29330969458152,0
472,1,0,0.68098,5.74003,1.21,1.76,0.13,2.92,4.04,2.55,1.4533,0,1.52902,0.01578,1.45,0,1.61,0,1.9298,0.00338,1.39819,0.46312,2.09995,0.1314,1.69,0.304254,2.21739301433811,0.0127845598088252,4.97254795686094,0.865243402845342,1.4641470764708,0,1.401148,1.362e-06,1.5934580064891,0,4.147263322,2.290236415,4.538285073,0.577691339,4.538285073,0.577691339,2.598453,0,2.516908,0,2.418617,6e-06,2.29174597141135,0,2.00749111356659,0,1.84243652632155,0,1.83887152632155,0,1.97892352632155,0,1.91433411356659,0,2.29174597141135,0
473,1,0,0.68383,5.75221,1.22,1.765,0.13,2.92,4.04,2.54,1.4533,0,1.52823,0.01593,1.45,0,1.61,0,1.9275,0.00339,1.40664,0.47088,2.09988,0.13036,1.7,0.3073036,2.21633932977659,0.0126652756029788,4.96867315190454,0.855450038916934,1.46408228072707,0,1.401047,1.363e-06,1.59334001007318,0,4.153617287,2.294053045,4.527061046,0.570510792,4.527061046,0.570510792,2.596975,0,2.515696,0,2.41734,6e-06,2.29019597329804,0,2.00730147321045,0,1.8422473014566,0,1.8386823014566,0,1.9787343014566,0,1.91414447321045,0,2.29019597329804,0
474,1,0,0.68668,5.76439,1.22,1.77,0.13,2.92,4.04,2.53,1.4532,0,1.52744,0.01608,1.45,0,1.61,0,1.9257,0.0034,1.41683,0.47791,2.09982,0.12931,1.7,0.3103531,2.21528564521507,0.0125459913971324,4.96479834694814,0.845656674988527,1.46401788613346,0,1.400946,1.364e-06,1.5932230073492,0,4.160168346,2.297866144,4.517329337,0.562575655,4.517329337,0.562575655,2.595519,0,2.5145,0,2.416064,5e-06,2.28865965454659,0,2.00711303968745,0,1.84205908821802,0,1.83849408821802,0,1.97854608821802,0,1.91395603968745,0,2.28865965454659,0
475,1,0,0.68952,5.77657,1.22,1.775,0.13,2.92,4.04,2.52,1.4532,0,1.52701,0.01623,1.45,0,1.61,0,1.9246,0.0034064,1.42483,0.48572,2.09958,0.12816,1.71,0.3142516,2.21423196065355,0.012426707191286,4.96092354199174,0.835863311060119,1.46395389886772,0,1.400845,1.365e-06,1.59310698736198,0,4.166886079,2.301686087,4.508552323,0.554067835,4.508552323,0.554067835,2.594068,0,2.513308,0,2.414788,5e-06,2.28713678369511,0,2.00692578271179,0,1.84187190471064,0,1.83830690471064,0,1.97835890471064,0,1.91376878271179,0,2.28713678369511,0
476,1,0,0.69237,5.78875,1.23,1.78,0.13,2.92,4.04,2.51,1.4532,0,1.52701,0.01638,1.45,0,1.61,0,1.9263,0.00375,1.43393,0.49432,2.09913,0.12687,1.72,0.3181487,2.21317827609203,0.0123074229854396,4.95704873703534,0.826069947131712,1.46389029380595,0,1.400744,1.366e-06,1.59299193930387,0,4.173740063,2.305523251,4.500028645,0.545732327,4.500028645,0.545732327,2.592633,0,2.512131,0,2.413532,5e-06,2.28562721452201,0,2.00673971255488,0,1.84168580905715,0,1.83812080905715,0,1.97817280905715,0,1.91358271255489,0,2.28562721452201,0
477,1,0,0.69525,5.80093,1.23,1.785,0.13,2.92,4.04,2.5,1.4531,0,1.52701,0.01653,1.45,0,1.61,0,1.9262,0.00376,1.44399,0.50295,2.09868,0.12558,1.72,0.3202574,2.2121362802139,0.0121919438502674,4.95317393207893,0.816276583203304,1.46382709861047,0,1.400643,1.367e-06,1.59287785251247,0,4.180700183,2.309387896,4.491065962,0.538318063,4.491065962,0.538318063,2.591204,0,2.510959,0,2.412324,5e-06,2.28413084480551,0,2.00655485538452,0,1.84150081900287,0,1.83793581900287,0,1.97798781900287,0,1.91339785538452,0,2.28413084480551,0
478,1,0,0.69855,5.81309,1.24,1.79,0.13,2.92,4.08,2.485,1.4531,0,1.52701,0.01668,1.45,0,1.61,0,1.9214,0.00377,1.45123,0.51199,2.09823,0.12428,1.725,0.322366,2.21116729625668,0.0121002326203209,4.94929912712253,0.806483219274897,1.46376426671596,0,1.400542,1.368e-06,1.59276471646824,0,4.187778282,2.313274086,4.481429862,0.531897522,4.481429862,0.531897522,2.589808,0,2.509807,0,2.411115,4e-06,2.28264745795788,0,2.00637122703459,0,1.84131683488401,0,1.83775183488401,0,1.97780383488401,0,1.91321422703459,0,2.28264745795788,0
479,1,0,0.70185,5.82524,1.24,1.795,0.13,2.92,4.12,2.47,1.4531,0,1.52616,0.01683,1.45,0,1.61,0,1.9198,0.00412,1.46084,0.52069,2.09764,0.12302,1.73,0.3242098,2.21019831229947,0.0120085213903743,4.94531557556731,0.797024611409095,1.46370187561796,0,1.400441,1.369e-06,1.59265252079238,0,4.194994915,2.317172553,4.471515654,0.526008357,4.471515654,0.526008357,2.588419,0,2.508663,0,2.409907,4e-06,2.28117693031544,0,2.00618877099579,0,1.8411339624281,0,1.8375689624281,0,1.9776209624281,0,1.91303177099579,0,2.28117693031544,0
480,1,0,0.70514,5.83739,1.25,1.8,0.13,2.92,4.12,2.46,1.4531,0,1.52452,0.01699,1.45,0,1.61,0,1.9188,0.00413,1.47078,0.52827,2.09705,0.12175,1.73,0.3260603,2.20922932834225,0.0119168101604278,4.94114686088438,0.788135993595838,1.46363985116545,0,1.40034,1.37e-06,1.5925412552445,0,4.202349889,2.321082047,4.461694149,0.520373743,4.461694149,0.520373743,2.587048,0,2.507539,0,2.408699,4e-06,2.27971920877861,0,2.00600741277951,0,1.84095241300723,0,1.83738741300723,0,1.97743941300723,0,1.91285041275959,0,2.27971920877861,0
481,1,0,0.70844,5.84955,1.26,1.805,0.13,2.92,4.12,2.45,1.453,0,1.52288,0.01714,1.45,0,1.61,0,1.9146,0.00428,1.47753,0.52592,2.09646,0.12049,1.74,0.3296177,2.20826034438503,0.0118250989304813,4.93697814620145,0.779247375782581,1.46357822370328,0,1.400301,1.372e-06,1.59243090972056,0,4.209843014,2.325001316,4.452293781,0.514758232,4.452293781,0.514758232,2.585687,0,2.506421,0,2.407491,4e-06,2.27827418672107,0,2.00582711317208,0,1.84077232629761,0,1.83720732629761,0,1.97725932629761,0,1.91267007726272,0,2.27827418672107,0
482,1,0,0.71173,5.8617,1.26,1.81,0.13,2.92,4.12,2.4367,1.453,0,1.52124,0.01729,1.45,0,1.61,0,1.9122,0.00449,1.48707,0.53085,2.09609,0.11921,1.75,0.3331817,2.20729136042781,0.0117333877005348,4.93280943151852,0.770358757969325,1.46351699271553,0,1.400262,1.374e-06,1.59232147425067,0,4.217474097,2.328929106,4.443173406,0.509312783,4.443173406,0.509312783,2.584339,0,2.505308,0,2.406332,3e-06,2.27684163575406,0,2.0056478953741,0,1.8405935267752,0,1.8370285267752,0,1.9770805267752,0,1.91249082017648,0,2.27684163575406,0
483,1,0,0.71503,5.87385,1.27,1.815,0.13,2.92,4.12,2.4233,1.453,0,1.52102,0.01744,1.45,0,1.61,0,1.9115,0.0045,1.49449,0.53849,2.09602,0.11794,1.75,0.335549,2.20632237647059,0.0116416764705882,4.92864071683559,0.761470140156068,1.46345612054705,0,1.400223,1.376e-06,1.59221293899702,0,4.225242948,2.332864168,4.434263225,0.50398332,4.434263225,0.50398332,2.583005,0,2.504208,0,2.405186,3e-06,2.2754213176854,0,2.00546978063884,0,1.84041575405315,0,1.83685075405315,0,1.97690275405315,0,1.91231275931865,0,2.2754213176854,0
484,1,0,0.71833,5.88601,1.27,1.82,0.13,2.92,4.12,2.41,1.4529,0,1.52102,0.01759,1.45,0,1.61,0,1.9122,0.00451,1.5064,0.55462,2.09595,0.11666,1.76,0.3379094,2.20535339251337,0.0115499652406417,4.92447200215266,0.752581522342811,1.46339558843131,0,1.400184,1.378e-06,1.59210529425184,0,4.233149374,2.336805249,4.425566747,0.498630945,4.425566747,0.498630945,2.581681,0,2.503118,0,2.404041,3e-06,2.27401296079319,0,2.00529276651026,0,1.84023883711606,0,1.83667383711606,0,1.97672583711606,0,1.91213599323328,0,2.27401296079319,0
485,1,0,0.72162,5.89816,1.2733,1.825,0.13,2.92,4.16,2.41,1.4529,0,1.52102,0.01774,1.45,0,1.61,0,1.9117,0.0046229,1.51355,0.57468,2.09588,0.11538,1.77,0.3399162,2.20438440855615,0.0114582540106952,4.92030328746973,0.743692904529554,1.46333543427394,0,1.400145,1.38e-06,1.59199853043537,0,4.241193184,2.340751097,4.41709422,0.493108169,4.41709422,0.493108169,2.580373,0,2.502043,0,2.402895,3e-06,2.27261647038458,0,2.00511683279668,0,1.84006288207458,0,1.83649788207458,0,1.97654988207458,0,1.91196044208059,0,2.27261647038458,0
486,1,0,0.72492,5.91031,1.28,1.83,0.13,2.92,4.2,2.41,1.4529,0,1.52102,0.01789,1.45,0,1.61,0,1.909,0.00453,1.52323,0.58283,2.09551,0.11413,1.77,0.3419165,2.20341542459893,0.0113665427807487,4.9161345727868,0.734804286716297,1.4632756653367,0,1.400106,1.382e-06,1.59189263809389,0,4.249374186,2.344700461,4.408841659,0.487429337,4.408841659,0.487429337,2.579073,0,2.500974,0,2.40175,3e-06,2.27123195627993,0,2.00494199844478,0,1.83988800269525,0,1.83632300269525,0,1.97637500269525,0,1.9117859368253,0,2.27123195627993,0
487,1,0,0.72821,5.92246,1.29,1.835,0.13,2.92,4.2,2.385,1.4529,0,1.52028,0.01804,1.45,0,1.61,0,1.9058,0.00489,1.53288,0.59061,2.09507,0.11289,1.78,0.3453517,2.20252774190231,0.0112767917634961,4.91196585810387,0.725915668903041,1.46321620243441,0,1.400067,1.384e-06,1.59178760789774,0,4.257692189,2.348652089,4.400758533,0.48181827,4.400758533,0.48181827,2.5778,0,2.499923,0,2.400617,3e-06,2.26985947279347,0,2.00476826778999,0,1.83971428673373,0,1.83614928673373,0,1.97620128673373,0,1.91161235212159,0,2.26985947279347,0
488,1,0,0.73151,5.93462,1.29,1.84,0.13,2.92,4.2,2.36,1.4529,0,1.51949,0.01819,1.45,0,1.61,0,1.9026,0.00455,1.54249,0.59882,2.09463,0.11165,1.79,0.3487869,2.20166193213368,0.0111875681131105,4.90779714342094,0.717027051089784,1.46315715494326,0,1.400028,1.386e-06,1.59168343063948,0,4.266147002,2.352604729,4.392792231,0.476505915,4.392792231,0.476505915,2.576535,0,2.498876,0,2.39953,3e-06,2.26849877647923,0,2.00459561524861,0,1.83954168298798,0,1.83597668298798,0,1.97602868298798,0,1.91143973986903,0,2.26849877647923,0
489,1,0,0.73481,5.94677,1.3,1.845,0.13,2.92,4.2,2.345,1.4529,0,1.5187,0.01834,1.45,0,1.61,0,1.8999,0.0046236,1.55112,0.60588,2.09418,0.11042,1.8,0.3508758,2.20079612236504,0.0110983444627249,4.903628428738,0.708138433276527,1.46309841690945,0,1.399989,1.388e-06,1.59158009723192,0,4.274758201,2.356574322,4.384935226,0.471603275,4.384935226,0.471603275,2.575284,0,2.497843,0,2.398444,2e-06,2.26714959075682,0,2.00442405873882,0,1.83937011399171,0,1.83580511399171,0,1.97585711399171,0,1.911268123375,0,2.26714959075682,0
490,1,0,0.7381,5.95892,1.3,1.85,0.13,2.92,4.2,2.33,1.4529,0,1.51791,0.01849,1.45,0,1.61,0,1.8991,0.00492,1.55845,0.61297,2.09363,0.1092,1.8,0.3529648,2.1999303125964,0.0110091208123393,4.89941123851683,0.699441825718794,1.46304010065074,0,1.39995,1.39e-06,1.59147759870636,0,4.28356117,2.36057596,4.37720932,0.466960054,4.37720932,0.466960054,2.574035,0,2.496812,0,2.397357,2e-06,2.26581164870902,0,2.00425362166111,0,1.83919950056311,0,1.83563450056311,0,1.97568650056311,0,1.91109750056311,0,2.26581164870902,0
491,1,0,0.7414,5.97108,1.31,1.855,0.13,2.92,4.2,2.32,1.4529,0,1.51712,0.01864,1.45,0,1.61,0,1.8996,0.00493,1.56795,0.62008,2.09309,0.10798,1.805,0.3549314,2.19906450282776,0.0109198971619537,4.89502317750701,0.691422032591164,1.46298211143947,0,1.399906,1.389e-06,1.5913759262107,0,4.292567202,2.364594157,4.369576945,0.462463057,4.369576945,0.462463057,2.572802,0,2.495795,0,2.396271,2e-06,2.26448480903734,0,2.00408430103245,0,1.83902982107186,0,1.83546482107186,0,1.97551682107186,0,1.91092782107186,0,2.26448480903734,0
492,1,0,0.7447,5.98323,1.32,1.86,0.13,2.92,4.2,2.31,1.4529,0,1.51633,0.01879,1.45,0,1.61,0,1.8989,0.00494,1.5774,0.628,2.09255,0.10677,1.81,0.3568981,2.19819869305913,0.0108306735115681,4.8906351164972,0.683402239463534,1.46292446832817,0,1.399862,1.388e-06,1.59127507100775,0,4.301787364,2.368613191,4.362,0.458,4.362,0.458,2.57157,0,2.49478,0,2.395184,2e-06,2.26316907032783,0,2.00391602826195,0,1.83886118061237,0,1.83529618061237,0,1.97534818061237,0,1.91075918061237,0,2.26316907032783,0
493,1,0,0.74799,5.99538,1.32,1.8647,0.13,2.92,4.2,2.3,1.4529,0,1.51554,0.01894,1.45,0,1.61,0,1.8971,0.00495,1.58681,0.63595,2.09203,0.10555,1.82,0.3589055,2.19733288329049,0.0107414498611825,4.88624705548738,0.675382446335905,1.46286715375751,0,1.399818,1.387e-06,1.59117502447338,0,4.311232726,2.372617341,4.354451782,0.453509992,4.354451782,0.453509992,2.570366,0,2.49379,0,2.39413,2e-06,2.2618644255501,0,2.00374873850024,0,1.83869368875308,0,1.83512868875308,0,1.97518068875308,0,1.91059168875308,0,2.2618644255501,0
494,1,0,0.75129,6.00753,1.33,1.8693,0.13,2.92,4.225,2.28,1.4528,0,1.51503,0.0191,1.45,0,1.61,0,1.8935,0.0053109,1.5972,0.64274,2.09156,0.10435,1.82,0.3609131,2.19646707352185,0.0106522262107969,4.88185899447756,0.667362653208275,1.46281016512097,0,1.399774,1.386e-06,1.59107577809487,0,4.320914353,2.376590886,4.346956647,0.449060002,4.346956647,0.449060002,2.569163,0,2.492801,0,2.393098,2e-06,2.26057070263418,0,2.00358245996984,0,1.83852733782258,0,1.83496233782258,0,1.97501433782258,0,1.91042533782258,0,2.26057070263418,0
495,1,0,0.75458,6.01969,1.34,1.874,0.13,2.92,4.25,2.26,1.4528,0,1.51503,0.01925,1.45,0,1.61,0,1.8912,0.0053206,1.60768,0.64916,2.09108,0.10314,1.83,0.3645798,2.19560126375321,0.0105630025604113,4.87747093346774,0.659342860080645,1.46275352360257,0,1.39973,1.385e-06,1.59097732346921,0,4.330843316,2.380518105,4.33955309,0.44472953,4.33955309,0.44472953,2.567986,0,2.491826,0,2.392066,2e-06,2.25928775887342,0,2.00341714315493,0,1.83836204762416,0,1.83479704762416,0,1.97484904762416,0,1.91026004762416,0,2.25928775887342,0
496,1,0,0.75788,6.03184,1.34,1.8787,0.13,2.92,4.265,2.255,1.4527,0,1.51503,0.0194,1.45,0,1.61,0,1.8894,0.0053303,1.61483,0.65521,2.0906,0.10194,1.84,0.3682466,2.19474169647268,0.0104753619869578,4.87308287245792,0.651323066953016,1.46269722084945,0,1.399686,1.384e-06,1.59087965230141,0,4.34103024,2.384383714,4.332278981,0.440597995,4.332278981,0.440597995,2.56681,0,2.490852,0,2.391035,2e-06,2.25801548248443,0,2.00325270662456,0,1.83819774566953,0,1.83463274566953,0,1.97468474566953,0,1.91009574566953,0,2.25801548248443,0
497,1,0,0.76118,6.04399,1.3433,1.8833,0.13,2.92,4.28,2.25,1.4526,0,1.51503,0.01955,1.45,0,1.61,0,1.8875,0.0057,1.6241,0.66246,2.09016,0.10071,1.85,0.3701179,2.19397497381682,0.0104112665418437,4.86869481144811,0.643303273825386,1.46264123331664,0,1.399642,1.383e-06,1.59078275640289,0,4.351434019,2.388224949,4.325101778,0.43670132,4.325101778,0.43670132,2.56565,0,2.489893,0,2.390003,2e-06,2.25675373628947,0,2.00308905238517,0,1.83803444958047,0,1.83446944958047,0,1.97452144958047,0,1.90993244958047,0,2.25675373628947,0
498,1,0,0.76447,6.05615,1.35,1.888,0.13,2.92,4.28,2.23,1.4526,0,1.5147,0.0197,1.45,0,1.61,0,1.8866,0.00571,1.63416,0.66974,2.08974,0.09948,1.85,0.3719892,2.19320825116095,0.0103471710967296,4.86430675043829,0.635283480697756,1.46258561952726,0,1.399598,1.382e-06,1.5906866276899,0,4.362029062,2.392067578,4.318019179,0.432966813,4.318019179,0.432966813,2.564491,0,2.488934,0,2.388972,2e-06,2.25550239228586,0,2.00292631510408,0,1.83787212784218,0,1.83430712784218,0,1.97435912784218,0,1.90977012784218,0,2.25550239228586,0
499,1,0,0.76777,6.0683,1.36,1.8927,0.13,2.92,4.28,2.21,1.4525,0,1.51391,0.01985,1.44,0,1.61,0,1.8862,0.00572,1.64641,0.67704,2.08931,0.09825,1.86,0.3756013,2.19244152850509,0.0102830756516155,4.85991868942847,0.627263687570127,1.46253030023108,0,1.399554,1.381e-06,1.59059125818189,0,4.372825274,2.395902949,4.311080639,0.429305678,4.311080639,0.429305678,2.563356,0,2.487994,0,2.387985,1e-06,2.2542613339739,0,2.00276470334254,0,1.83771070287325,0,1.83414570287325,0,1.97419770287325,0,1.90960870287325,0,2.2542613339739,0
500,1,0,0.77106,6.08045,1.37,1.8973,0.13,2.92,4.28,2.1967,1.4525,0,1.51312,0.02,1.44,0,1.61,0,1.8839,0.0057397,1.65727,0.68437,2.08889,0.09702,1.87,0.3792066,2.19167480584922,0.0102189802065013,4.85553062841865,0.619243894442497,1.46247530173498,0,1.39951,1.38e-06,1.59049664,0,4.383832564,2.399722408,4.304335636,0.425629208,4.304335636,0.425629208,2.562223,0,2.487054,0,2.387005,1e-06,2.25303037230873,0,2.00260432273196,0,1.83755010486936,0,1.83398510486936,0,1.97403710486936,0,1.90944810486936,0,2.25303037230873,0
501,1,0,0.77436,6.0926,1.37,1.902,0.13,2.92,4.28,2.1833,1.4525,0,1.51233,0.0202,1.44,0,1.61,0,1.8833,0.0057497,1.66449,0.69251,2.08839,0.09581,1.88,0.3811665,2.19090808319336,0.0101548847613872,4.85114256740884,0.611224101314867,1.46242062997101,0,1.399456,1.382e-06,1.59040276536553,0,4.395060836,2.403517304,4.297812397,0.421892467,4.297812397,0.421892467,2.561104,0,2.486129,0,2.386025,1e-06,2.25180944166402,0,2.00244502961372,0,1.83739039233677,0,1.83382539233677,0,1.97387739233677,0,1.90928839233677,0,2.25180944166402,0
502,1,0,0.77766,6.10476,1.38,1.9067,0.13,2.92,4.28,2.17,1.4525,0,1.51154,0.02041,1.44,0,1.61,0,1.8853,0.0060982,1.6766,0.70069,2.08789,0.0946,1.88,0.3831264,2.1901413605375,0.0100907893162731,4.84663557358232,0.603879407743704,1.46236626497938,0,1.399402,1.384e-06,1.59030962659845,0,4.406519997,2.407278982,4.291460596,0.418157296,4.291460596,0.418157296,2.559986,0,2.485204,0,2.385045,1e-06,2.2505985923474,0,2.00228665205425,0,1.8372316756426,0,1.8336666756426,0,1.9737186756426,0,1.9091296756426,0,2.2505985923474,0
503,1,0,0.78095,6.11691,1.38,1.9113,0.13,2.92,4.28,2.155,1.4525,0,1.51075,0.02061,1.44,0,1.61,0,1.8833,0.00613,1.68866,0.70809,2.08739,0.09338,1.89,0.3867522,2.18937463788163,0.010026693871159,4.84210122374507,0.596689995374337,1.46231218979706,0,1.399348,1.386e-06,1.5902172161159,0,4.418219954,2.410998792,4.285212405,0.414500778,4.285212405,0.414500778,2.558893,0,2.484297,0,2.384065,1e-06,2.24939781564143,0,2.00212909451723,0,1.8370739957137,0,1.83350902362587,0,1.97356099571371,0,1.90897202362587,0,2.24939781564143,0
504,1,0,0.78425,6.12906,1.39,1.916,0.13,2.92,4.28,2.14,1.4525,0,1.50996,0.02082,1.44,0,1.61,0,1.8807,0.00614,1.70026,0.71551,2.08689,0.09217,1.9,0.3903781,2.18860791522577,0.00996259842604486,4.83756687390783,0.589500583004969,1.46225843164776,0,1.399294,1.388e-06,1.59012552643079,0,4.430170613,2.414668079,4.279,0.411,4.279,0.411,2.5578,0,2.48339,0,2.38309,1e-06,2.24820690645116,0,2.00197241913994,0,1.8369172978161,0,1.83335237062897,0,1.9734042978161,0,1.90881537062897,0,2.24820690645116,0
505,1,0,0.78755,6.14122,1.4,1.9207,0.13,2.92,4.32,2.135,1.4525,0,1.50917,0.02102,1.44,0,1.61,0,1.879,0.0061591,1.70642,0.72416,2.08643,0.09098,1.9,0.3900194,2.1878411925699,0.00989850298093074,4.83303252407058,0.582311170635601,1.46220503380783,0,1.39924,1.39e-06,1.59003455015035,0,4.442381881,2.418278191,4.272820594,0.407692776,4.272820594,0.407692776,2.556722,0,2.482497,0,2.382158,1e-06,2.24702564059456,0,2.00181664402443,0,1.83676160118627,0,1.83319664017798,0,1.97324860118627,0,1.90865964017798,0,2.24702564059456,0
506,1,0,0.79084,6.15337,1.41,1.9253,0.13,2.92,4.36,2.13,1.4525,0,1.50904,0.02122,1.44,0,1.61,0,1.8778,0.0061691,1.72131,0.73244,2.08598,0.08978,1.9,0.3896606,2.18707446991404,0.00983440753581662,4.82849817423334,0.575121758266233,1.46215195974065,0,1.399186,1.392e-06,1.58994427997473,0,4.454863663,2.421820475,4.266705582,0.404520691,4.266705582,0.404520691,2.555645,0,2.481604,0,2.381227,1e-06,2.24585379893604,0,2.00166177344073,0,1.83660695024896,0,1.83304175371402,0,1.97309395024896,0,1.90850477344073,0,2.24585379893604,0
507,1,0,0.79414,6.16552,1.42,1.93,0.13,2.92,4.36,2.11,1.4525,0,1.50904,0.02143,1.44,0,1.61,0,1.8768,0.0065073,1.73042,0.74115,2.08553,0.08859,1.91,0.3929875,2.18637507635398,0.00977215698093522,4.82396382439609,0.567932345896865,1.46209916067895,0,1.399132,1.394e-06,1.58985470869564,0,4.467625867,2.425286278,4.260638405,0.401416489,4.260638405,0.401416489,2.55459,0,2.480728,0,2.380295,1e-06,2.2446912963623,0,2.00150778764609,0,1.83645333899018,0,1.83288771932052,0,1.97294033899018,0,1.90835078764609,0,2.2446912963623,0
508,1,0,0.79743,6.17767,1.42,1.9343,0.13,2.92,4.36,2.09,1.4525,0,1.50904,0.02163,1.44,0,1.61,0,1.8726,0.0065591,1.74197,0.74949,2.08508,0.08739,1.92,0.3963075,2.18567982832211,0.00971002001802143,4.81942947455885,0.560742933527497,1.46204665281263,0,1.399078,1.396e-06,1.589765829195,0,4.480678397,2.428666948,4.254602507,0.398312913,4.254602507,0.398312913,2.553537,0,2.479854,0,2.379363,1e-06,2.24353816557962,0,2.0013546998364,0,1.83630060032835,0,1.83273464589269,0,1.97278760032835,0,1.9081976998364,0,2.24353816557962,0
509,1,0,0.80073,6.18983,1.42,1.9386,0.13,2.92,4.36,2.0833,1.4524,0,1.50904,0.02183,1.44,0,1.61,0,1.871,0.0065691,1.75374,0.75785,2.08464,0.08621,1.92,0.3974517,2.18498458029024,0.00964788305510765,4.8148951247216,0.553553521158129,1.46199442966201,0,1.399024,1.398e-06,1.58967763444361,0,4.494057237,2.432205654,4.248573947,0.395205292,4.248573947,0.395205292,2.552497,0,2.478991,0,2.378432,1e-06,2.24239440885745,0,2.00120251806109,0,1.83614857590316,0,1.8325826443513,0,1.97263557590316,0,1.90804550561877,0,2.24239440885745,0
510,1,0,0.80403,6.20198,1.43,1.9429,0.13,2.92,4.36,2.0767,1.4524,0,1.50833,0.02204,1.44,0,1.61,0,1.873,0.00658,1.76319,0.76583,2.0842,0.08503,1.93,0.3985959,2.18428933225837,0.00958574609219387,4.81036077488436,0.546364108788761,1.46194247712064,0,1.39897,1.4e-06,1.58959011749983,0,4.507818917,2.436126303,4.242559672,0.3921344,4.242559672,0.3921344,2.551458,0,2.478129,0,2.377512,1e-06,2.24125985342868,0,2.0010512208065,0,1.83599728367258,0,1.83243170785658,0,1.97248428367258,0,1.90789415864079,0,2.24125985342868,0
511,1,0,0.80732,6.21413,1.44,1.9471,0.13,2.92,4.36,2.07,1.4523,0,1.50754,0.02224,1.44,0,1.61,0,1.8694,0.00659,1.77608,0.77424,2.08376,0.08385,1.94,0.4016441,2.1835940842265,0.00952360912928009,4.80582642504711,0.539174696419394,1.46189082015366,0,1.398909,1.399e-06,1.58950327150835,0,4.521988005,2.440200526,4.236599876,0.389061714,4.236599876,0.389061714,2.550439,0,2.477282,0,2.376626,1e-06,2.24013441689673,0,2.00090081897374,0,1.83584683415593,0,1.83228167223953,0,1.97233383415593,0,1.90774375433003,0,2.24013441689673,0
512,1,0,0.81062,6.22629,1.44,1.9514,0.13,2.92,4.36,2.055,1.4523,0,1.50675,0.02245,1.44,0,1.61,0,1.8655,0.0066088,1.79246,0.78187,2.08329,0.08267,1.95,0.4046855,2.18289883619463,0.00946147216636631,4.80129207520987,0.531985284050026,1.46183950950001,0,1.398848,1.398e-06,1.58941708969884,0,4.536588771,2.444196476,4.230734944,0.385947988,4.230734944,0.385947988,2.549425,0,2.476438,0,2.375739,1e-06,2.23901803772581,0,2.000751325048,0,1.83569733151037,0,1.83213237716776,0,1.97218433151037,0,1.90759441249924,0,2.23901803772581,0
513,1,0,0.81391,6.23844,1.45,1.9557,0.13,2.92,4.36,2.04,1.4522,0,1.50596,0.02265,1.44,0,1.61,0,1.8641,0.00662,1.80666,0.7883,2.08226,0.08153,1.95,0.4052657,2.18220358816276,0.00939933520345253,4.79674694307718,0.524905213694961,1.46178849704771,0,1.398787,1.397e-06,1.58933156538479,0,4.551645484,2.447882303,4.224981432,0.38273758,4.224981432,0.38273758,2.548423,0,2.475606,0,2.374853,1e-06,2.23791062378347,0,2.00060271787878,0,1.83554877251768,0,1.83198384059489,0,1.97203577251768,0,1.90744619538995,0,2.23791062378347,0
514,1,0,0.81721,6.25059,1.46,1.96,0.13,2.92,4.36,2.025,1.4522,0,1.50517,0.02285,1.44,0,1.61,0,1.8642,0.0069552,1.81619,0.79311,2.08123,0.08039,1.96,0.4058391,2.18150834013089,0.00933719824053874,4.79213502276913,0.518502434522016,1.46173774238678,0,1.398726,1.396e-06,1.58924669196225,0,4.567182413,2.451026157,4.21930098,0.379414697,4.21930098,0.379414697,2.547428,0,2.47478,0,2.373966,1e-06,2.23681200902536,0,2.0004550033718,0,1.83540107473995,0,1.83183609737819,0,1.97188807473995,0,1.90729887582776,0,2.23681200902536,0
515,1,0,0.82051,6.26275,1.46,1.9643,0.13,2.92,4.36,2.01,1.4521,0,1.50438,0.02306,1.44,0,1.61,0,1.865,0.0070188,1.82338,0.79875,2.0802,0.07925,1.96,0.4062425,2.18081309209902,0.00927506127762496,4.78752310246107,0.512099655349071,1.46168725725557,0,1.398665,1.395e-06,1.58916246290866,0,4.583223828,2.453396191,4.213709767,0.376082203,4.213709767,0.376082203,2.54644,0,2.473958,0,2.37308,1e-06,2.23572201563331,0,2.00030819810533,0,1.83525415643326,0,1.83168915643326,0,1.97174115643326,0,1.90715218573494,0,2.23572201563331,0
516,1,0,0.8238,6.2749,1.47,1.9686,0.13,2.92,4.3633,1.9967,1.4521,0,1.50359,0.02326,1.44,0,1.61,0,1.8641,0.0070288,1.83094,0.80235,2.07918,0.07811,1.97,0.4066459,2.18011784406715,0.00921292431471118,4.78291118215302,0.505696876176126,1.46163705310571,0,1.398604,1.394e-06,1.58907887178164,0,4.599793999,2.454760553,4.208228048,0.372848182,4.208228048,0.372848182,2.545459,0,2.473141,0,2.372209,1e-06,2.23464045373871,0,2.0001623229616,0,1.83510796314336,0,1.83154296314336,0,1.97159496314336,0,1.90700603478292,0,2.23464045373871,0
517,1,0,0.82736,6.287,1.48,1.9729,0.13,2.92,4.3667,1.9833,1.4521,0,1.50305,0.02347,1.44,0,1.61,0,1.8634,0.00704,1.84108,0.80514,2.07834,0.07697,1.98,0.4068045,2.17945786279683,0.00915989589846238,4.77829926184497,0.499294097003181,1.46158712701003,0,1.398543,1.393e-06,1.58899591221782,0,4.616957645,2.454978527,4.202872416,0.369810961,4.202872416,0.369810961,2.544485,0,2.472331,0,2.371365,1e-06,2.23356736983972,0,2.00001732170016,0,1.83496257650998,0,1.83139757650998,0,1.97144957650998,0,1.9068606073217,0,2.23356736983972,0
518,1,0,0.83145,6.29898,1.49,1.9771,0.13,2.92,4.37,1.97,1.4521,0,1.50305,0.02367,1.44,0,1.61,0,1.8629,0.0070588,1.85768,0.80876,2.07751,0.07584,1.98,0.4069632,2.17885100263852,0.00912058737330543,4.77368734153692,0.492891317830236,1.46153750441775,0,1.398482,1.392e-06,1.58891357793175,0,4.635061742,2.454739313,4.197623799,0.366936974,4.197623799,0.366936974,2.543522,0,2.471535,0,2.370521,1e-06,2.23250287977649,0,1.99987311539443,0,1.83481810703077,0,1.83125310718121,0,1.97130510703077,0,1.90671610718121,0,2.23250287977649,0
519,1,0,0.83554,6.31097,1.5,1.9814,0.13,2.92,4.385,1.965,1.4521,0,1.50305,0.02387,1.44,0,1.61,0,1.8602,0.00744,1.86901,0.81197,2.07667,0.07471,1.98,0.4071491,2.17824414248021,0.00908127884814848,4.76907542122886,0.486488538657291,1.46148815293936,0,1.398421,1.391e-06,1.58883186271476,0,4.654073484,2.454240815,4.192478528,0.364164474,4.192478528,0.364164474,2.542563,0,2.470742,0,2.369678,1e-06,2.23144699704696,0,1.99972967325419,0,1.83467456277061,0,1.83110960055761,0,1.97116156277061,0,1.90657260055761,0,2.23144699704696,0
520,1,0,0.83963,6.32295,1.5,1.9857,0.13,2.92,4.4,1.96,1.4521,0,1.50305,0.02408,1.44,0,1.61,0,1.8577,0.0074591,1.88303,0.81478,2.07584,0.07357,1.99,0.4073349,2.1776372823219,0.00904197032299154,4.76446350092081,0.480085759484346,1.4614390679727,0,1.39836,1.39e-06,1.58875076043381,0,4.673859598,2.453490235,4.187440167,0.36144423,4.187440167,0.36144423,2.541618,0,2.469957,0,2.368834,1e-06,2.23039948174677,0,1.99958702070014,0,1.83453190625024,0,1.83096698159901,0,1.97101890625024,0,1.90642998159901,0,2.23039948174677,0
521,1,0,0.84371,6.33494,1.5,1.99,0.13,2.92,4.4,1.945,1.4521,0,1.50275,0.02428,1.44,0,1.61,0,1.8564,0.00747,1.89225,0.81842,2.07493,0.07252,1.99,0.407576,2.17703042216359,0.00900266179783459,4.75985158061276,0.473682980311401,1.46139025021812,0,1.398289,1.39e-06,1.58867026503047,0,4.69428681,2.452494776,4.182512666,0.358726967,4.182512666,0.358726967,2.540675,0,2.469174,0,2.36799,1e-06,2.22936006047268,0,1.99944517201314,0,1.83439015532982,0,1.83082517146729,0,1.97087715532982,0,1.90628817146729,0,2.22936006047268,0
522,1,0,0.8478,6.34693,1.51,1.9947,0.13,2.92,4.4,1.93,1.4521,0,1.50196,0.02448,1.44,0,1.61,0,1.8557,0.0074891,1.90272,0.82207,2.07401,0.07148,2,0.4078104,2.17642356200528,0.00896335327267764,4.7552396603047,0.467280201138456,1.4613416838552,0,1.398218,1.39e-06,1.58859037051981,0,4.715221847,2.451261642,4.17773092,0.355979063,4.17773092,0.355979063,2.539752,0,2.468401,0,2.367162,0,2.22832850398285,0,1.9993041242293,0,1.83424936432414,0,1.83068409506961,0,1.97073636432414,0,1.9061471242293,0,2.22832850398285,0
523,1,0,0.85189,6.35891,1.52,1.9993,0.13,2.92,4.405,1.915,1.4521,0,1.50117,0.02469,1.44,0,1.61,0,1.8553,0.00787,1.9156,0.82489,2.0731,0.07044,2.01,0.4079904,2.17581670184697,0.0089240447475207,4.75062773999665,0.460877421965512,1.4612933573742,0,1.398147,1.39e-06,1.58851107098938,0,4.736531436,2.449798035,4.173070872,0.35323681,4.173070872,0.35323681,2.538829,0,2.467628,0,2.366359,0,2.22730481890338,0,1.99916386503822,0,1.83410948945749,0,1.83054379172259,0,1.97059648945749,0,1.90600686503822,0,2.22730481890338,0
524,1,0,0.85598,6.3709,1.53,2.004,0.13,2.92,4.41,1.9,1.452,0,1.50038,0.02489,1.44,0,1.61,0,1.855,0.0078894,1.92812,0.82813,2.07218,0.06941,2.01,0.4081637,2.17520984168865,0.00888473622236375,4.7460158196886,0.454474642792567,1.46124535204253,0,1.398076,1.39e-06,1.58843236059815,0,4.758082303,2.448111157,4.16846847,0.350553942,4.16846847,0.350553942,2.537917,0,2.466869,0,2.365555,0,2.22628909020487,0,1.99902440712381,0,1.83397035496063,0,1.83040437079779,0,1.97045735496064,0,1.90586740712381,0,2.22628909020487,0
525,1,0,0.86006,6.38289,1.53,2.0087,0.13,2.92,4.42,1.89,1.452,0,1.49959,0.0251,1.44,0,1.61,0,1.8533,0.0079,1.93819,0.83055,2.07111,0.06858,2.02,0.4084342,2.17460298153034,0.00884542769720681,4.74140081652352,0.448214211190184,1.46119760682661,0,1.398005,1.39e-06,1.58835423357552,0,4.779741176,2.446208213,4.163859664,0.347984191,4.163859664,0.347984191,2.537008,0,2.466112,0,2.364751,0,2.22528132432554,0,1.9988857522323,0,1.83383181938671,0,1.83026595811539,0,1.97031881938671,0,1.90572875223229,0,2.22528132432554,0
526,1,0,0.86415,6.39487,1.54,2.0133,0.13,2.92,4.43,1.88,1.452,0,1.4988,0.0253,1.44,0,1.61,0,1.8502,0.00754,1.94646,0.83213,2.06995,0.06787,2.02,0.4087127,2.17399612137203,0.00880611917204986,4.73677292286299,0.442548984196319,1.46115011251744,0,1.397934,1.39e-06,1.58827668422028,0,4.801374781,2.444096403,4.1592,0.345575623,4.1592,0.345575623,2.536109,0,2.465364,0,2.363948,0,2.22428135265949,0,1.99874788424069,0,1.83369393934915,0,1.83012851450987,0,1.97018093934915,0,1.90559088424069,0,2.22428135265949,0
527,1,0,0.86824,6.40686,1.55,2.018,0.13,2.92,4.44,1.87,1.452,0,1.49801,0.0255,1.44,0,1.61,0,1.8492,0.0075597,1.9547,0.83288,2.0688,0.06716,2.03,0.4091272,2.17338926121372,0.00876681064689291,4.73214502920245,0.436883757202454,1.46110286983349,0,1.397863,1.39e-06,1.58819970689968,0,4.822849844,2.441782933,4.154533333,0.343310203,4.154533333,0.343310203,2.535217,0,2.464619,0,2.363144,0,2.22328915344141,0,1.99861081481953,0,1.83355682270467,0,1.82999177398279,0,1.97004382270467,0,1.90545381481953,0,2.22328915344141,0
528,1,0,0.87233,6.41885,1.56,2.0227,0.13,2.92,4.44,1.85,1.452,0,1.49722,0.02571,1.44,0,1.61,0,1.8481,0.00795,1.96291,0.83235,2.06765,0.06646,2.03,0.409535,2.1727923853531,0.00872807975239756,4.72751713554192,0.431218530208589,1.46105586529661,0,1.397792,1.39e-06,1.58812329604843,0,4.844033093,2.439275003,4.149866667,0.341128585,4.149866667,0.341128585,2.534333,0,2.463882,0,2.362354,0,2.22230471281002,0,1.9984745633317,0,1.8334205633317,0,1.8298554753199,0,1.9699075633317,0,1.9053175498093,0,2.22230471281002,0
529,1,0,0.87642,6.43083,1.56,2.0273,0.13,2.92,4.44,1.83,1.452,0,1.49707,0.02591,1.44,0,1.61,0,1.8466,0.00796,1.97363,0.83393,2.06656,0.06575,2.03,0.4099971,2.17220999651264,0.00869018698866609,4.72288924188139,0.425553303214724,1.46100908010674,0,1.397721,1.39e-06,1.58804744616775,0,4.864791255,2.436579818,4.1452,0.338970909,4.1452,0.338970909,2.533461,0,2.463157,0,2.361588,0,2.22132793862223,0,1.99833913311065,0,1.83328513311065,0,1.82971963422974,0,1.96977213311065,0,1.90518206996788,0,2.22132793862223,0
530,1,0,0.8805,6.44282,1.57,2.032,0.13,2.92,4.44,1.815,1.452,0,1.49707,0.02611,1.44,0,1.61,0,1.8459,0.00836,1.98449,0.83551,2.06556,0.06504,2.04,0.4104524,2.17162760767219,0.00865229422493461,4.71826134822086,0.419888076220859,1.46096258638238,0,1.39765,1.39e-06,1.58797215182446,0,4.885000304,2.433684936,4.140532869,0.33677683,4.140532869,0.33677683,2.53259,0,2.462432,0,2.360822,0,2.22035864631903,0,1.99820445053585,0,1.83315045053585,0,1.82958453988624,0,1.96963745053585,0,1.90504738757131,0,2.22035864631903,0
531,1,0,0.88459,6.45481,1.575,2.0367,0.13,2.92,4.44,1.8,1.452,0,1.49707,0.02632,1.44,0,1.61,0,1.8456,0.0083703,1.99362,0.83497,2.06457,0.06434,2.04,0.4100782,2.17104521883173,0.00861440146120314,4.71363345456033,0.414222849226994,1.46091635584883,0,1.397628,1.391e-06,1.58789740765001,0,4.905560482,2.428411237,4.135823258,0.334466931,4.135823258,0.334466931,2.531727,0,2.461709,0,2.360056,0,2.21939665461095,0,1.99807043453474,0,1.83301643453474,0,1.82945047487805,0,1.96950343453474,0,1.90491352282517,0,2.21939665461095,0
532,1,0,0.88868,6.46679,1.58,2.0413,0.13,2.92,4.44,1.79,1.452,0,1.49707,0.02652,1.44,0,1.61,0,1.8446,0.0083906,2.00295,0.83612,2.06358,0.06363,2.045,0.4096971,2.17046282999128,0.00857650869747166,4.7090055608998,0.408557622233129,1.46087036481208,0,1.397606,1.392e-06,1.58782320833962,0,4.926839882,2.419739285,4.131088323,0.332105332,4.131088323,0.332105332,2.530864,0,2.460987,0,2.359289,0,2.21844189091147,0,1.99793705690391,0,1.83288305690391,0,1.82931742375718,0,1.96937005690391,0,1.90478049089529,0,2.21844189091147,0
533,1,0,0.89277,6.47878,1.59,2.046,0.13,2.92,4.44,1.78,1.4519,0,1.49638,0.02673,1.44,0,1.61,0,1.8432,0.00841,2.01369,0.83769,2.0626,0.06293,2.05,0.4095745,2.16988044115083,0.00853861593374019,4.70437766723926,0.402892395239264,1.46082461086963,0,1.397584,1.393e-06,1.58774954865137,0,4.948418834,2.408328859,4.126391373,0.329821284,4.126391373,0.329821284,2.530018,0,2.460281,0,2.358523,0,2.21749431563585,0,1.99780440937057,0,1.83275040937057,0,1.82918519891644,0,1.96923740937057,0,1.90464822012156,0,2.21749431563585,0
534,1,0,0.89685,6.49077,1.6,2.0507,0.13,2.92,4.44,1.7733,1.4519,0,1.49559,0.02693,1.44,0,1.61,0,1.8415,0.0084209,2.02406,0.83841,2.06173,0.06223,2.05,0.4094451,2.16929805231037,0.00850072317000872,4.69974977357873,0.397227168245398,1.46077909165099,0,1.397562,1.394e-06,1.58767642340532,0,4.969877674,2.394839742,4.121795718,0.32774404,4.121795718,0.32774404,2.529176,0,2.459578,0,2.357766,0,2.21655387521404,0,1.99767259208137,0,1.83261859493592,0,1.82905362748342,0,1.96910559493592,0,1.90451662748342,0,2.21655387521404,0
535,1,0,0.90094,6.50275,1.6,2.0553,0.13,2.92,4.445,1.7667,1.4518,0,1.4948,0.02713,1.44,0,1.61,0,1.8412,0.00844,2.03205,0.83871,2.06086,0.06153,2.05,0.4103629,2.16871566346992,0.00846283040627724,4.6951218799182,0.391561941251533,1.46073382188657,0,1.39754,1.395e-06,1.58760382748266,0,4.990796734,2.379931711,4.117341586,0.325997132,4.117341586,0.325997132,2.528342,0,2.458883,0,2.357036,0,2.21562042506831,0,1.99754158405508,0,1.83248763201586,0,1.82892270304248,0,1.96897463201586,0,1.90438570304248,0,2.21562042506831,0
536,1,0,0.90503,6.51474,1.61,2.06,0.13,2.92,4.45,1.76,1.4518,0,1.49401,0.02734,1.44,0,1.61,0,1.8407,0.0085091,2.04001,0.83942,2.06,0.06083,2.06,0.4112739,2.16813327462947,0.00842493764254577,4.69049398625767,0.385896714257668,1.46068880005508,0,1.397518,1.396e-06,1.58753175582484,0,5.010756348,2.364264549,4.112973432,0.324551353,4.112973432,0.324551353,2.527514,0,2.458193,0,2.356306,0,2.2146939768704,0,1.99741136738262,0,1.83235744179371,0,1.82879247099909,0,1.96884444179371,0,1.90425547099909,0,2.2146939768704,0
537,1,0,0.90912,6.52672,1.62,2.0643,0.13,2.92,4.465,1.745,1.4518,0,1.49322,0.02754,1.44,0,1.61,0,1.8394,0.0088518,2.04996,0.84099,2.05913,0.06013,2.06,0.4104509,2.16755088578901,0.0083870448788143,4.68586609259714,0.380231487263803,1.46064400416531,0,1.397496,1.397e-06,1.58746020343274,0,5.029336849,2.348498036,4.108689634,0.323225566,4.108689634,0.323225566,2.526691,0,2.457507,0,2.355575,0,2.21377460708499,0,1.99728195889132,0,1.83222794403333,0,1.82866294403333,0,1.96871494403333,0,1.90412594403333,0,2.21377460708499,0
538,1,0,0.91321,6.53871,1.63,2.0686,0.13,2.92,4.48,1.73,1.4517,0,1.49243,0.02775,1.44,0,1.61,0,1.8387,0.0088718,2.05899,0.84255,2.05827,0.05944,2.06,0.4096212,2.16696849694856,0.00834915211508282,4.68127312415061,0.375229368086977,1.46059945103581,0,1.397474,1.398e-06,1.58738916536588,0,5.04611857,2.333291951,4.104497333,0.321832744,4.104497333,0.321832744,2.52588,0,2.456829,0,2.354845,0,2.21286228343123,0,1.9971534231435,0,1.83209911299285,0,1.82853411299285,0,1.96858611299285,0,1.90399711299285,0,2.21286228343123,0
539,1,0,0.91729,6.5507,1.64,2.0729,0.13,2.92,4.48,1.72,1.4517,0,1.49164,0.02795,1.44,0,1.61,0,1.8379,0.00889,2.06786,0.84412,2.05742,0.05875,2.07,0.4108315,2.16638610810811,0.00831125935135135,4.67668131025661,0.370249169829722,1.46055513162957,0,1.397452,1.399e-06,1.58731863674154,0,5.060681844,2.319306075,4.100403667,0.320185862,4.100403667,0.320185862,2.525069,0,2.456151,0,2.354115,0,2.21195685593422,0,1.99702567151806,0,1.8319709738906,0,1.8284059738906,0,1.9684579738906,0,1.9038689738906,0,2.21195685593422,0
540,1,0,0.92138,6.56268,1.65,2.0771,0.13,2.92,4.48,1.71,1.4516,0,1.49108,0.02815,1.44,0,1.61,0,1.8349,0.0089024,2.07785,0.84526,2.05656,0.05806,2.07,0.412035,2.16587939477419,0.00827447438266967,4.67208949636262,0.365268971572468,1.46051100846531,0,1.39743,1.4e-06,1.58724861273406,0,5.073380928,2.306077412,4.096443382,0.318000567,4.096443382,0.318000567,2.524271,0,2.455485,0,2.353387,0,2.21105819563721,0,1.99689852574219,0,1.83184353826432,0,1.82827853826432,0,1.96833053826432,0,1.90374153826432,0,2.21105819563721,0
541,1,0,0.92547,6.57467,1.65,2.0814,0.13,2.92,4.48,1.695,1.4516,0,1.49108,0.02836,1.44,0,1.61,0,1.8335,0.00892,2.08567,0.84682,2.05571,0.05737,2.07,0.4134289,2.16537768344603,0.00823776263711495,4.66749768246862,0.360288773315213,1.46046713750855,0,1.39738,1.402e-06,1.58717908857395,0,5.085228847,2.292309004,4.092616302,0.315283968,4.092616302,0.315283968,2.523475,0,2.454819,0,2.35269,0,2.21016616369993,0,1.99677187406968,0,1.831716771167,0,1.82815180203842,0,1.968203771167,0,1.90361480203842,0,2.21016616369993,0
542,1,0,0.92956,6.58666,1.66,2.0857,0.13,2.92,4.48,1.68,1.4516,0,1.49108,0.02856,1.44,0,1.61,0,1.8332,0.00894,2.096,0.84968,2.05484,0.05668,2.08,0.4148296,2.16487597211787,0.00820105089156023,4.66290586857463,0.355308575057958,1.46042350960936,0,1.39733,1.404e-06,1.5871100595472,0,5.096321984,2.278113996,4.088851044,0.31240522,4.088851044,0.31240522,2.522685,0,2.454158,0,2.351993,0,2.20928073180519,0,1.99664580185057,0,1.83159068216387,0,1.82802575606214,0,1.96807768216387,0,1.90348875606214,0,2.20928073180519,0
543,1,0,0.93364,6.59864,1.665,2.09,0.13,2.92,4.48,1.67,1.4516,0,1.49108,0.02876,1.44,0,1.61,0,1.8304,0.0089533,2.10833,0.85298,2.05389,0.056,2.08,0.4138844,2.16437426078972,0.00816433914600551,4.65831405468063,0.350328376800703,1.46038010516488,0,1.39728,1.406e-06,1.58704152099447,0,5.106748011,2.263618503,4.08507575,0.309735608,4.08507575,0.309735608,2.5219,0,2.4535,0,2.351297,0,2.20840195502752,0,1.99652041445426,0,1.83146537940725,0,1.82790041192685,0,1.96795237940725,0,1.90336341192685,0,2.20840195502752,0
544,1,0,0.93773,6.61063,1.67,2.0943,0.13,2.92,4.48,1.66,1.4516,0,1.49108,0.02897,1.44,0,1.61,0,1.8286,0.00897,2.11978,0.85541,2.05294,0.05532,2.08,0.4129392,2.16387254946156,0.00812762740045079,4.65372224078663,0.345348178543448,1.46033690466709,0,1.39723,1.408e-06,1.5869734683104,0,5.116594604,2.24894864,4.081219199,0.307634778,4.081219199,0.307634778,2.521119,0,2.452845,0,2.3506,0,2.20752987716456,0,1.99639577047615,0,1.83134098926716,0,1.82777577047615,0,1.96782798926716,0,1.90323877047615,0,2.20752987716456,0
545,1,0,0.94182,6.62262,1.68,2.0986,0.13,2.92,4.48,1.65,1.4516,0,1.49108,0.02917,1.44,0,1.61,0,1.8285,0.0089839,2.13177,0.85829,2.05198,0.05464,2.08,0.4128576,2.1633708381334,0.00809091565489607,4.64913042689264,0.340367980286194,1.46029389023772,0,1.39718,1.41e-06,1.58690589694279,0,5.125949435,2.234230523,4.077261119,0.305976764,4.077261119,0.305976764,2.520352,0,2.452204,0,2.349903,0,2.20666437487889,0,1.99627181828485,0,1.83121746305495,0,1.82765181828485,0,1.96770446305495,0,1.90311481828485,0,2.20666437487889,0
546,1,0,0.94591,6.6346,1.68,2.1029,0.13,2.92,4.48,1.635,1.4516,0,1.49108,0.02938,1.44,0,1.61,0,1.8271,0.0093942,2.14657,0.8616,2.05103,0.05396,2.085,0.412776,2.16286912680524,0.00805420390934135,4.64453861299864,0.335387782028939,1.46025118848081,0,1.39713,1.412e-06,1.58683880239195,0,5.134900178,2.219590268,4.073253554,0.304525418,4.073253554,0.304525418,2.519586,0,2.451562,0,2.349206,0,2.20580521245955,0,1.99614856626373,0,1.83109453163536,0,1.82752856626373,0,1.96758153163536,0,1.90299156626373,0,2.20580521245955,0
547,1,0,0.94999,6.64659,1.69,2.1071,0.13,2.92,4.48,1.62,1.4516,0,1.49108,0.02958,1.44,0,1.61,0,1.8258,0.00941,2.15676,0.86448,2.05022,0.0533,2.09,0.4124226,2.16236741547708,0.00801749216378663,4.63994679910464,0.330407583771684,1.4602086679405,0,1.39708,1.414e-06,1.58677218020995,0,5.143534507,2.205153991,4.069251925,0.303180528,4.069251925,0.303180528,2.518828,0,2.450929,0,2.348535,0,2.20495217494021,0,1.99602603448765,0,1.83097193626119,0,1.8274060194416,0,1.96745893626119,0,1.9028690194416,0,2.20495217494021,0
548,1,0,0.95408,6.65858,1.7,2.1114,0.13,2.92,4.48,1.61,1.4516,0,1.49038,0.02978,1.44,0,1.61,0,1.8257,0.0092291,2.16914,0.86781,2.0495,0.05264,2.09,0.4120692,2.16186570414893,0.00798078041823191,4.63535498521065,0.325427385514429,1.46016634303139,0,1.39703,1.416e-06,1.58670602599993,0,5.151940094,2.191047807,4.065311655,0.30184188,4.065311655,0.30184188,2.518073,0,2.450298,0,2.34787,0,2.20410523440242,0,1.99590422641025,0,1.8308497105917,0,1.82728416187092,0,1.9673367105917,0,1.90274716187092,0,2.20410523440242,0
549,1,0,0.95817,6.67056,1.71,2.1157,0.13,2.92,4.48,1.6,1.4516,0,1.48874,0.02999,1.44,0,1.61,0,1.8248,0.00905,2.18179,0.8707,2.04879,0.05199,2.09,0.4122123,2.16136399282077,0.00794406867267719,4.63076317131665,0.320447187257175,1.46012422066335,0,1.39698,1.418e-06,1.58664033541539,0,5.160204615,2.177397831,4.061476626,0.300428496,4.061476626,0.300428496,2.517323,0,2.449672,0,2.347205,0,2.20326443309193,0,1.99578306347165,0,1.83072814274529,0,1.82716300273429,0,1.96721514274529,0,1.90262600273429,0,2.20326443309193,0
550,1,0,0.96226,6.68255,1.72,2.12,0.13,2.92,4.48,1.58,1.4516,0,1.4871,0.03019,1.44,0,1.61,0,1.8234,0.0094658,2.1944,0.87404,2.04807,0.05134,2.1,0.4123622,2.16086228149261,0.00790735692712247,4.62620729632813,0.315756899054687,1.46008231159616,0,1.39693,1.42e-06,1.58657510415955,0,5.168415742,2.16433018,4.057686783,0.299036224,4.057686783,0.299036224,2.516581,0,2.449054,0,2.34654,0,2.20242978845599,0,1.99566246069903,0,1.83060750804368,0,1.8270425589628,0,1.96709450804368,0,1.9025055589628,0,2.20242978845599,0
551,1,0,0.96635,6.69453,1.73,2.1247,0.13,2.92,4.48,1.56,1.4515,0,1.48546,0.03047,1.44,0,1.61,0,1.8206,0.00948,2.20734,0.87694,2.04736,0.05068,2.1,0.4099756,2.16036057016445,0.00787064518156775,4.62169378070312,0.311408313117187,1.46004066025023,0,1.396889,1.419e-06,1.58651032798464,0,5.176661149,2.151970969,4.053946421,0.297660394,4.053946421,0.297660394,2.51584,0,2.448435,0,2.345876,0,2.20160117183252,0,1.99554239687565,0,1.83048777949037,0,1.82692284552669,0,1.96697477949037,0,1.90238584552669,0,2.20160117183252,0
552,1,0,0.97043,6.70652,1.73,2.1293,0.13,2.92,4.48,1.55,1.4515,0,1.48509,0.03075,1.44,0,1.61,0,1.8189,0.0094967,2.22236,0.87854,2.04643,0.05011,2.1,0.4075899,2.1598958412521,0.00783521775852432,4.61718026507813,0.307059727179687,1.4599992052743,0,1.396848,1.418e-06,1.58644600269124,0,5.18502851,2.140446313,4.050284187,0.296256396,4.050284187,0.296256396,2.515115,0,2.447825,0,2.345211,0,2.20077859134313,0,1.99542296805705,0,1.83036877169699,0,1.8268037911279,0,1.96685577169699,0,1.9022667911279,0,2.20077859134313,0
553,1,0,0.97452,6.71851,1.74,2.134,0.13,2.92,4.48,1.54,1.4515,0,1.48509,0.03104,1.44,0,1.61,0,1.8187,0.009517,2.23508,0.88013,2.0455,0.04955,2.11,0.4069451,2.15943269344406,0.00779984524395113,4.61266674945312,0.302711141242187,1.45995794480024,0,1.396807,1.417e-06,1.58638212412768,0,5.193605498,2.129882329,4.046728733,0.29477962,4.046728733,0.29477962,2.514392,0,2.447215,0,2.34456,0,2.1999620891825,0,1.99530427484622,0,1.830250315273,0,1.826685315273,0,1.966737315273,0,1.902148315273,0,2.1999620891825,0
554,1,0,0.97861,6.73049,1.745,2.1387,0.13,2.92,4.48,1.53,1.4514,0,1.48509,0.03132,1.44,0,1.61,0,1.8171,0.00953,2.2475,0.88128,2.04456,0.04898,2.11,0.406307,2.15896954563603,0.00776447272937794,4.60815323382812,0.298362555304687,1.45991687698555,0,1.396766,1.416e-06,1.58631868818934,0,5.202352203,2.120357392,4.043308984,0.293183318,4.043308984,0.293183318,2.513673,0,2.446612,0,2.343925,0,2.1991516304443,0,1.99518629477107,0,1.83013241504683,0,1.82656741504683,0,1.96661941504683,0,1.90203041504683,0,2.1991516304443,0
555,1,0,0.9827,6.74248,1.75,2.1433,0.13,2.92,4.48,1.52,1.4514,0,1.48509,0.0316,1.44,0,1.61,0,1.8158,0.0095479,2.26172,0.88066,2.04363,0.04841,2.11,0.4052473,2.158506397828,0.00772910021480476,4.60363971820312,0.294013969367187,1.45987603581092,0,1.396725,1.415e-06,1.58625569081806,0,5.210625288,2.111616862,4.040027455,0.291447061,4.040027455,0.291447061,2.512959,0,2.446015,0,2.34329,0,2.19834705887178,0,1.99506900981964,0,1.830015110728,0,1.826450110728,0,1.966502110728,0,1.901913110728,0,2.19834705887178,0
556,1,0,0.98678,6.75447,1.76,2.148,0.13,2.92,4.48,1.51,1.4514,0,1.48442,0.03188,1.44,0,1.61,0,1.8165,0.0095685,2.27874,0.88003,2.04275,0.04785,2.12,0.4041945,2.15804325001996,0.00769372770023158,4.59912620257812,0.289665383429687,1.45983539273653,0,1.396684,1.414e-06,1.58619312800148,0,5.21847298,2.103498078,4.036842,0.289618708,4.036842,0.289618708,2.512246,0,2.445418,0,2.342655,0,2.19754820718257,0,1.99495243244478,0,1.82989840921181,0,1.82633340921181,0,1.96638540921181,0,1.90179640998087,0,2.19754820718257,0
557,1,0,0.99087,6.76645,1.77,2.1527,0.13,2.92,4.48,1.5,1.4513,0,1.48363,0.03216,1.44,0,1.61,0,1.8155,0.0096285,2.29349,0.87807,2.04208,0.04728,2.12,0.40085,2.15758010221193,0.00765835518565839,4.59461268695313,0.285316797492187,1.4597949509193,0,1.396643,1.413e-06,1.5861309957725,0,5.226074922,2.095875637,4.033707104,0.287752368,4.033707104,0.287752368,2.511549,0,2.444833,0,2.34202,0,2.19675492679628,0,1.99483662921976,0,1.82978226249412,0,1.82621726249412,0,1.96626926249412,0,1.90168030407443,0,2.19675492679628,0
558,1,0,0.99496,6.77844,1.77,2.1573,0.13,2.92,4.48,1.49,1.4513,0,1.48284,0.03244,1.44,0,1.61,0,1.8136,0.0096,2.30818,0.87476,2.0414,0.04672,2.12,0.3975056,2.1571169544039,0.0076229826710852,4.59009917132813,0.280968211554687,1.45975470736757,0,1.396602,1.412e-06,1.5860692902086,0,5.233610759,2.08862414,4.030577255,0.285902152,4.030577255,0.285902152,2.510852,0,2.444247,0,2.341385,0,2.1959672777554,0,1.99472150410513,0,1.8296667161894,0,1.8261017161894,0,1.9661537161894,0,1.90156479158285,0,2.1959672777554,0
559,1,0,0.99905,6.79043,1.78,2.162,0.13,2.92,4.48,1.4767,1.4513,0,1.48205,0.03272,1.44,0,1.61,0,1.8114,0.01002,2.3215,0.87055,2.04073,0.04615,2.13,0.3959631,2.15665380659586,0.00758761015651202,4.58558565570313,0.276619625617187,1.45971464669534,0,1.396561,1.411e-06,1.58600800743129,0,5.241260134,2.081618185,4.027414221,0.284114623,4.027414221,0.284114623,2.510158,0,2.443665,0,2.340752,0,2.19518538437364,0,1.99460687644562,0,1.82955187655637,0,1.82598687655637,0,1.96603887655637,0,1.90144988189816,0,2.19518538437364,0
560,1,0,1.00314,6.80241,1.79,2.1667,0.13,2.92,4.48,1.4633,1.4513,0,1.48126,0.03301,1.44,0,1.61,0,1.8108,0.01004,2.33367,0.86587,2.04005,0.04559,2.13,0.3944275,2.15619065878783,0.00755223764193883,4.58107214007812,0.272271039679687,1.45967480638478,0,1.39652,1.41e-06,1.58594714360553,0,5.24920269,2.07473237,4.024239308,0.282368763,4.024239308,0.282368763,2.509467,0,2.443085,0,2.340146,0,2.19440928328003,0,1.99449264266057,0,1.8294378365391,0,1.8258728365391,0,1.9659248365391,0,1.90133553702961,0,2.19440928328003,0
561,1,0,1.00722,6.8144,1.8,2.1713,0.13,2.92,4.48,1.45,1.4513,0,1.48047,0.03329,1.44,0,1.61,0,1.812,0.010051,2.34579,0.86072,2.03933,0.04503,2.13,0.3906003,2.1557275109798,0.00751686512736565,4.57655862445313,0.267922453742187,1.45963517208264,0,1.396489,1.412e-06,1.58588669493914,0,5.25761807,2.067841295,4.021073386,0.280634872,4.021073386,0.280634872,2.508777,0,2.442506,0,2.339539,0,2.19363881820034,0,1.99437889387067,0,1.82932450327632,0,1.82575950327632,0,1.96581150327632,0,1.90122177569264,0,2.19363881820034,0
562,1,0,1.01131,6.82639,1.81,2.176,0.13,2.92,4.48,1.44,1.4512,0,1.47969,0.03357,1.44,0,1.61,0,1.8102,0.010072,2.36016,0.85644,2.03854,0.04448,2.13,0.3867732,2.15526436317176,0.00748149261279246,4.57204510882812,0.263573867804688,1.45959571081097,0,1.396458,1.414e-06,1.58582665768223,0,5.266685919,2.060819558,4.017932611,0.27888748,4.017932611,0.27888748,2.508102,0,2.441941,0,2.338932,0,2.19287383323768,0,1.99426573473797,0,1.82921169759404,0,1.82564669759404,0,1.96569869759404,0,1.90110870562294,0,2.19287383323768,0
563,1,0,1.0154,6.83837,1.82,2.1807,0.13,2.92,4.48,1.43,1.4512,0,1.4791,0.03385,1.44,0,1.61,0,1.8083,0.010417,2.37144,0.8499,2.03776,0.04392,2.14,0.3843468,2.15480121536373,0.00744612009821928,4.56760497121918,0.259607351301626,1.45955641307508,0,1.396427,1.416e-06,1.58576702812667,0,5.276585879,2.053541758,4.014833138,0.277101118,4.014833138,0.277101118,2.507428,0,2.441376,0,2.338326,0,2.19211422022459,0,1.99415319429582,0,1.82909928878456,0,1.82553428878456,0,1.96558628878456,0,1.90099642979772,0,2.19211422022459,0
564,1,0,1.01985,6.85008,1.82,2.1853,0.13,2.92,4.48,1.42,1.4512,0,1.4791,0.03413,1.44,0,1.61,0,1.8078,0.010209,2.38103,0.84333,2.03697,0.04337,2.14,0.3819137,2.15435438315404,0.00741133196231021,4.56320280311474,0.255838536888312,1.45951735460051,0,1.396396,1.418e-06,1.58570780260552,0,5.287526327,2.045962149,4.011789673,0.275246699,4.011789673,0.275246699,2.50676,0,2.440816,0,2.337719,0,2.19135996173555,0,1.99404122620582,0,1.82898734910421,0,1.82542234910421,0,1.96547434910421,0,1.90088488941026,0,2.19135996173555,0
565,1,0,1.02492,6.86131,1.84,2.19,0.13,2.92,4.48,1.41,1.4512,0,1.4791,0.03441,1.44,0,1.61,0,1.8067,0.010123,2.39059,0.83583,2.03619,0.04281,2.14,0.3778485,2.15392865644312,0.00737729976577401,4.55880063501031,0.252069722474998,1.45947847838704,0,1.396365,1.42e-06,1.5856489774925,0,5.299847808,2.038698173,4.00879677,0.273291933,4.00879677,0.273291933,2.506101,0,2.440262,0,2.337112,0,2.19061098221728,0,1.99392993284601,0,1.82887598302323,0,1.82531098302323,0,1.96536298302323,0,1.90077390557203,0,2.19061098221728,0
566,1,0,1.02999,6.87255,1.84,2.1947,0.13,2.92,4.48,1.39,1.4512,0,1.4791,0.03469,1.44,0,1.61,0,1.8055,0.010144,2.40011,0.82785,2.03541,0.04226,2.14,0.3737834,2.1535029297322,0.00734326756923781,4.55439846690587,0.248300908061684,1.45943978479282,0,1.396334,1.422e-06,1.58559054920143,0,5.313492832,2.031820972,4.00584375,0.271279871,4.00584375,0.271279871,2.505442,0,2.439708,0,2.336522,0,2.18986718335618,0,1.99381942156329,0,1.82876526283439,0,1.82520026283439,0,1.96525226283439,0,1.9006633266524,0,2.18986718335618,0
567,1,0,1.03507,6.88378,1.84,2.1993,0.13,2.92,4.48,1.37,1.4512,0,1.47884,0.03497,1.44,0,1.61,0,1.8041,0.010164,2.40789,0.81939,2.03464,0.04172,2.14,0.3709832,2.15307720302129,0.00730923537270161,4.54999629880144,0.24453209364837,1.45940126712357,0,1.396303,1.424e-06,1.58553251418575,0,5.328319995,2.025223567,4.002921691,0.269266598,4.002921691,0.269266598,2.504792,0,2.439162,0,2.335943,0,2.18912849588631,0,1.99370967043956,0,1.82865514087989,0,1.82509014087989,0,1.96514214087989,0,1.90055319958726,0,2.18912849588631,0
568,1,0,1.04014,6.89501,1.85,2.204,0.13,2.92,4.48,1.3633,1.4511,0,1.47805,0.03526,1.44,0,1.61,0,1.8019,0.010585,2.41498,0.81044,2.03386,0.04117,2.15,0.3681761,2.15265147631037,0.00727520317616541,4.545594130697,0.240763279235056,1.45936291119707,0,1.396272,1.426e-06,1.58547486893798,0,5.344187897,2.018798982,4.000021674,0.267308198,4.000021674,0.267308198,2.504144,0,2.438617,0,2.335363,0,2.188395008031,0,1.99360050341943,0,1.82854561793478,0,1.82498061793478,0,1.96503261793478,0,1.90044362869266,0,2.188395008031,0
569,1,0,1.04522,6.90624,1.86,2.2087,0.13,2.92,4.48,1.3567,1.4511,0,1.47726,0.03554,1.44,0,1.61,0,1.7989,0.010605,2.42176,0.801,2.03309,0.04063,2.15,0.3639207,2.15222574959945,0.00724117097962921,4.54119196259256,0.236994464821742,1.45932480639979,0,1.396241,1.428e-06,1.58541760998921,0,5.360955133,2.012440236,3.997135894,0.265452123,3.997135894,0.265452123,2.503499,0,2.438076,0,2.334783,0,2.18766680714987,0,1.9934917527732,0,1.82843669828116,0,1.82487169828116,0,1.96492369828116,0,1.90033469828116,0,2.18766680714987,0
570,1,0,1.05029,6.91747,1.87,2.2133,0.13,2.92,4.48,1.35,1.4511,0,1.47647,0.03582,1.44,0,1.61,0,1.7989,0.010378,2.4241,0.79106,2.03232,0.04008,2.15,0.3596652,2.15180002288853,0.007207138783093,4.53678979448813,0.233225650408428,1.45928684979857,0,1.39621,1.43e-06,1.58536073390861,0,5.378480303,2.006040352,3.994273844,0.263616382,3.994273844,0.263616382,2.502864,0,2.437544,0,2.334203,0,2.1869438277935,0,1.9933834331573,0,1.82832836839368,0,1.82476336839368,0,1.96481536839368,0,1.90022636839368,0,2.1869438277935,0
571,1,0,1.05536,6.9287,1.88,2.218,0.13,2.92,4.48,1.34,1.4511,0,1.47611,0.0361,1.44,0,1.61,0,1.799,0.010237,2.42644,0.782,2.03155,0.03954,2.15,0.3556138,2.15137429617761,0.0071731065865568,4.53238762638369,0.229456835995114,1.45924905426036,0,1.396146,1.431e-06,1.58530423730291,0,5.396622002,1.999492351,3.991435298,0.261803913,3.991435298,0.261803913,2.502229,0,2.437012,0,2.333624,0,2.18622590387188,0,1.99327565344135,0,1.82822063608054,0,1.82465563608054,0,1.96470763608054,0,1.90011863608054,0,2.18622590387188,0
572,1,0,1.06044,6.93993,1.88,2.2227,0.13,2.92,4.48,1.33,1.451,0,1.47611,0.03638,1.44,0,1.61,0,1.7984,0.01025,2.42789,0.77154,2.0308,0.039,2.15,0.3515556,2.1509485694667,0.0071390743900206,4.52798545827926,0.2256880215818,1.45921144104607,0,1.396082,1.432e-06,1.58524811681597,0,5.41523883,1.992689255,3.988614189,0.260064102,3.988614189,0.260064102,2.501598,0,2.436483,0,2.333046,0,2.18551287394803,0,1.99316851648093,0,1.82811351648093,0,1.82454851648093,0,1.96460051648093,0,1.90001151648093,0,2.18551287394803,0
573,1,0,1.06551,6.95116,1.89,2.2273,0.13,2.92,4.48,1.315,1.451,0,1.47611,0.03666,1.44,0,1.61,0,1.7969,0.010593,2.42782,0.76103,2.03004,0.03846,2.15,0.3464706,2.15052284275578,0.0071050421934844,4.52358329017482,0.221919207168486,1.45917406040805,0,1.396018,1.433e-06,1.58519236912822,0,5.434189383,1.985524086,3.985804446,0.258446336,3.985804446,0.258446336,2.500969,0,2.435957,0,2.332491,0,2.18480468325374,0,1.99306203384374,0,1.82800703384374,0,1.82444203384374,0,1.96449403384374,0,1.89990503384374,0,2.18480468325374,0
574,1,0,1.07059,6.96239,1.9,2.232,0.13,2.92,4.48,1.3,1.451,0,1.47611,0.03694,1.44,0,1.61,0,1.7952,0.010698,2.4255,0.74957,2.02928,0.03792,2.14,0.3413856,2.15009711604486,0.0070710099969482,4.51918112207039,0.218150392755172,1.459136818615,0,1.395954,1.434e-06,1.58513699095627,0,5.45333226,1.977889864,3.983,0.257,3.983,0.257,2.50034,0,2.43543,0,2.331937,0,2.18410133988649,0,1.9929561212029,0,1.8279011212029,0,1.8243361212029,0,1.9643881212029,0,1.8997991212029,0,2.18410133988649,0
575,1,0,1.07566,6.97362,1.91,2.2367,0.13,2.92,4.48,1.295,1.451,0,1.47563,0.03723,1.44,0,1.61,0,1.7943,0.010719,2.4232,0.73898,2.02852,0.03738,2.14,0.337885,2.14967138933394,0.007036977800412,4.51477895396595,0.214381578341858,1.45909973437019,0,1.39589,1.435e-06,1.58508197905239,0,5.472526057,1.969679612,3.980190479,0.255734163,3.980190479,0.255734163,2.49973,0,2.434913,0,2.331383,0,2.18340284217615,0,1.99285069259364,0,1.8277956911357,0,1.8242306911357,0,1.9642826911357,0,1.8996936911357,0,2.18340284217615,0
576,1,0,1.08074,6.98485,1.92,2.2413,0.13,2.92,4.48,1.29,1.4509,0,1.47484,0.03751,1.44,0,1.61,0,1.7942,0.01074,2.42018,0.72789,2.02777,0.03694,2.14,0.3343854,2.14924566262303,0.00700294560387579,4.51045335183527,0.210910260310355,1.4590628233191,0,1.395826,1.436e-06,1.58502733020407,0,5.491629372,1.960786351,3.977379123,0.254593002,3.977379123,0.254593002,2.499119,0,2.434396,0,2.330828,0,2.18270908184716,0,1.99274573543326,0,1.82769069128483,0,1.82412569128483,0,1.96417769128483,0,1.89958869128483,0,2.18270908184716,0
577,1,0,1.08581,6.99608,1.9267,2.246,0.13,2.92,4.48,1.28,1.4509,0,1.47405,0.03779,1.44,0,1.61,0,1.7947,0.010751,2.4156,0.71675,2.02702,0.03657,2.14,0.3313557,2.148831802622,0.00697493873343045,4.50618790868397,0.207672689435989,1.45902613328898,0,1.395762,1.437e-06,1.58497304123359,0,5.510500804,1.951103103,3.974580282,0.253528564,3.974580282,0.253528564,2.498512,0,2.433884,0,2.330274,0,2.18202007822585,0,1.99264127426151,0,1.82758619918288,0,1.82402119918288,0,1.96407319918288,0,1.89948419918288,0,2.18202007822585,0
578,1,0,1.09088,7.00731,1.93,2.2507,0.13,2.92,4.48,1.27,1.4509,0,1.47326,0.03807,1.44,0,1.61,0,1.7931,0.010771,2.41319,0.70742,2.02628,0.03621,2.14,0.3283261,2.14844214493809,0.00695922059796067,4.50192246553268,0.204435118561623,1.45898960186027,0,1.395698,1.438e-06,1.58491910899751,0,5.528998949,1.940522889,3.971808307,0.252492898,3.971808307,0.252492898,2.497912,0,2.43338,0,2.32972,0,2.18133593221176,0,1.9925373162827,0,1.82748231893611,0,1.82391731893611,0,1.96396931893611,0,1.89938031893611,0,2.18133593221176,0
579,1,0,1.09596,7.01854,1.93,2.2553,0.13,2.92,4.48,1.26,1.4509,0,1.47247,0.03835,1.44,0,1.61,0,1.792,0.010792,2.40963,0.69804,2.02553,0.03585,2.14,0.3256365,2.14805248725419,0.0069435024624909,4.49765702238138,0.201197547687257,1.4589532107803,0,1.395634,1.439e-06,1.58486553038633,0,5.546982405,1.928938731,3.969077548,0.251438051,3.969077548,0.251438051,2.497312,0,2.432876,0,2.329176,0,2.1806566869199,0,1.99243382123883,0,1.82737910604641,0,1.82381410604641,0,1.96386610604641,0,1.89927710604641,0,2.1806566869199,0
580,1,0,1.10103,7.02977,1.94,2.26,0.13,2.92,4.48,1.245,1.4508,0,1.47168,0.03863,1.44,0,1.61,0,1.792,0.010813,2.40509,0.68863,2.02479,0.03549,2.14,0.3229469,2.14766282957028,0.00692778432702112,4.49339157923008,0.197959976812892,1.45891695297674,0,1.39557,1.44e-06,1.58481230232397,0,5.56500356,1.915597423,3.966399286,0.250326201,3.966399286,0.250326201,2.496717,0,2.432375,0,2.328646,0,2.17998219280453,0,1.99233081757323,0,1.82727649006421,0,1.82371149006421,0,1.96376349006421,0,1.89917449006421,0,2.17998219280453,0
581,1,0,1.10611,7.041,1.95,2.2636,0.13,2.92,4.48,1.23,1.4508,0,1.47089,0.03891,1.44,0,1.61,0,1.7906,0.01083,2.40057,0.68103,2.0241,0.03516,2.13,0.3201488,2.14727317188638,0.00691206619155135,4.48912613607878,0.194722405938526,1.45888093499619,0,1.395472,1.439e-06,1.58475942176739,0,5.585455575,1.898058847,3.963765387,0.24918207,3.963765387,0.24918207,2.496125,0,2.431875,0,2.328116,0,2.17931226100025,0,1.99222840958613,0,1.82717438467133,0,1.82360938467133,0,1.96366138467133,0,1.89907238467133,0,2.17931226100025,0
582,1,0,1.11118,7.05224,1.96,2.2671,0.13,2.92,4.48,1.22,1.4508,0,1.4701,0.03919,1.44,0,1.61,0,1.7887,0.01085,2.39607,0.67294,2.0235,0.03488,2.13,0.3173512,2.14688351420248,0.00689634805608157,4.48486069292748,0.19148483506416,1.45884507139987,0,1.395374,1.438e-06,1.58470688570615,0,5.607780663,1.87666697,3.96116635,0.248032986,3.96116635,0.248032986,2.495533,0,2.431375,0,2.327585,0,2.17864676308675,0,1.99212667052865,0,1.82707274137879,0,1.82350774137879,0,1.96355974137879,0,1.89897074137879,0,2.17864676308675,0
583,1,0,1.11625,7.06347,1.97,2.2707,0.13,2.92,4.48,1.21,1.4508,0,1.46931,0.03948,1.44,0,1.61,0,1.7871,0.010865,2.39426,0.66529,2.02291,0.0346,2.13,0.3159272,2.14649385651857,0.0068806299206118,4.48059524977619,0.188247264189794,1.45880936204246,0,1.395276,1.437e-06,1.58465469116203,0,5.631092833,1.852073189,3.958593421,0.246903713,3.958593421,0.246903713,2.494952,0,2.430885,0,2.327055,0,2.17798571584599,0,1.9920255423311,0,1.82697159127231,0,1.82340659127231,0,1.96345859127231,0,1.89886959127231,0,2.17798571584599,0
584,1,0,1.12133,7.0747,1.97,2.2743,0.13,2.92,4.48,1.195,1.4508,0,1.46852,0.03976,1.44,0,1.61,0,1.7866,0.010886,2.3965,0.65853,2.02231,0.03432,2.13,0.31451,2.14610419883467,0.00686491178514202,4.47632980662489,0.185009693315428,1.45877381237137,0,1.395178,1.436e-06,1.58460283518859,0,5.654506094,1.824928906,3.956037846,0.245819018,3.956037846,0.245819018,2.494372,0,2.430396,0,2.326525,0,2.17732911171428,0,1.99192493796612,0,1.82687094194305,0,1.82330594194305,0,1.96335794194305,0,1.89876894194305,0,2.17732911171428,0
585,1,0,1.1264,7.08593,1.98,2.2779,0.13,2.92,4.48,1.18,1.4508,0,1.46773,0.04004,1.44,0,1.61,0,1.787,0.010907,2.39207,0.65267,2.02171,0.03404,2.13,0.3129364,2.14571454115076,0.00684919364967225,4.47206436347359,0.181772122441062,1.45873844951105,0,1.39508,1.435e-06,1.58455131487076,0,5.677134454,1.795885519,3.953490707,0.244804586,3.953490707,0.244804586,2.493793,0,2.429909,0,2.325995,0,2.17667690288049,0,1.99182479452131,0,1.82677079452131,0,1.82320579452131,0,1.96325779452131,0,1.89866879452131,0,2.17667690288049,0
586,1,0,1.13148,7.09716,1.99,2.2814,0.13,2.92,4.48,1.1767,1.4508,0,1.46713,0.04032,1.44,0,1.61,0,1.7866,0.01092,2.38893,0.64679,2.02111,0.03376,2.12,0.311356,2.14532488346686,0.00683347551420248,4.46779892032229,0.178534551566697,1.45870323071357,0,1.394982,1.434e-06,1.5845001273245,0,5.698091922,1.76559443,3.950943014,0.243896019,3.950943014,0.243896019,2.493223,0,2.429432,0,2.325482,0,2.17602901745784,0,1.99172513995584,0,1.82667113995584,0,1.82310613995584,0,1.96315813995584,0,1.89856913995584,0,2.17602901745784,0
587,1,0,1.13655,7.10839,2,2.285,0.13,2.92,4.48,1.1733,1.4508,0,1.46713,0.0406,1.44,0,1.61,0,1.7855,0.01094,2.38672,0.64182,2.0205,0.03349,2.12,0.3111493,2.14493522578296,0.0068177573787327,4.46353347717099,0.175296980692331,1.45866815941135,0,1.394884,1.433e-06,1.58444926969634,0,5.716492505,1.734707037,3.948402902,0.243060135,3.948402902,0.243060135,2.492652,0,2.428956,0,2.324974,0,2.17538554132089,0,1.99162598538985,0,1.82657198538985,0,1.82300698538985,0,1.96305898538985,0,1.89846998538985,0,2.17538554132089,0
588,1,0,1.14163,7.11962,2.01,2.2886,0.13,2.92,4.48,1.17,1.4508,0,1.46713,0.04088,1.44,0,1.61,0,1.7832,0.010959,2.38451,0.63683,2.01988,0.03321,2.12,0.3109425,2.14454556809905,0.00680203924326293,4.4592680340197,0.172059409817965,1.4586332499435,0,1.394786,1.432e-06,1.58439873916306,0,5.731450211,1.703874741,3.945883501,0.242240355,3.945883501,0.242240355,2.492087,0,2.428481,0,2.324467,0,2.17474656286437,0,1.9915273352774,0,1.8264733352774,0,1.82290833527741,0,1.9629603352774,0,1.8983713352774,0,2.17474656286437,0
589,1,0,1.1467,7.13085,2.015,2.2921,0.13,2.92,4.48,1.16,1.4508,0,1.46713,0.04116,1.44,0,1.61,0,1.7819,0.01098,2.38395,0.63323,2.01927,0.03293,2.12,0.3112661,2.14415591041515,0.00678632110779315,4.45502697375328,0.168897814698163,1.45859851999376,0,1.394688,1.431e-06,1.58434853293126,0,5.742079051,1.673748941,3.943397939,0.241380096,3.943397939,0.241380096,2.49153,0,2.42801,0,2.323959,0,2.17411203021044,0,1.99142917894178,0,1.82637517894178,0,1.82281017894178,0,1.96286217894178,0,1.89827317894178,0,2.17411203021044,0
590,1,0,1.15177,7.14208,2.02,2.2957,0.13,2.92,4.48,1.15,1.4508,0,1.46713,0.04145,1.44,0,1.61,0,1.7809,0.011421,2.38465,0.63008,2.01866,0.03266,2.12,0.3115898,2.14376625273125,0.00677060297232338,4.45091783114611,0.166147267891514,1.45856393988367,0,1.39459,1.43e-06,1.58429864823702,0,5.747493031,1.644981037,3.940959345,0.240422778,3.940959345,0.240422778,2.490973,0,2.427539,0,2.323452,0,2.1734817529875,0,1.99133152203738,0,1.82627752203738,0,1.82271252203738,0,1.96276452203738,0,1.89817552203738,0,2.1734817529875,0
591,1,0,1.15685,7.15331,2.03,2.2993,0.13,2.92,4.48,1.14,1.4508,0,1.46713,0.04173,1.44,0,1.61,0,1.7802,0.011012,2.38683,0.62832,2.01804,0.03238,2.12,0.3122602,2.14340575763889,0.00674549555972222,4.44680868853893,0.163396721084864,1.45852950322833,0,1.394587,1.432e-06,1.58424908234553,0,5.74799836,1.617775645,3.938580054,0.239281155,3.938580054,0.239281155,2.490423,0,2.427074,0,2.322945,0,2.17285553438504,0,1.99123437106666,0,1.82618037106666,0,1.82261537106666,0,1.96266737106666,0,1.89807837106666,0,2.17285553438504,0
592,1,0,1.16192,7.16454,2.04,2.3029,0.13,2.92,4.48,1.13,1.4508,0,1.46713,0.04201,1.44,0,1.61,0,1.7791,0.011033,2.38709,0.6275,2.01738,0.03211,2.12,0.3129307,2.14306478541667,0.00671410250416667,4.44269954593176,0.160646174278215,1.45849522102568,0,1.394584,1.434e-06,1.5841998325507,0,5.747968899,1.590668692,3.936257615,0.23785901,3.936257615,0.23785901,2.489879,0,2.426615,0,2.322437,0,2.17223328893511,0,1.99113771623365,0,1.82608371623365,0,1.82251871623365,0,1.96257071623365,0,1.89798171623365,0,2.17223328893511,0
593,1,0,1.167,7.17577,2.04,2.3064,0.13,2.92,4.48,1.115,1.4507,0,1.46713,0.04229,1.44,0,1.61,0,1.7777,0.011053,2.38803,0.62715,2.01671,0.03184,2.12,0.3136148,2.14272381319444,0.00668270944861111,4.43859040332458,0.157895627471566,1.45846110009622,0,1.394581,1.436e-06,1.58415089617483,0,5.747866546,1.563477247,3.933976716,0.236283306,3.933976716,0.236283306,2.489335,0,2.426156,0,2.321951,0,2.1716151610377,0,1.99104155943544,0,1.82598755943544,0,1.82242255943544,0,1.96247455943544,0,1.89788555943544,0,2.1716151610377,0
594,1,0,1.17207,7.187,2.05,2.31,0.13,2.92,4.48,1.1,1.4507,0,1.46684,0.04257,1.44,0,1.61,0,1.7766,0.011074,2.3902,0.62726,2.01603,0.03157,2.12,0.3142921,2.14238284097222,0.00665131639305556,4.43448126071741,0.155145080664917,1.45842713262172,0,1.394578,1.438e-06,1.58410227056826,0,5.747645742,1.536199531,3.931721629,0.234700037,3.931721629,0.234700037,2.488794,0,2.425701,0,2.321465,0,2.17100131952016,0,1.99094590618687,0,1.82589190871642,0,1.82232690871642,0,1.96237890871642,0,1.89778990871642,0,2.17100131952016,0
595,1,0,1.17715,7.19823,2.06,2.3143,0.13,2.92,4.48,1.09,1.4506,0,1.46605,0.04285,1.44,0,1.61,0,1.776,0.01109,2.39447,0.62832,2.01536,0.0313,2.12,0.3150034,2.14204186875,0.0066199233375,4.43037211811024,0.152394533858268,1.45839331295147,0,1.394575,1.44e-06,1.58405395310901,0,5.74726093,1.508833763,3.929476627,0.233255196,3.929476627,0.233255196,2.488254,0,2.425249,0,2.32098,0,2.17039181750834,0,1.99085074667963,0,1.82579679380552,0,1.82223179380552,0,1.96228379380552,0,1.89769479380552,0,2.17039181750834,0
596,1,0,1.18222,7.20946,2.07,2.3186,0.13,2.92,4.48,1.08,1.4506,0,1.46526,0.04313,1.44,0,1.61,0,1.7762,0.011536,2.39763,0.62937,2.01469,0.03103,2.12,0.3157079,2.14170089652778,0.00658853028194444,4.42626297550306,0.149643987051619,1.45835964227313,0,1.394572,1.442e-06,1.58400594120243,0,5.746666551,1.481378165,3.927225981,0.232094778,3.927225981,0.232094778,2.487713,0,2.424796,0,2.320494,0,2.1697864121441,0,1.9907560832983,0,1.82570215764053,0,1.82213715764053,0,1.96218915764053,0,1.89760015764053,0,2.1697864121441,0
597,1,0,1.18729,7.2207,2.08,2.3229,0.13,2.92,4.48,1.07,1.4505,0,1.46447,0.04342,1.44,0,1.61,0,1.7747,0.011557,2.40004,0.63043,2.01402,0.03076,2.12,0.3161948,2.14135992430556,0.00655713722638889,4.42215383289589,0.146893440244969,1.45832612972328,0,1.394569,1.444e-06,1.58395823228088,0,5.745817049,1.453830958,3.924957403,0.231235966,3.924957403,0.231235966,2.487188,0,2.424351,0,2.320008,0,2.1691848156785,0,1.99066192643741,0,1.82560791320422,0,1.82204291320422,0,1.96209491320422,0,1.89750591348744,0,2.1691848156785,0
598,1,0,1.19237,7.23193,2.08,2.3271,0.13,2.92,4.48,1.065,1.4505,0,1.46368,0.0437,1.44,0,1.61,0,1.7732,0.011578,2.40643,0.63148,2.01336,0.0305,2.12,0.3166818,2.14101895208333,0.00652574417083333,4.41804469028871,0.14414289343832,1.45829275195418,0,1.394566,1.446e-06,1.58391082380339,0,5.744666864,1.426190361,3.922679186,0.230516355,3.922679186,0.230516355,2.486663,0,2.423907,0,2.319523,0,2.16858682637852,0,1.99056830852372,0,1.82551396288017,0,1.82194896288017,0,1.96200096288017,0,1.8974120018724,0,2.16858682637852,0
599,1,0,1.19744,7.24316,2.09,2.3314,0.13,2.92,4.48,1.06,1.4505,0,1.46289,0.04398,1.44,0,1.61,0,1.7727,0.011599,2.41156,0.63159,2.0127,0.03023,2.12,0.3166451,2.14067797986111,0.00649435111527778,4.41393554768154,0.141392346631671,1.45825951185017,0,1.394563,1.448e-06,1.58386371325535,0,5.74317044,1.398454596,3.92040718,0.229879986,3.92040718,0.229879986,2.486139,0,2.423463,0,2.31904,0,2.16799261266739,0,1.99047518511837,0,1.82542041490917,0,1.82185541490917,0,1.96190741490917,0,1.89731849034319,0,2.16799261266739,0
600,1,0,1.20252,7.25439,2.095,2.3357,0.13,2.92,4.48,1.05,1.4504,0,1.4621,0.04426,1.44,0,1.61,0,1.7704,0.01161,2.41579,0.63121,2.01204,0.02996,2.12,0.3166016,2.14033700763889,0.00646295805972222,4.40982640507437,0.138641799825022,1.45822646131433,0,1.39456,1.45e-06,1.58381689814815,0,5.741282217,1.370621884,3.918157248,0.229272158,3.918157248,0.229272158,2.48562,0,2.423026,0,2.318575,0,2.16740243622231,0,1.99038246636534,0,1.82532746755447,0,1.82176246755447,0,1.96181446755447,0,1.89722547992211,0,2.16740243622231,0
601,1,0,1.20759,7.26562,2.1,2.34,0.13,2.92,4.48,1.04,1.4504,0,1.46131,0.04454,1.44,0,1.61,0,1.7673,0.011631,2.42001,0.63035,2.01138,0.0297,2.12,0.3167146,2.13999603541667,0.00643156500416667,4.40571726246719,0.135891253018373,1.45819353882723,0,1.394544,1.449e-06,1.58377037601888,0,5.73895664,1.342690444,3.915945252,0.228638169,3.915945252,0.228638169,2.485101,0,2.42259,0,2.31811,0,2.16681643922471,0,1.99029007966426,0,1.8252352881458,0,1.8216702881458,0,1.9617222881458,0,1.89713300763309,0,2.16681643922471,0
602,1,0,1.21266,7.27685,2.11,2.3443,0.13,2.92,4.48,1.03,1.4503,0,1.46114,0.04482,1.44,0,1.61,0,1.7674,0.011652,2.42422,0.62852,2.01072,0.02943,2.13,0.3168207,2.13965506319444,0.00640017194861111,4.40160811986002,0.133140706211723,1.45816073613562,0,1.394528,1.448e-06,1.58372414443004,0,5.736148148,1.314658499,3.913787014,0.227924142,3.913787014,0.227924142,2.484584,0,2.422154,0,2.317645,0,2.16623442981391,0,1.99019807620813,0,1.82514373957261,0,1.82157873957261,0,1.96163073957261,0,1.89704103024201,0,2.16623442981391,0
603,1,0,1.21774,7.28808,2.12,2.3486,0.13,2.92,4.48,1.02,1.4503,0,1.46114,0.0451,1.44,0,1.61,0,1.7671,0.011673,2.42815,0.62573,2.01024,0.02916,2.13,0.3152064,2.13931409097222,0.00636877889305556,4.39757465087282,0.130587122166013,1.45812807435479,0,1.394512,1.447e-06,1.5836782009692,0,5.732811185,1.286524267,3.911687789,0.227177204,3.911687789,0.227177204,2.484075,0,2.421724,0,2.317179,0,2.1656561950134,0,1.99010655761333,0,1.82505254259154,0,1.82148754259154,0,1.96153954259154,0,1.89694955505652,0,2.1656561950134,0
604,1,0,1.22281,7.29931,2.13,2.3529,0.13,2.92,4.48,1.0167,1.4503,0,1.46114,0.04538,1.44,0,1.61,0,1.7664,0.01169,2.43024,0.62436,2.00979,0.0289,2.13,0.313599,2.13897311875,0.0063373858375,4.39363749376559,0.128284217997862,1.45809558242097,0,1.394496,1.446e-06,1.58363254324868,0,5.728900193,1.258285971,3.909634366,0.226428765,3.909634366,0.226428765,2.483567,0,2.421294,0,2.316714,0,2.1650815871603,0,1.99001560493481,0,1.82496145489973,0,1.82139647752545,0,1.96144845489973,0,1.89685860493481,0,2.1650815871603,0
605,1,0,1.22789,7.31054,2.14,2.3571,0.13,2.92,4.48,1.0133,1.4503,0,1.46114,0.04567,1.44,0,1.61,0,1.7643,0.01171,2.43362,0.6201,2.00934,0.02863,2.13,0.3111415,2.13863840476191,0.00630933857473545,4.38970033665835,0.125981313829711,1.45806320676387,0,1.39448,1.445e-06,1.58358716890531,0,5.724369614,1.229941831,3.907612619,0.225646442,3.907612619,0.225646442,2.483061,0,2.420866,0,2.316249,0,2.16451064260609,0,1.98992517303377,0,1.82487058116936,0,1.82130565140682,0,1.96135758116936,0,1.89676817303377,0,2.16451064260609,0
606,1,0,1.23296,7.32177,2.14,2.3614,0.13,2.92,4.48,1.01,1.4503,0,1.46047,0.04595,1.44,0,1.61,0,1.7625,0.01173,2.43754,0.6163,2.00889,0.02837,2.13,0.3086909,2.13832888095238,0.00629475854828042,4.38576317955112,0.12367840966156,1.45803094880758,0,1.394464,1.444e-06,1.58354207560006,0,5.71917389,1.201490066,3.905608421,0.224797847,3.905608421,0.224797847,2.482566,0,2.420449,0,2.315788,0,2.16394334113725,0,1.98983517307537,0,1.82478021365277,0,1.82121526221524,0,1.96126721365277,0,1.89667817307537,0,2.16394334113725,0
607,1,0,1.23804,7.333,2.15,2.3657,0.13,2.92,4.48,0.9995,1.4503,0,1.45968,0.04623,1.44,0,1.61,0,1.7618,0.011317,2.43961,0.61056,2.00844,0.0281,2.13,0.3060362,2.13801935714286,0.0062801785218254,4.38182602244389,0.121375505493409,1.45799888094072,0,1.394448,1.443e-06,1.58349726101781,0,5.713267463,1.172928899,3.903607647,0.223850596,3.903607647,0.223850596,2.482071,0,2.420031,0,2.315343,0,2.1633796383715,0,1.98974551970108,0,1.82469061946302,0,1.82112545789609,0,1.96117761946302,0,1.89658851970108,0,2.1633796383715,0
608,1,0,1.24311,7.34423,2.16,2.37,0.13,2.92,4.48,0.989,1.4503,0,1.45889,0.04651,1.44,0,1.61,0,1.7607,0.011768,2.44167,0.60237,2.00795,0.02784,2.14,0.3033748,2.13770983333333,0.00626559849537037,4.37788886533666,0.119072601325258,1.45796694486536,0,1.394432,1.442e-06,1.58345272286702,0,5.708,1.15,3.901596744,0.222761149,3.901596744,0.222761149,2.481578,0,2.419615,0,2.314897,0,2.16281947475983,0,1.98965622017345,0,1.8246017386679,0,1.82103615987581,0,1.96108873866791,0,1.89649922017345,0,2.16281947475983,0
609,1,0,1.24818,7.35546,2.17,2.3746,0.13,2.92,4.48,0.9815,1.4503,0,1.4581,0.04679,1.44,0,1.61,0,1.7592,0.01135,2.44373,0.59318,2.00734,0.02758,2.14,0.2990474,2.13740030952381,0.00625101846891534,4.37395170822943,0.116769697157107,1.45793512047217,0,1.394416,1.441e-06,1.58340845887946,0,5.708,1.15,3.899583891,0.221203266,3.899583891,0.221203266,2.481089,0,2.4192,0,2.314452,0,2.16226291642802,0,1.98956737448774,0,1.82451329686237,0,1.82094736225945,0,1.96100029686237,0,1.89641037448774,0,2.16226291642802,0
610,1,0,1.25326,7.36669,2.18,2.3792,0.13,2.92,4.48,0.974,1.4503,0,1.45731,0.04707,1.44,0,1.61,0,1.7572,0.011371,2.44578,0.58396,2.00672,0.02732,2.14,0.29472,2.13709078571429,0.00623643844246032,4.37001455112219,0.114466792988956,1.45790342490553,0,1.3944,1.44e-06,1.58336446680993,0,5.708,1.15,3.897576706,0.219242444,3.897576706,0.219242444,2.480601,0,2.418785,0,2.314006,0,2.16171003457133,0,1.98947908961704,0,1.82442503193533,0,1.82085908067803,0,1.96091203193533,0,1.89632208067803,0,2.16171003457133,0
611,1,0,1.25833,7.37792,2.18,2.3838,0.13,2.92,4.48,0.96633,1.4503,0,1.45652,0.04735,1.44,0,1.61,0,1.7561,0.01139,2.44561,0.57277,2.0061,0.02706,2.14,0.2893454,2.13678126190476,0.00622185841600529,4.36607739401496,0.112163888820805,1.45787191533697,6.75690097419723e-308,1.394351,1.442e-06,1.58332074443597,0,5.708,1.15,3.895575126,0.21715565,3.895575126,0.21715565,2.480115,0,2.418373,0,2.313561,0,2.16116079407466,0,1.98939139243279,0,1.82433694793466,0,1.82077133449293,0,1.96082394793466,0,1.89623433449293,0,2.16116079407466,0
612,1,0,1.26341,7.38915,2.1833,2.3885,0.13,2.92,4.48,0.95867,1.4503,0,1.45573,0.04764,1.44,0,1.61,0,1.756,0.01141,2.44358,0.56007,2.00549,0.0268,2.14,0.283964,2.13647173809524,0.00620727838955027,4.36214023690773,0.109860984652654,1.45784050511295,2.01361129359831e-306,1.394302,1.444e-06,1.58327728955763,0,5.708,1.15,3.89357909,0.215219851,3.89357909,0.215219851,2.479635,0,2.417969,0,2.313115,0,2.16061507344516,0,1.98930411713209,0,1.82424924112594,0,1.82068404901715,0,1.96073624112594,0,1.89614704901715,0,2.16061507344516,0
613,1,0,1.26848,7.40039,2.19,2.3931,0.13,2.92,4.48,0.951,1.4503,0,1.45515,0.04792,1.44,0,1.61,0,1.7545,0.011424,2.44155,0.54732,2.00487,0.02655,2.14,0.2779163,2.13616221428571,0.00619269836309524,4.3582030798005,0.107558080484503,1.4578091930618,2.27389733953803e-305,1.394253,1.446e-06,1.58323409999715,0,5.708,1.15,3.891588537,0.213712015,3.891588537,0.213712015,2.479155,0,2.417565,0,2.312673,0,2.16007275034743,0,1.98921707955569,0,1.8241621017882,0,1.820597139881,0,1.9606491017882,0,1.896060139881,0,2.16007275034743,0
614,1,0,1.27355,7.41162,2.2,2.3977,0.13,2.92,4.46,0.9395,1.4503,0,1.45515,0.0482,1.44,0,1.61,0,1.7539,0.011679,2.43953,0.53209,2.0043,0.02626,2.14,0.2718682,2.13585269047619,0.00617811833664021,4.35426592269327,0.105255176316352,1.45777806633851,2.22738103856285e-304,1.394204,1.448e-06,1.58319117359869,0,5.708,1.15,3.889602768,0.212894276,3.889602768,0.212894276,2.478677,0,2.417163,0,2.312246,0,2.15953376562418,0,1.98913021801826,0,1.82407553963411,0,1.82051060973168,0,1.96056253963411,0,1.89597360973168,0,2.15953376562418,0
615,1,0,1.27863,7.42285,2.21,2.4023,0.13,2.92,4.44,0.928,1.4502,0,1.45515,0.04848,1.44,0,1.61,0,1.7552,0.011467,2.43751,0.5173,2.00378,0.02596,2.14,0.26514,2.13554316666667,0.00616353831018519,4.35032876558603,0.102952272148201,1.45774707481219,7.12647321621358e-303,1.394155,1.45e-06,1.58314850822814,0,5.708,1.15,3.887604613,0.212471708,3.887604613,0.212471708,2.47821,0,2.416768,0,2.311819,0,2.15899816778693,0,1.98904370297957,0,1.82398945168082,0,1.82042447810596,0,1.96047645168082,0,1.89588747810596,0,2.15899816778693,0
616,1,0,1.2837,7.43408,2.22,2.4069,0.13,2.92,4.44,0.921,1.4502,0,1.45515,0.04876,1.44,0,1.61,0,1.7532,0.011832,2.4337,0.50147,2.00326,0.02565,2.14,0.2584117,2.13523364285714,0.00614895828373016,4.3463916084788,0.10064936798005,1.45771618883211,1.44369205460496e-301,1.394106,1.452e-06,1.58310610177278,0,5.708,1.15,3.885598328,0.212177091,3.885598328,0.212177091,2.477743,0,2.416372,0,2.311393,0,2.15846601479926,0,1.98895772910286,0,1.82390374944192,0,1.82033874944192,0,1.96039074944192,0,1.89580174944192,0,2.15846601479926,0
617,1,0,1.28878,7.44531,2.23,2.4115,0.13,2.92,4.44,0.914,1.4502,0,1.45488,0.04904,1.44,0,1.61,0,1.7507,0.01194,2.43036,0.48461,2.00274,0.02534,2.14,0.2509626,2.13492411904762,0.00613437825727513,4.34252967191199,0.098513785032029,1.45768541868412,6.50943298056797e-301,1.394057,1.454e-06,1.58306395214107,0,5.708,1.15,3.883600084,0.211943871,3.883600084,0.211943871,2.477276,0,2.415978,0,2.310966,0,2.15793728232758,0,1.98887234577632,0,1.82381841821764,0,1.82025341821764,0,1.96030541821764,0,1.89571641821764,0,2.15793728232758,0
618,1,0,1.29385,7.45654,2.23,2.4162,0.13,2.92,4.44,0.903,1.4502,0,1.45409,0.04932,1.44,0,1.61,0,1.7532,0.01196,2.42836,0.46769,2.00221,0.02503,2.14,0.2435135,2.1346145952381,0.00611979823082011,4.33877824453419,0.0966240196790141,1.45765481388368,2.1420350922223e-299,1.394008,1.456e-06,1.58302205726239,0,5.708,1.15,3.88162605,0.211705493,3.88162605,0.211705493,2.476815,0,2.415588,0,2.310539,0,2.15741191296875,0,1.98878744956669,0,1.82373348390127,0,1.82016848390127,0,1.96022048390127,0,1.89563148390127,0,2.15741191296875,0
619,1,0,1.29893,7.46777,2.24,2.4208,0.13,2.92,4.44,0.892,1.4501,0,1.45331,0.04961,1.44,0,1.61,0,1.753,0.011982,2.42335,0.44874,2.00169,0.02473,2.14,0.2356429,2.13430507142857,0.00610521820436508,4.33502681715639,0.0947342543259992,1.45762431348323,5.25539125846273e-298,1.393959,1.458e-06,1.58298041508679,0,5.708,1.15,3.879692397,0.211395403,3.879692397,0.211395403,2.476354,0,2.415198,0,2.310112,0,2.15688987593332,0,1.98870295220478,0,1.82364895221106,0,1.82008395221106,0,1.96013595221106,0,1.89554695221106,0,2.15688987593332,0
620,1,0,1.304,7.479,2.25,2.4254,0.13,2.92,4.44,0.88767,1.4501,0,1.45252,0.04989,1.44,0,1.61,0,1.7506,0.012003,2.41775,0.42628,2.00118,0.02442,2.14,0.2277722,2.13399783328091,0.00608951950173011,4.33127538977858,0.0928444889729843,1.45759391527846,1.70823361412064e-297,1.39391,1.46e-06,1.58293902358474,0,5.708,1.15,3.877815245,0.210945537,3.877815245,0.210945537,2.475894,0,2.414809,0,2.309686,0,2.15637113866929,0,1.98861881970337,0,1.82356481970337,0,1.81999981970337,0,1.96005181970337,0,1.89546281970337,0,2.15637113866929,0
621,1,0,1.30964,7.48948,2.26,2.43,0.13,2.92,4.425,0.88333,1.4501,0,1.45173,0.05017,1.44,0,1.61,0,1.7481,0.01202,2.4138,0.41412,2.00067,0.02411,2.14,0.2195139,2.13371724189997,0.00606077901730104,4.32752396240078,0.0909547236199694,1.45756368793381,5.65309516810844e-296,1.393868,1.459e-06,1.58289788074689,0,5.708,1.15,3.875998806,0.210150506,3.875998806,0.210150506,2.475442,0,2.414428,0,2.309277,0,2.15585567085565,0,1.98853508322534,0,1.82348108322534,0,1.81991608322534,0,1.95996808322534,0,1.89537908322534,0,2.15585567085565,0
622,1,0,1.31528,7.49996,2.27,2.434,0.13,2.92,4.41,0.879,1.4501,0,1.45094,0.05045,1.44,0,1.61,0,1.7458,0.01204,2.40869,0.39548,2.00016,0.02379,2.14,0.2112487,2.13343665051903,0.00603203853287197,4.32377253502298,0.0890649582669545,1.45753357024013,1.50586472307999e-294,1.393826,1.458e-06,1.58285698458386,0,5.708,1.15,3.874229311,0.208989586,3.874229311,0.208989586,2.47499,0,2.414047,0,2.308868,0,2.15534344520968,0,1.98845174957193,0,1.82339774957193,0,1.81983274957193,0,1.95988474957193,0,1.89529574957193,0,2.15534344520968,0
623,1,0,1.32092,7.51044,2.2767,2.438,0.13,2.92,4.405,0.867,1.4501,0,1.45015,0.05073,1.44,0,1.61,0,1.7439,0.01206,2.40279,0.37728,1.99965,0.02348,2.13,0.2023784,2.13315605913809,0.00600329804844291,4.32002110764518,0.0871751929139396,1.45750355619673,1.8221741533187e-293,1.393784,1.457e-06,1.58281633312596,0,5.708,1.15,3.872493021,0.207590471,3.872493021,0.207590471,2.474538,0,2.413665,0,2.308459,0,2.1548344346832,0,1.98836881869249,0,1.82331481869249,0,1.81974981869249,0,1.95980181869249,0,1.89521281869249,0,2.1548344346832,0
624,1,0,1.32655,7.52092,2.28,2.442,0.13,2.92,4.4,0.855,1.45,0,1.44936,0.05101,1.44,0,1.6106,0,1.7439,0.012078,2.39692,0.35852,1.99914,0.02317,2.13,0.1935081,2.13287546775716,0.00597455756401384,4.31626968026737,0.0852854275609247,1.45747367244063,1.33206536798899e-292,1.393742,1.456e-06,1.58277592442299,0,5.708,1.15,3.870776198,0.206080853,3.870776198,0.206080853,2.474092,0,2.413289,0,2.30805,0,2.15432860750093,0,1.9882862843254,0,1.8232322843254,0,1.8196672843254,0,1.9597192843254,0,1.8951302843254,0,2.15432860750093,0
625,1,0,1.33219,7.5314,2.28,2.446,0.13,2.92,4.4,0.8495,1.45,0,1.44916,0.05129,1.44,0,1.6113,0,1.7441,0.012099,2.39107,0.34069,1.99863,0.02286,2.13,0.184699,2.13259487637622,0.00594581707958478,4.31251825288957,0.0833956622079098,1.45744393371717,3.6756826102847e-291,1.3937,1.455e-06,1.582735756544,0,5.708,1.15,3.869065101,0.204588427,3.869065101,0.204588427,2.473646,0,2.412913,0,2.307641,0,2.15382592765471,0,1.98820415208957,0,1.82315015208957,0,1.81958515208957,0,1.95963715208957,0,1.89504815208957,0,2.15382592765471,0
626,1,0,1.33783,7.54188,2.29,2.45,0.13,2.92,4.4,0.844,1.45,0,1.44916,0.05157,1.44,0,1.6119,0,1.7423,0.01212,2.38523,0.3228,1.99807,0.02255,2.12,0.1758831,2.13231428499528,0.00591707659515571,4.30876682551177,0.0815058968548949,1.45741429659707,6.27258077182494e-290,1.393658,1.454e-06,1.58269582757707,0,5.708,1.15,3.867345992,0.203240885,3.867345992,0.203240885,2.4732,0,2.412538,0,2.307232,0,2.15332634610268,0,1.98812242382744,0,1.82306842382744,0,1.81950342382744,0,1.95955542382744,0,1.89496644233767,0,2.15332634610268,0
627,1,0,1.34347,7.55236,2.3,2.454,0.13,2.92,4.4,0.834,1.45,0,1.44916,0.05186,1.44,0,1.6125,0,1.7403,0.01214,2.37941,0.30486,1.99749,0.02225,2.12,0.1674549,2.13203369361434,0.00588833611072664,4.30501539813396,0.07961613150188,1.45738476913521,2.82840625244483e-289,1.393616,1.453e-06,1.58265613562908,0,5.708,1.15,3.865608385,0.202086148,3.865608385,0.202086148,2.472764,0,2.412168,0,2.306823,0,2.15282982716964,0,1.98804109227923,0,1.82298709227923,0,1.81942209227923,0,1.95947409227923,0,1.89488515951666,0,2.15282982716964,0
628,1,0,1.34911,7.56285,2.31,2.458,0.13,2.92,4.4,0.824,1.4499,0,1.44916,0.05214,1.44,0,1.6131,0,1.738,0.012153,2.3733,0.28685,1.9969,0.02194,2.12,0.1590198,2.13175310223341,0.00585959562629758,4.30126397075616,0.0777263661488651,1.45735539210475,7.88828088317253e-288,1.393574,1.452e-06,1.5826166788255,0,5.708,1.15,3.863859101,0.201001837,3.863859101,0.201001837,2.47233,0,2.4118,0,2.306429,0,2.15233641674095,0,1.98796016113699,0,1.82290616113699,0,1.81934116113699,0,1.95939316113699,0,1.89480421608885,0,2.15233641674095,0
629,1,0,1.35475,7.57333,2.32,2.462,0.13,2.92,4.4,0.81967,1.4499,0,1.44916,0.05242,1.44,0,1.6138,0,1.7373,0.011725,2.36559,0.26729,1.99631,0.02164,2.12,0.150612,2.13147251085247,0.00583085514186851,4.29751254337836,0.0758366007958502,1.45732611015193,1.55312041513223e-286,1.393532,1.451e-06,1.58257745531018,0,5.708,1.15,3.862110085,0.199953301,3.862110085,0.199953301,2.471896,0,2.411432,0,2.306036,0,2.15184616365324,0,1.98787963246982,0,1.82282564425314,0,1.81926064425314,0,1.95931264425314,0,1.89472351076022,0,2.15184616365324,0
630,1,0,1.36039,7.58381,2.33,2.466,0.13,2.92,4.4,0.81533,1.4499,0,1.44916,0.0527,1.44,0,1.6144,0,1.7367,0.011746,2.35893,0.25067,1.99572,0.02133,2.11,0.1422041,2.13119191947153,0.00580211465743945,4.29376111600056,0.0739468354428353,1.45729693271921,5.45032158567341e-286,1.39349,1.45e-06,1.5825384632451,0,5.708,1.15,3.860373253,0.198909821,3.860373253,0.198909821,2.471467,0,2.411069,0,2.305644,0,2.15135904095012,0,1.98779949834147,0,1.82274555964855,0,1.81918055964855,0,1.95923255964855,0,1.89464301619042,0,2.15135904095012,0
631,1,0,1.36603,7.59429,2.33,2.47,0.13,2.92,4.4,0.811,1.4499,0,1.44916,0.05298,1.44,0,1.615,0,1.7364,0.01176,2.35318,0.2355,1.99513,0.02103,2.11,0.1344559,2.13091132809059,0.00577337417301038,4.290018263251,0.0720735530468803,1.4572679222596,1.51327843961273e-284,1.393463,1.451e-06,1.58249970081021,0,5.708,1.15,3.858660518,0.19784068,3.858660518,0.19784068,2.47104,0,2.410707,0,2.305252,0,2.15087492493932,0,1.98771976367574,0,1.82266582836903,0,1.81910082836903,0,1.95915282836903,0,1.89456291308554,0,2.15087492493932,0
632,1,0,1.37166,7.60477,2.34,2.474,0.13,2.92,4.4,0.8015,1.4499,0,1.44916,0.05326,1.44,0,1.6156,0,1.736,0.01178,2.34576,0.22028,1.99465,0.02072,2.11,0.1267076,2.13063073670966,0.00574463368858132,4.28646624583248,0.0705671122766551,1.45723899268432,3.18346536080994e-283,1.393436,1.452e-06,1.58246116620319,0,5.708,1.15,3.856983793,0.196715156,3.856983793,0.196715156,2.470613,0,2.410346,0,2.30486,0,2.15039368944182,0,1.98764044031861,0,1.82258635474191,0,1.81902135474191,0,1.95907335474191,0,1.89448339513566,0,2.15039368944182,0
633,1,0,1.3773,7.61525,2.35,2.478,0.13,2.92,4.4,0.792,1.4499,0,1.44846,0.05354,1.44,0,1.6163,0,1.7355,0.012236,2.3372,0.20602,1.99424,0.02042,2.1,0.1192994,2.13035014532872,0.00571589320415225,4.28291422841396,0.0690606715064299,1.45721014050551,1.10430409208766e-282,1.393409,1.453e-06,1.58242285763925,0,5.708,1.15,3.855353999,0.195490857,3.855353999,0.195490857,2.470191,0,2.409988,0,2.304467,0,2.14991529622477,0,1.98756155543385,0,1.82250707952183,0,1.81894207952183,0,1.95899407952183,0,1.89440448729047,0,2.14991529622477,0
634,1,0,1.38294,7.62573,2.36,2.482,0.13,2.92,4.3867,0.7835,1.4499,0,1.44767,0.05383,1.44,0,1.6169,0,1.7352,0.0122,2.32582,0.19172,1.99383,0.02012,2.1,0.1118844,2.13006955394778,0.00568715271972318,4.27936221099544,0.0675542307362047,1.45718148642332,2.62175818413405e-281,1.393382,1.454e-06,1.58238477335094,0,5.708,1.15,3.853767074,0.194072109,3.853767074,0.194072109,2.469776,0,2.409634,0,2.304075,0,2.14943979830077,0,1.9874830385686,0,1.82242816621976,0,1.81886316621976,0,1.95891516621976,0,1.89432601595847,0,2.14943979830077,0
635,1,0,1.38858,7.63621,2.3667,2.486,0.13,2.92,4.3733,0.775,1.4499,0,1.44688,0.05411,1.44,0,1.6175,0,1.7342,0.012293,2.31784,0.17838,1.99343,0.01982,2.09,0.1051698,2.12978896256684,0.00565841223529412,4.27581019357692,0.0660477899659794,1.45715290815676,5.67333873424991e-280,1.393355,1.455e-06,1.58234691158793,0,5.708,1.15,3.852213193,0.192525781,3.852213193,0.192525781,2.469361,0,2.40928,0,2.303693,0,2.14896725264592,0,1.98740479932181,0,1.82234981200439,0,1.81878481429407,0,1.95883681200439,0,1.89424779932181,0,2.14896725264592,0
636,1,0,1.39422,7.64669,2.37,2.49,0.13,2.92,4.36,0.7685,1.4499,0,1.44609,0.05439,1.44,0,1.6181,0,1.733,0.01231,2.31218,0.1655,1.99302,0.01951,2.09,0.0984483,2.12951095386087,0.00563250285441071,4.2722581761584,0.0645413491957542,1.45712440775715,4.54095999573221e-279,1.393328,1.456e-06,1.58230927061683,0,5.708,1.15,3.850683524,0.190952915,3.850683524,0.190952915,2.468946,0,2.408927,0,2.303317,0,2.14849768076138,0,1.98732679482623,0,1.82227208527095,0,1.81870713164349,0,1.95875908527095,0,1.89416979482623,0,2.14849768076138,0
637,1,0,1.39986,7.65717,2.37,2.4947,0.13,2.92,4.36,0.762,1.4498,0,1.4453,0.05467,1.44,0,1.6188,0,1.7314,0.011876,2.3048,0.15157,1.99261,0.01921,2.09,0.0925225,2.12924439875687,0.005619148802295,4.26870615873988,0.063034908425529,1.45709606903273,4.12665192105439e-278,1.393301,1.457e-06,1.58227184872099,0,5.708,1.15,3.849169235,0.189454554,3.849169235,0.189454554,2.468533,0,2.408579,0,2.302941,0,2.14803096421838,0,1.98724910568559,0,1.82219482355345,0,1.81862989765859,0,1.95868182355345,0,1.89409210568559,0,2.14803096421838,0
638,1,0,1.4055,7.66765,2.38,2.4993,0.13,2.92,4.36,0.758,1.4498,0,1.44451,0.05495,1.44,0,1.6194,0,1.7293,0.01189,2.2973,0.14013,1.99222,0.01891,2.09,0.0865967,2.12897784365288,0.0056057947501793,4.26515414132136,0.0615284676553038,1.45706782653632,8.98978841722493e-277,1.393274,1.458e-06,1.58223464420031,0,5.708,1.15,3.847661494,0.188131741,3.847661494,0.188131741,2.46812,0,2.40823,0,2.302565,0,2.14756695683818,0,1.98717183133412,0,1.82211784160264,0,1.81855282996179,0,1.95860484160264,0,1.89401483133412,0,2.14756695683818,0
639,1,0,1.41114,7.67813,2.39,2.504,0.13,2.92,4.36,0.754,1.4498,0,1.44372,0.05523,1.44,0,1.62,0,1.7267,0.01191,2.28984,0.13119,1.99187,0.01861,2.08,0.0812353,2.12871128854889,0.00559244069806359,4.26160212390284,0.0600220268850786,1.45703966935968,9.47643186865534e-276,1.393247,1.459e-06,1.58219765537105,0,5.708,1.15,3.846151468,0.18708552,3.846151468,0.18708552,2.467707,0,2.407881,0,2.302188,0,2.14710550385066,0,1.98709498585767,0,1.82204109730243,0,1.81847575509256,0,1.95852809730243,0,1.89393798585767,0,2.14710550385066,0
640,1,0,1.41677,7.68861,2.4,2.5087,0.13,2.92,4.36,0.75,1.4498,0,1.44317,0.05551,1.44,0,1.62,0,1.7245,0.011931,2.28346,0.11968,1.99152,0.01832,2.08,0.075874,2.1284447334449,0.00557908664594788,4.25805010648432,0.0585155861148534,1.45701165976022,5.92461110939929e-275,1.39322,1.46e-06,1.58216088056564,0,5.708,1.15,3.844640232,0.186301057,3.844640232,0.186301057,2.467305,0,2.40754,0,2.301812,0,2.14664673206011,0,1.98701853726607,0,1.82196465068097,0,1.8183988830062,0,1.95845165068097,0,1.89386153726607,0,2.14664673206011,0
641,1,0,1.42241,7.69909,2.41,2.5133,0.13,2.92,4.36,0.744,1.4498,0,1.44317,0.0558,1.44,0,1.62,0,1.7232,0.01195,2.27789,0.11018,1.99117,0.01802,2.07,0.0711314,2.1281781783409,0.00556573259383218,4.2544980890658,0.0570091453446282,1.45698375355707,1.28003834400701e-273,1.39319,1.46e-06,1.58212431813251,0,5.708,1.15,3.843137756,0.185630937,3.843137756,0.185630937,2.466905,0,2.4072,0,2.301436,0,2.14619089039071,0,1.98694249281804,0,1.82188850621356,0,1.81832250759534,0,1.95837550621356,0,1.89378549281804,0,2.14619089039071,0
642,1,0,1.42805,7.70957,2.42,2.518,0.13,2.92,4.36,0.738,1.4498,0,1.44317,0.05608,1.44,0,1.62,0,1.7241,0.011964,2.27071,0.10167,1.99081,0.01772,2.07,0.0663956,2.12791162323691,0.00555237854171647,4.25094607164728,0.0555027045744029,1.4569559309873,1.52237523755295e-272,1.39316,1.46e-06,1.58208796643587,0,5.708,1.15,3.841642586,0.185042598,3.841642586,0.185042598,2.466504,0,2.40686,0,2.301064,0,2.14573816700786,0,1.9868669114763,0,1.82181263297739,0,1.81824680956833,0,1.95829963297739,0,1.89370988129583,0,2.14573816700786,0
643,1,0,1.43369,7.72005,2.43,2.5227,0.13,2.92,4.36,0.7295,1.4497,0,1.44317,0.05636,1.44,0,1.62,0,1.7234,0.011985,2.26264,0.09466,1.99046,0.01742,2.07,0.06221944,2.12764506813292,0.00553902448960077,4.24739405422875,0.0539962638041777,1.45692824472378,7.78141162796484e-272,1.39313,1.46e-06,1.58205182385558,0,5.708,1.15,3.840153159,0.184504692,3.840153159,0.184504692,2.466107,0,2.406524,0,2.300703,0,2.14528836942433,0,1.98679175281087,0,1.82173704504707,0,1.81817163366818,0,1.95822404504707,0,1.89363467962617,0,2.14528836942433,0
644,1,0,1.43933,7.73054,2.43,2.5273,0.13,2.92,4.36,0.721,1.4497,0,1.44317,0.05664,1.44,0,1.62,0,1.722,0.012007,2.25162,0.08763,1.9901,0.01713,2.06,0.0580427,2.12737851302893,0.00552567043748506,4.24384203681023,0.0524898230339525,1.45690066664417,1.65017989798383e-270,1.3931,1.46e-06,1.58201588878695,0,5.708,1.15,3.83866791,0.183985867,3.83866791,0.183985867,2.465712,0,2.406192,0,2.300342,0,2.14484116167986,0,1.9867168295945,0,1.82166184235788,0,1.81809679438105,0,1.95814884235788,0,1.89355979696962,0,2.14484116167986,0
645,1,0,1.44497,7.74102,2.44,2.532,0.13,2.92,4.36,0.7115,1.4496,0,1.44317,0.05692,1.44,0,1.62,0,1.72,0.01202,2.24413,0.08007,1.9897,0.01686,2.06,0.05456656,2.12711195792493,0.00551231638536935,4.24029001939171,0.0509833822637273,1.45687316594813,2.06339659683512e-269,1.39307,1.46e-06,1.58198015964055,0,5.708,1.15,3.837185276,0.183454775,3.837185276,0.183454775,2.465316,0,2.405859,0,2.299981,0,2.14439624558558,0,1.98664195696385,0,1.82158710648123,0,1.81802217494149,0,1.95807410648123,0,1.89348517494149,0,2.14439624558558,0
646,1,0,1.45061,7.7515,2.4467,2.5367,0.13,2.92,4.36,0.702,1.4496,0,1.44317,0.0572,1.43,0,1.62,0,1.7195,0.01204,2.24047,0.07351,1.9893,0.0166,2.06,0.05109052,2.12684540282094,0.00549896233325365,4.23681276939956,0.0496007379593058,1.45684577893602,9.37820126430152e-269,1.39304,1.46e-06,1.58194463484206,0,5.708,1.15,3.835703323,0.182882176,3.835703323,0.182882176,2.464924,0,2.405528,0,2.29962,0,2.14395371913774,0,1.98656720267514,0,1.82151279437535,0,1.81794784794148,0,1.95799979437535,0,1.89341084794148,0,2.14395371913774,0
647,1,0,1.45625,7.76198,2.45,2.5413,0.13,2.92,4.36,0.69667,1.4496,0,1.44317,0.05748,1.43,0,1.62,0,1.7203,0.01206,2.23267,0.06693,1.9889,0.01633,2.05,0.04808154,2.12657884771695,0.00548560828113794,4.2334768428087,0.0484520904428486,1.456818516599,1.93775230733272e-267,1.39301,1.46e-06,1.58190931283211,0,5.708,1.15,3.834211078,0.182310302,3.834211078,0.182310302,2.464539,0,2.405199,0,2.299259,0,2.14351391049599,0,1.98649285490129,0,1.82143881448035,0,1.81787382110144,0,1.95792581448035,0,1.89333682110144,0,2.14351391049599,0
648,1,0,1.46188,7.77246,2.45,2.546,0.13,2.92,4.36,0.69133,1.4495,0,1.44245,0.05776,1.43,0,1.62,0,1.7172,0.012543,2.22372,0.06136,1.9885,0.01607,2.05,0.04507266,2.12631229261296,0.00547225422902223,4.23014091621783,0.0473034429263914,1.45679133379853,2.44556224104901e-266,1.39298,1.46e-06,1.58187419206608,0,5.708,1.15,3.83271139,0.181755984,3.83271139,0.181755984,2.464155,0,2.404871,0,2.298898,0,2.14307711410232,0,1.98641917999155,0,1.82136507970072,0,1.81780007970072,0,1.95785207970072,0,1.89326307970072,0,2.14307711410232,0
649,1,0,1.46752,7.78294,2.46,2.5507,0.13,2.92,4.36,0.686,1.4495,0,1.44081,0.05805,1.43,0,1.62,0,1.715,0.012095,2.21829,0.05629,1.9881,0.01581,2.04,0.04252278,2.12604573750896,0.00545890017690653,4.22680498962697,0.0461547954099342,1.45676425915687,1.03847526155217e-265,1.39295,1.46e-06,1.58183927101393,0,5.708,1.15,3.831214248,0.181203968,3.831214248,0.181203968,2.46377,0,2.404543,0,2.298537,0,2.14264323318975,0,1.98634611978799,0,1.82129160003116,0,1.81772660003116,0,1.95777860003116,0,1.89318960003116,0,2.14264323318975,0
650,1,0,1.47316,7.79342,2.47,2.5553,0.13,2.92,4.36,0.681,1.4495,0,1.43917,0.05833,1.43,0,1.62,0,1.7151,0.011808,2.21234,0.05165,1.9877,0.01554,2.04,0.03997212,2.12577918240497,0.00544554612479082,4.22346906303611,0.045006147893477,1.45673730979543,2.07633586153433e-264,1.39292,1.46e-06,1.58180454816008,0,5.708,1.15,3.829729641,0.180638999,3.829729641,0.180638999,2.463389,0,2.40422,0,2.298189,0,2.14221194422682,0,1.98627339842883,0,1.82121847510139,0,1.81765347510139,0,1.95770547510139,0,1.89311647510139,0,2.14221194422682,0
651,1,0,1.4788,7.8039,2.48,2.56,0.13,2.92,4.36,0.676,1.4495,0,1.43753,0.05861,1.43,0,1.62,0,1.7149,0.011668,2.20514,0.04706,1.98713,0.01532,2.04,0.03786736,2.12551262730098,0.00543219207267511,4.22013313644524,0.0438575003770197,1.45671043724065,2.5648139403037e-263,1.392913,1.458e-06,1.58177002200322,0,5.708,1.15,3.828267556,0.180045824,3.828267556,0.180045824,2.463009,0,2.403899,0,2.297843,0,2.14178294608543,0,1.98620075297023,0,1.82114580261316,0,1.81758080261316,0,1.95763280261316,0,1.89304380261316,0,2.14178294608543,0
652,1,0,1.48444,7.81438,2.49,2.5633,0.13,2.92,4.36,0.6675,1.4495,0,1.43719,0.05889,1.43,0,1.62,0,1.7142,0.01169,2.19896,0.04215,1.98646,0.01512,2.035,0.0357628,2.12524607219699,0.00541883802055941,4.21679720985438,0.0427088528605625,1.45668366949399,1.05784538721156e-262,1.392906,1.456e-06,1.58173569105615,0,5.708,1.15,3.826837983,0.179409188,3.826837983,0.179409188,2.462629,0,2.403577,0,2.297496,0,2.14135624787506,0,1.98612819141282,0,1.82107358038581,0,1.81750858038581,0,1.95756058038581,0,1.89297158038581,0,2.14135624787506,0
653,1,0,1.49057,7.8249,2.5,2.5667,0.13,2.92,4.36,0.659,1.4495,0,1.43719,0.05917,1.43,0,1.62,0,1.712,0.011702,2.1936,0.03837,1.98578,0.01492,2.03,0.03388128,2.12499723195555,0.00540574064296649,4.21346128326351,0.0415602053441053,1.45665701166906,2.03544551588713e-261,1.392899,1.454e-06,1.58170155384563,0,5.708,1.15,3.82544838,0.178692863,3.82544838,0.178692863,2.462253,0,2.403258,0,2.29715,0,2.14093199246405,0,1.98605590863299,0,1.821001719049,0,1.817436719049,0,1.957488719049,0,1.892899719049,0,2.14093199246405,0
654,1,0,1.49755,7.83549,2.5,2.57,0.13,2.92,4.36,0.65267,1.4495,0,1.43719,0.05945,1.43,0,1.62,0,1.711,0.012032,2.18968,0.03567,1.9851,0.01473,2.03,0.03199986,2.12476986902534,0.00539295445483926,4.21012535667265,0.0404115578276481,1.45663042909011,2.4024621929506e-260,1.392892,1.452e-06,1.58166760891221,0,5.708,1.15,3.824082748,0.177735283,3.824082748,0.177735283,2.461882,0,2.402942,0,2.296804,0,2.14051030408812,0,1.98598408807955,0,1.82093013135028,0,1.81736513135028,0,1.95741713135028,0,1.89282813135028,0,2.14051030408812,0
655,1,0,1.50453,7.84608,2.51,2.5733,0.13,2.92,4.345,0.64633,1.4495,0,1.43719,0.05973,1.43,0,1.62,0,1.7109,0.011967,2.18599,0.03296,1.98443,0.01453,2.03,0.03046786,2.12454250609514,0.00538016826671203,4.20678943008179,0.0392629103111909,1.45660396285919,9.93027850243337e-260,1.392885,1.45e-06,1.5816338548101,0,5.708,1.15,3.82273795,0.176611268,3.82273795,0.176611268,2.461511,0,2.402626,0,2.296457,0,2.14009115503525,0,1.98591270143463,0,1.82085882246461,0,1.81729382246461,0,1.95734582246461,0,1.89275682246461,0,2.14009115503525,0
656,1,0,1.5115,7.85667,2.52,2.5767,0.13,2.92,4.33,0.64,1.4495,0,1.43651,0.06002,1.43,0,1.62,0,1.7102,0.011757,2.17891,0.03144,1.98375,0.01433,2.02,0.02893518,2.12431514316494,0.00536738207858479,4.20345350349092,0.0381142627947337,1.45657761646181,1.82620267936438e-258,1.392878,1.448e-06,1.581600290107,0,5.708,1.15,3.821416069,0.175451595,3.821416069,0.175451595,2.46114,0,2.40231,0,2.296111,0,2.13967447387872,0,1.98584171363183,0,1.82078781252599,0,1.81722281252599,0,1.95727481252599,0,1.89268581252599,0,2.13967447387872,0
657,1,0,1.51848,7.86727,2.525,2.58,0.13,2.92,4.325,0.6365,1.4495,0,1.43572,0.0603,1.43,0,1.62,0,1.7094,0.012188,2.1723,0.02903,1.98309,0.01414,2.02,0.0276508,2.12408778023473,0.00535459589045756,4.20011757690006,0.0369656152782765,1.45655134238505,1.9974447570224e-257,1.392871,1.446e-06,1.58156691338396,0,5.708,1.15,3.820119185,0.174387038,3.820119185,0.174387038,2.460776,0,2.402001,0,2.295769,0,2.13926021071114,0,1.98577113400514,0,1.82071710567038,0,1.81715210567038,0,1.95720410567038,0,1.89261510567038,0,2.13926021071114,0
658,1,0,1.52546,7.87786,2.53,2.5833,0.13,2.92,4.32,0.633,1.4495,0,1.43493,0.06058,1.43,0,1.62,0,1.7084,0.012231,2.16702,0.02629,1.98287,0.01394,2.02,0.02636632,2.12386041730453,0.00534180970233033,4.1967816503092,0.0358169677618193,1.45652517236523,8.58306002741602e-257,1.392864,1.444e-06,1.58153372323522,0,5.708,1.15,3.81884938,0.173548375,3.81884938,0.173548375,2.460412,0,2.401691,0,2.295437,0,2.1388483171686,0,1.98570103522104,0,1.82064669829638,0,1.81708169829638,0,1.95713369829638,0,1.89254469829638,0,2.1388483171686,0
659,1,0,1.53244,7.88845,2.54,2.5867,0.13,2.92,4.32,0.6235,1.4495,0,1.43414,0.06086,1.43,0,1.62,0,1.7052,0.012282,2.16176,0.02421,1.98265,0.01374,2.01,0.02527292,2.12363305437433,0.0053290235142031,4.19344572371833,0.034668320245362,1.45649910360003,1.49985121049424e-255,1.392857,1.442e-06,1.58150071826808,0,5.708,1.15,3.817608736,0.17306638,3.817608736,0.17306638,2.460048,0,2.401382,0,2.295104,0,2.13843881231069,0,1.98563131437222,0,1.82057658962715,0,1.81701158962715,0,1.95706358962715,0,1.89247458962715,0,2.13843881231069,0
660,1,0,1.53942,7.89904,2.54,2.59,0.13,2.92,4.32,0.614,1.4495,0,1.43335,0.06114,1.43,0,1.62,0,1.7025,0.012304,2.15651,0.02184,1.98243,0.01355,2.01,0.02417962,2.12340569144412,0.00531623732607586,4.19010979712747,0.0335196727289048,1.45647310475742,1.4740479870221e-254,1.39285,1.44e-06,1.58146789710276,0,5.708,1.15,3.816404709,0.173,3.816404709,0.173,2.459688,0,2.401075,0,2.294772,0,2.13803173658403,0,1.98556178365235,0,1.82050678316446,0,1.81694178316446,0,1.95699378316446,0,1.89240478316446,0,2.13803173658403,0
661,1,0,1.54639,7.90963,2.55,2.5933,0.13,2.92,4.32,0.605,1.4494,0,1.43256,0.06142,1.43,0,1.62,0,1.7031,0.01232,2.15247,0.01863,1.98221,0.01335,2.01,0.02324534,2.12317832851392,0.00530345113794863,4.18684757667316,0.0324742096335282,1.45644722575018,6.84327265073823e-254,1.392839,1.441e-06,1.58143525837222,0,5.708,1.15,3.815261932,0.173,3.815261932,0.173,2.459331,0,2.400772,0,2.294439,0,2.13762709667721,0,1.98549234918621,0,1.82043724096431,0,1.81687224096431,0,1.95692424096431,0,1.89233524096431,0,2.13762709667721,0
662,1,0,1.55337,7.92022,2.56,2.5967,0.13,2.92,4.32,0.596,1.4494,0,1.43177,0.0617,1.43,0,1.62,0,1.7033,0.011868,2.14899,0.01833,1.98199,0.01315,2.01,0.02231174,2.12295096558372,0.0052906649498214,4.18375173521767,0.0316616677231969,1.45642145286002,1.12671453598421e-252,1.392828,1.442e-06,1.58140280072207,0,5.708,1.15,3.814163072,0.173,3.814163072,0.173,2.458974,0,2.400469,0,2.294107,0,2.13722484122129,0,1.98542310839439,0,1.82036799188764,0,1.81680299188764,0,1.95685499188764,0,1.89226599188764,0,2.13722484122129,0
663,1,0,1.56035,7.93081,2.57,2.6,0.13,2.92,4.32,0.59367,1.4494,0,1.4312,0.06198,1.43,0,1.62,0,1.7034,0.01188,2.14399,0.01556,1.98177,0.01296,2,0.02152444,2.12272360265351,0.00527787876169417,4.18065589376218,0.0308491258128655,1.45639574614379,9.42848188140854e-252,1.392817,1.443e-06,1.5813705228104,0,5.708,1.15,3.813084344,0.173,3.813084344,0.173,2.458617,0,2.400166,0,2.293774,0,2.13682492322271,0,1.98535416126088,0,1.8202991385693,0,1.8167341385693,0,1.9567861385693,0,1.8921971385693,0,2.13682492322271,0
664,1,0,1.56733,7.9414,2.58,2.6033,0.13,2.92,4.32,0.59133,1.4494,0,1.4312,0.06227,1.43,0,1.62,0,1.7013,0.011902,2.1388,0.01533,1.98143,0.01276,2,0.02073704,2.12249623972331,0.00526509257356693,4.17756005230669,0.0300365839025341,1.45637013628132,5.02788421513419e-251,1.392806,1.444e-06,1.58133842330766,0,5.708,1.15,3.812001964,0.173,3.812001964,0.173,2.458266,0,2.399868,0,2.293442,0,2.13642732087235,0,1.98528552990909,0,1.82023078367904,0,1.81666578367904,0,1.95671778367904,0,1.89212878367904,0,2.13642732087235,0
665,1,0,1.57431,7.95199,2.59,2.6067,0.13,2.92,4.32,0.589,1.4493,0,1.4312,0.06255,1.43,0,1.62,0,1.7001,0.01192,2.13363,0.01524,1.98083,0.01257,2,0.02012654,2.12226887679311,0.0052523063854397,4.1744642108512,0.0292240419922027,1.45634463374226,7.73054369948444e-250,1.392795,1.445e-06,1.58130650089649,0,5.708,1.15,3.810892146,0.173,3.810892146,0.173,2.457915,0,2.39957,0,2.293119,0,2.13603202100761,0,1.98521718028154,0,1.82016286342565,0,1.81659786342565,0,1.95664986342565,0,1.89206086342565,0,2.13603202100761,0
666,1,0,1.58128,7.96258,2.6,2.61,0.13,2.92,4.32,0.58,1.4493,0,1.4312,0.06283,1.43,0,1.62,0,1.6998,0.012199,2.1289,0.01516,1.98022,0.01238,1.99,0.01951672,2.1220415138629,0.00523952019731247,4.17136836939571,0.0284115000818713,1.45631920500749,5.04665837995969e-249,1.392784,1.446e-06,1.58127475427165,0,5.708,1.15,3.809731106,0.173,3.809731106,0.173,2.457564,0,2.399273,0,2.2928,0,2.13563896068737,0,1.98514921034731,0,1.82009519032229,0,1.81653019032229,0,1.95658219032229,0,1.89199319032229,0,2.13563896068737,0
667,1,0,1.58826,7.97318,2.61,2.6133,0.13,2.92,4.32,0.571,1.4493,0,1.4312,0.06311,1.43,0,1.62,0,1.6984,0.011957,2.12548,0.01507,1.97962,0.01219,1.99,0.01897558,2.1218141509327,0.00522673400918524,4.16827252794022,0.0275989581715399,1.45629389279251,3.40127865538083e-248,1.392773,1.447e-06,1.58124318213982,0,5.708,1.15,3.808490678,0.172974645,3.808490678,0.172974645,2.457216,0,2.398977,0,2.292481,0,2.13524807861191,0,1.98508172444325,0,1.82002759539444,0,1.81646259539444,0,1.95651459539444,0,1.89192559539444,0,2.13524807861191,0
668,1,0,1.59524,7.98377,2.61,2.6167,0.13,2.92,4.32,0.5635,1.4492,0,1.4312,0.06339,1.43,0,1.62,0,1.6972,0.01197,2.12206,0.01499,1.97902,0.012,1.99,0.01843444,2.1215867880025,0.005213947821058,4.16517668648473,0.0267864162612086,1.45626866555353,4.81469328776068e-247,1.392762,1.448e-06,1.58121178321953,0,5.708,1.15,3.807129741,0.172707276,3.807129741,0.172707276,2.456875,0,2.398686,0,2.292162,0,2.13485936831696,0,1.98501469589865,0,1.81996013247137,0,1.81639513247137,0,1.95644713247137,0,1.89185813247137,0,2.13485936831696,0
669,1,0,1.60222,7.99436,2.615,2.62,0.13,2.92,4.32,0.556,1.4492,0,1.4312,0.06367,1.43,0,1.62,0,1.6969,0.012411,2.11865,0.01455,1.97841,0.01181,1.99,0.01795382,2.12135942507229,0.00520116163293077,4.16208084502924,0.0259738743508772,1.45624350526942,1.97086103039796e-246,1.392751,1.449e-06,1.58118055624097,0,5.708,1.15,3.805681352,0.172192284,3.805681352,0.172192284,2.456533,0,2.398394,0,2.291842,0,2.13447286899484,0,1.98494794275387,0,1.81989299619462,0,1.81632799619462,0,1.95637999619462,0,1.89179099619462,0,2.13447286899484,0
670,1,0,1.6092,8.00495,2.62,2.6233,0.13,2.92,4.3067,0.5495,1.4492,0,1.4312,0.06395,1.43,0,1.62,0,1.6958,0.01249,2.11526,0.0131,1.97781,0.01162,1.99,0.01747252,2.12113206214209,0.00518837544480354,4.15898500357375,0.0251613324405458,1.45621846900482,2.11637135808645e-245,1.39274,1.45e-06,1.58114949994593,0,5.708,1.15,3.804192679,0.17148439,3.804192679,0.17148439,2.456192,0,2.398102,0,2.291523,0,2.13408860254401,0,1.98488128697223,0,1.81982637006587,0,1.81626137006587,0,1.95631337006587,0,1.89172437006587,0,2.13408860254401,0
671,1,0,1.61617,8.01554,2.62,2.6267,0.13,2.92,4.2933,0.543,1.4492,0,1.43087,0.06424,1.43,0,1.62,0,1.6946,0.012505,2.11187,0.01165,1.97719,0.01143,1.98,0.01706534,2.12091444402664,0.00517610050010743,4.15588916211826,0.0243487905302144,1.45619349652897,2.70723550987776e-244,1.392688,1.451e-06,1.58111861308762,0,5.708,1.15,3.802710889,0.170638318,3.802710889,0.170638318,2.455854,0,2.397816,0,2.291204,0,2.13370651716064,0,1.98481473913062,0,1.81976023115372,0,1.81619523115372,0,1.95624723115372,0,1.89165823115372,0,2.13370651716064,0
672,1,0,1.62315,8.02613,2.63,2.63,0.13,2.92,4.28,0.539,1.4492,0,1.43008,0.06452,1.43,0,1.62,0,1.6946,0.012186,2.1085,0.01155,1.97655,0.01124,1.98,0.01665748,2.12069903792437,0.00516394160453373,4.15279332066277,0.023536248619883,1.45616858835421,7.52500710478957e-244,1.392636,1.452e-06,1.58108789443058,0,5.708,1.15,3.801283153,0.169708789,3.801283153,0.169708789,2.455517,0,2.397531,0,2.290885,0,2.13332663734826,0,1.98474848844964,0,1.81969439583315,0,1.81612939583315,0,1.95618139583315,0,1.89159239583315,0,2.13332663734826,0
673,1,0,1.63013,8.03672,2.64,2.6345,0.13,2.92,4.28,0.535,1.4491,0,1.42929,0.0648,1.43,0,1.62,0,1.6936,0.01206,2.10513,0.01145,1.97591,0.01106,1.98,0.0163014,2.12048363182209,0.00515178270896004,4.14969747920728,0.0227237067095516,1.4561438316947,1.20928920215053e-242,1.392584,1.453e-06,1.58105734275052,0,5.708,1.15,3.799956637,0.168750526,3.799956637,0.168750526,2.45518,0,2.397246,0,2.290578,0,2.13294900398388,0,1.98468272554395,0,1.81962867953374,0,1.81606367953374,0,1.95611567953374,0,1.89152668671282,0,2.13294900398388,0
674,1,0,1.63711,8.04731,2.65,2.6391,0.13,2.92,4.28,0.531,1.4491,0,1.4285,0.06508,1.43,0,1.62,0,1.6914,0.012498,2.10322,0.0094,1.97527,0.01087,1.98,0.01594522,2.12026822571981,0.00513962381338634,4.14660163775179,0.0219111647992202,1.45611912677226,1.35420041390469e-241,1.392532,1.454e-06,1.58102695683427,0,5.708,1.15,3.798776411,0.167808448,3.798776411,0.167808448,2.454844,0,2.396962,0,2.290272,0,2.13257363221007,0,1.98461747032913,0,1.81956304944578,0,1.81599804944578,0,1.95605004944578,0,1.89146110528841,0,2.13257363221007,0
675,1,0,1.64408,8.0579,2.65,2.6436,0.13,2.92,4.28,0.5285,1.4491,0,1.42772,0.06536,1.43,0,1.62,0,1.6906,0.0121,2.10154,0.00816,1.97463,0.01068,1.98,0.01563732,2.12005281961753,0.00512746491781263,4.1435057962963,0.0210986228888889,1.45609448742303,4.23849886599808e-241,1.39248,1.455e-06,1.58099673547957,0,5.708,1.15,3.79770552,0.166630575,3.79770552,0.166630575,2.454515,0,2.396683,0,2.289965,0,2.13220039326836,0,1.98455254707979,0,1.81949768729124,0,1.81593268729124,0,1.95598468729124,0,1.89139575756695,0,2.13220039326836,0
676,1,0,1.65106,8.06849,2.66,2.6482,0.13,2.92,4.28,0.526,1.4491,0,1.42693,0.06564,1.43,0,1.62,0,1.6892,0.012115,2.09658,0.00684,1.97399,0.01049,1.97,0.01532942,2.11983741351526,0.00511530602223893,4.14040995484081,0.0202860809785575,1.45606998104556,6.31810001663148e-240,1.392428,1.456e-06,1.58096667749504,0,5.708,1.15,3.796702174,0.165177225,3.796702174,0.165177225,2.454186,0,2.396403,0,2.289659,0,2.1318291382318,0,1.98448777321822,0,1.81943278931448,0,1.81586778931448,0,1.95591978931448,0,1.89133073992667,0,2.1318291382318,0
677,1,0,1.65804,8.07909,2.67,2.6527,0.13,2.92,4.28,0.522,1.4491,0,1.42614,0.06592,1.43,0,1.62,0,1.6868,0.011647,2.09176,0.00484,1.97335,0.01031,1.97,0.01506854,2.11962200741298,0.00510314712666523,4.13758117252984,0.0197561827152654,1.45604553425308,5.86282217663796e-239,1.392376,1.457e-06,1.58093678169998,0,5.708,1.15,3.795751547,0.163573006,3.795751547,0.163573006,2.453858,0,2.396123,0,2.289352,0,2.13145980009388,0,1.98442311547812,0,1.81936841839908,0,1.81580341839908,0,1.95585541839908,0,1.89126604418503,0,2.13145980009388,0
678,1,0,1.66502,8.08968,2.67,2.6573,0.13,2.92,4.28,0.518,1.4491,0,1.42535,0.06621,1.43,0,1.62,0,1.6862,0.011669,2.08845,0.00474,1.97272,0.01012,1.97,0.01480756,2.1194066013107,0.00509098823109153,4.13477656242062,0.0192518672466345,1.45602117463769,2.20042620618361e-238,1.392324,1.458e-06,1.58090704692433,0,5.708,1.15,3.794838813,0.16194253,3.794838813,0.16194253,2.453532,0,2.395846,0,2.289045,0,2.13109248050367,0,1.98435867711374,0,1.81930440802064,0,1.81573940802064,0,1.95579140802064,0,1.89120164835216,0,2.13109248050367,0
679,1,0,1.672,8.10027,2.68,2.6618,0.13,2.92,4.28,0.509,1.4491,0,1.42521,0.06649,1.43,0,1.62,0,1.686,0.011682,2.08514,0.00463,1.97209,0.00994,1.97,0.01459904,2.11919119520842,0.00507882933551783,4.1319719523114,0.0187475517780035,1.45599690488628,2.9987280575787e-237,1.392272,1.459e-06,1.58087747200851,0,5.708,1.15,3.793949144,0.160410404,3.793949144,0.160410404,2.453209,0,2.395571,0,2.288739,0,2.13072730124074,0,1.9842945551245,0,1.81924056992901,0,1.81567557043075,0,1.95572757043075,0,1.8911375551245,0,2.13072730124074,0
680,1,0,1.67897,8.11086,2.6867,2.6664,0.13,2.92,4.28,0.5,1.449,0,1.42521,0.06677,1.43,0,1.62,0,1.6856,0.01219,2.08184,0.00453,1.97147,0.00975,1.97,0.01438974,2.11897578910615,0.00506667043994413,4.12916734220218,0.0182432363093726,1.45597269109125,2.05558957293682e-236,1.39222,1.46e-06,1.58084805580333,0,5.708,1.15,3.793067715,0.159101239,3.793067715,0.159101239,2.452887,0,2.395297,0,2.288435,0,2.13036428155428,0,1.98423076031337,0,1.81917683334175,0,1.81561187357449,0,1.95566387357449,0,1.89107376031337,0,2.13036428155428,0
681,1,0,1.68595,8.12145,2.69,2.6709,0.13,2.92,4.28,0.49633,1.449,0,1.42521,0.06705,1.43,0,1.62,0,1.684,0.012206,2.07956,0.00443,1.97084,0.00957,1.96,0.0141615,2.11876038300387,0.00505451154437044,4.12636273209296,0.0177389208407417,1.45594859068921,1.05160202648161e-235,1.392236,1.458e-06,1.58081879716987,0,5.708,1.15,3.792179699,0.158139645,3.792179699,0.158139645,2.452564,0,2.395023,0,2.288141,0,2.13000334337851,0,1.9841672636046,0,1.81911330012387,0,1.81554837513367,0,1.95560037513367,0,1.8910102636046,0,2.13000334337851,0
682,1,0,1.69293,8.13204,2.69,2.6755,0.13,2.92,4.28,0.49267,1.449,0,1.42521,0.06733,1.43,0,1.62,0,1.6815,0.01222,2.07956,0.00433,1.97021,0.00938,1.96,0.01393316,2.11854497690159,0.00504235264879674,4.12355812198374,0.0172346053721107,1.45592457214113,1.27977808503242e-234,1.392252,1.456e-06,1.58078969497936,0,5.708,1.15,3.79128405,0.157514508,3.79128405,0.157514508,2.452245,0,2.394754,0,2.287846,0,2.12964443046951,0,1.98410407007278,0,1.81905007018905,0,1.81548507777883,0,1.95553707777883,0,1.89094707007278,0,2.12964443046951,0
683,1,0,1.69991,8.14263,2.7,2.68,0.13,2.92,4.28,0.489,1.449,0,1.42521,0.06761,1.43,0,1.62,0,1.6806,0.01175,2.07828,0.00422,1.96958,0.0092,1.96,0.01379808,2.11832957079931,0.00503019375322303,4.12075351187452,0.0167302899034798,1.4559006116901,4.47640404084677e-234,1.392268,1.454e-06,1.58076074811311,0,5.708,1.15,3.790401474,0.156995113,3.790401474,0.156995113,2.451927,0,2.394486,0,2.287551,0,2.12928752566578,0,1.98404117803517,0,1.81898721028557,0,1.81542191620256,0,1.95547391620256,0,1.89088417803517,0,2.12928752566578,0
684,1,0,1.70689,8.15322,2.72,2.6845,0.13,2.92,4.27,0.482,1.449,0,1.42521,0.06789,1.43,0,1.62,0,1.6802,0.01177,2.07503,0.00412,1.96896,0.00902,1.96,0.013663,2.11811416469703,0.00501803485764933,4.1179489017653,0.0162259744348489,1.45587678108692,4.59827396570932e-233,1.392284,1.452e-06,1.58073195546236,0,5.708,1.15,3.789531081,0.156558892,3.789531081,0.156558892,2.451608,0,2.394218,0,2.287257,0,2.12893261674671,0,1.98397858420865,0,1.81892465816403,0,1.81535893454882,0,1.95541093454882,0,1.89082158420865,0,2.12893261674671,0
685,1,0,1.71386,8.16381,2.72,2.6891,0.13,2.92,4.26,0.475,1.4489,0,1.42521,0.06817,1.43,0,1.62,0,1.6808,0.011785,2.07178,0.00352,1.96843,0.00884,1.96,0.013498,2.11789875859476,0.00500587596207563,4.11514429165608,0.0157216589662179,1.45585300453291,4.79660892608935e-232,1.3923,1.45e-06,1.58070331592819,0,5.708,1.15,3.788671204,0.156190829,3.788671204,0.156190829,2.45129,0,2.39395,0,2.286962,0,2.12857964258449,0,1.98391629333697,0,1.81886232129086,0,1.81529632992742,0,1.95534832992742,0,1.89075929333697,0,2.12857964258449,0
686,1,0,1.72084,8.1744,2.73,2.6936,0.13,2.92,4.2533,0.4705,1.4489,0,1.42521,0.06846,1.43,0,1.62,0,1.6794,0.0118,2.06854,0.00202,1.9681,0.0087,1.96,0.0133334,2.11768335249248,0.00499371706650193,4.11233968154686,0.015217343497587,1.45582929194103,1.37743757175274e-231,1.392316,1.448e-06,1.58067482842144,0,5.708,1.15,3.78782018,0.155875905,3.78782018,0.155875905,2.450979,0,2.393684,0,2.286668,0,2.12822855047876,0,1.98385433023412,0,1.81880012088601,0,1.81523426075444,0,1.95528626075444,0,1.89069733023412,0,2.12822855047876,0
687,1,0,1.72782,8.18499,2.74,2.6982,0.13,2.92,4.2467,0.466,1.4489,0,1.42445,0.06874,1.43,0,1.62,0,1.6773,0.01182,2.06616,0.000633688,1.96778,0.00856,1.96,0.01321504,2.1174679463902,0.00498155817092823,4.10953507143764,0.0147130280289561,1.45580568231514,1.83000880363212e-230,1.392332,1.446e-06,1.58064649186256,0,5.708,1.15,3.786976342,0.155599107,3.786976342,0.155599107,2.450669,0,2.393418,0,2.286373,0,2.12787934472215,0,1.98379268750487,0,1.8187380959959,0,1.8151726360858,0,1.9552246360858,0,1.89063568750487,0,2.12787934472215,0
688,1,0,1.7348,8.19559,2.75,2.7027,0.13,2.92,4.24,0.461,1.4489,0,1.42366,0.06902,1.43,0,1.62,0,1.6742,0.012331,2.06455,0.000523713,1.96746,0.00842,1.95,0.013096,2.11725254028792,0.00496939927535453,4.10673046132842,0.0142087125603251,1.45578213027131,1.51204346232685e-229,1.392348,1.444e-06,1.58061830518157,0,5.708,1.15,3.786138026,0.155345416,3.786138026,0.155345416,2.450358,0,2.393153,0,2.286083,0,2.12753205280241,0,1.98373127343411,0,1.81867634477391,0,1.81511126812858,0,1.95516326812858,0,1.89057427343411,0,2.12753205280241,0
689,1,0,1.7421,8.20601,2.75,2.7073,0.13,2.92,4.24,0.456,1.4489,0,1.42287,0.0693,1.43,0,1.62,0,1.6727,0.011854,2.06294,0.000413412,1.96713,0.00828,1.95,0.01303,2.11704177743902,0.00495735734349594,4.1039258512192,0.0137043970916942,1.45575868030914,5.50902165521963e-229,1.392364,1.442e-06,1.58059026731789,0,5.708,1.15,3.785303567,0.155099816,3.785303567,0.155099816,2.450049,0,2.392889,0,2.2858,0,2.12718668137895,0,1.98367000154404,0,1.81861493724072,0,1.81505000154404,0,1.95510200154404,0,1.89051300154404,0,2.12718668137895,0
690,1,0,1.75202,8.21509,2.76,2.7118,0.13,2.92,4.24,0.45433,1.4488,0,1.42208,0.06958,1.43,0,1.62,0,1.672,0.011376,2.06134,0.000302792,1.96681,0.00814,1.95,0.012964,2.11684970426829,0.00494578620528455,4.10112124110998,0.0132000816230633,1.45573531221853,6.53980620997466e-228,1.39238,1.44e-06,1.58056237722029,0,5.708,1.15,3.7844713,0.154847291,3.7844713,0.154847291,2.449745,0,2.392631,0,2.285517,0,2.12684319074975,0,1.98360889064674,0,1.81855383218149,0,1.81498889064674,0,1.95504089064674,0,1.89045189064674,0,2.12684319074975,0
691,1,0,1.76194,8.22417,2.77,2.7164,0.13,2.92,4.24,0.45267,1.4488,0,1.42129,0.06986,1.43,0,1.62,0,1.6715,0.01139,2.05875,0.000109233,1.96649,0.008,1.95,0.01291092,2.11665763109756,0.00493421506707317,4.09831663100076,0.0126957661544323,1.45571199120033,3.44821058381472e-227,1.392332,1.443e-06,1.58053463384679,0,5.708,1.15,3.783639559,0.154572824,3.783639559,0.154572824,2.449441,0,2.392374,0,2.285234,0,2.12650161102803,0,1.98354803893862,0,1.81849302863138,0,1.81492803893862,0,1.95498003893862,0,1.89039103893862,0,2.12650161102803,0
692,1,0,1.77186,8.23325,2.7767,2.7209,0.13,2.92,4.24,0.451,1.4488,0,1.4205,0.07014,1.43,0,1.62,0,1.6707,0.011411,2.05557,0,1.96617,0.00786,1.95,0.01285716,2.11646555792683,0.00492264392886179,4.09556875929258,0.0122273098721688,1.45568876991264,2.0162082592252e-226,1.392284,1.446e-06,1.58050703616455,0,5.708,1.15,3.782806681,0.154261399,3.782806681,0.154261399,2.449138,0,2.392117,0,2.284951,0,2.12616197600765,0,1.98348754084319,0,1.8184325299277,0,1.8148675299277,0,1.9549195299277,0,1.89033054084319,0,2.12616197600765,0
693,1,0,1.78178,8.24233,2.78,2.7255,0.13,2.92,4.225,0.4445,1.4488,0,1.41971,0.07043,1.43,0,1.62,0,1.6697,0.011923,2.0524,0,1.96586,0.0078,1.95,0.0127634,2.1162734847561,0.00491107279065041,4.09309987936705,0.0119351789382563,1.45566562406982,2.0531675326893e-225,1.392236,1.449e-06,1.58047958314975,0,5.708,1.15,3.781970999,0.153897999,3.781970999,0.153897999,2.448837,0,2.391861,0,2.284668,0,2.12582426887824,0,1.98342739021077,0,1.81837232981103,0,1.81480732981103,0,1.95485932981103,0,1.89027039021077,0,2.12582426887824,0
694,1,0,1.7917,8.25142,2.78,2.73,0.13,2.92,4.21,0.438,1.4488,0,1.41922,0.07071,1.43,0,1.62,0,1.6687,0.01194,2.04923,0,1.96556,0.00774,1.95,0.01266896,2.11608141158537,0.00489950165243903,4.09063099944151,0.0116430480043438,1.45564254459581,5.38648667886819e-225,1.392188,1.452e-06,1.58045227378755,0,5.708,1.15,3.781130849,0.153467609,3.781130849,0.153467609,2.448541,0,2.391606,0,2.284385,0,2.12548842460645,0,1.98336749633552,0,1.81831243074409,0,1.81474743074409,0,1.95479943074409,0,1.89021049633552,0,2.12548842460645,0
695,1,0,1.80162,8.2605,2.79,2.734,0.13,2.92,4.2067,0.4345,1.4487,0,1.41922,0.07099,1.43,0,1.62,0,1.6673,0.012458,2.04713,0,1.96526,0.00768,1.95,0.0126364,2.11588933841463,0.00488793051422764,4.08816211951598,0.0113509170704313,1.45561956957791,6.68653542546162e-224,1.39214,1.455e-06,1.58042510707196,0,5.708,1.15,3.780284566,0.15295521,3.780284566,0.15295521,2.448245,0,2.391352,0,2.284101,0,2.12515437771696,0,1.98330776699436,0,1.81825284185969,0,1.81468784756741,0,1.95473984185969,0,1.89015076699436,0,2.12515437771696,0
696,1,0,1.81154,8.26958,2.8,2.738,0.13,2.92,4.2033,0.431,1.4487,0,1.41922,0.07127,1.43,0,1.62,0,1.6646,0.01247,2.04555,0,1.96496,0.00762,1.94,0.01260316,2.1156972652439,0.00487635937601626,4.08569323959044,0.0110587861365188,1.45559663892521,5.35175994175366e-223,1.392092,1.458e-06,1.58039808200577,0,5.708,1.15,3.779430485,0.152345788,3.779430485,0.152345788,2.44795,0,2.391097,0,2.283823,0,2.12482210670203,0,1.98324817858393,0,1.81819359382006,0,1.8146286470399,0,1.95468059382006,0,1.89009117858393,0,2.12482210670203,0
697,1,0,1.82146,8.27866,2.81,2.742,0.13,2.92,4.2,0.4235,1.4487,0,1.41922,0.07155,1.43,0,1.62,0,1.6632,0.011992,2.04293,0,1.96466,0.00756,1.94,0.01257808,2.11550519207317,0.00486478823780488,4.08322435966491,0.0107666552026063,1.45557378192583,1.80305398637931e-222,1.392044,1.461e-06,1.58037119760042,0,5.708,1.15,3.778571924,0.151517696,3.778571924,0.151517696,2.447656,0,2.390846,0,2.283551,0,2.12449163596432,0,1.98318881967644,0,1.81813461594113,0,1.81456968698954,0,1.95462161594113,0,1.89003181967644,0,2.12449163596432,0
698,1,0,1.83139,8.28774,2.81,2.746,0.13,2.92,4.2,0.416,1.4487,0,1.41922,0.07183,1.43,0,1.62,0,1.6624,0.01201,2.0398,0,1.96436,0.00751,1.94,0.0125531,2.11531311890244,0.0048532170995935,4.08075547973937,0.0104745242686938,1.4555510260203,1.98020075490469e-221,1.391996,1.464e-06,1.58034445287595,0,5.708,1.15,3.777732911,0.149910694,3.777732911,0.149910694,2.447364,0,2.390597,0,2.283279,0,2.12416299151253,0,1.98312978851684,0,1.81807581687375,0,1.81451077538305,0,1.95456281687375,0,1.88997278646168,0,2.12416299151253,0
699,1,0,1.84131,8.29682,2.82,2.75,0.13,2.92,4.2,0.41267,1.4487,0,1.41922,0.07211,1.43,0,1.62,0,1.662,0.011527,2.03772,0,1.96406,0.00745,1.94,0.01250218,2.11512104573171,0.00484164596138211,4.07828659981384,0.0101823933347813,1.45552832060383,9.70479622321132e-221,1.391948,1.467e-06,1.58031784686091,0,5.708,1.15,3.776906029,0.147644764,3.776906029,0.147644764,2.447072,0,2.390348,0,2.283007,0,2.12383617820289,0,1.98307112073994,0,1.81801719263506,0,1.8144517892055,0,1.95450419263506,0,1.88991407477376,0,2.12383617820289,0
700,1,0,1.85123,8.3059,2.83,2.754,0.13,2.92,4.2,0.40933,1.4486,0,1.41922,0.0724,1.43,0,1.62,0,1.6615,0.01154,2.03616,0,1.96388,0.00739,1.94,0.01245194,2.11492897256098,0.00483007482317073,4.0758177198883,0.00989026240086874,1.45550571039278,5.4957101757771e-220,1.3919,1.47e-06,1.58029137859225,0,5.708,1.15,3.776078411,0.144957025,3.776078411,0.144957025,2.44678,0,2.390099,0,2.282735,0,2.123511143673,0,1.98301273657902,0,1.81795876745671,0,1.81439294796865,0,1.95444576745671,0,1.88985566211326,0,2.123511143673,0
701,1,0,1.86115,8.31498,2.84,2.758,0.13,2.92,4.2,0.406,1.4486,0,1.41922,0.07273,1.43,0,1.62,0,1.6611,0.01156,2.03461,0,1.9638,0.00733,1.94,0.01241258,2.11473689939024,0.00481850368495935,4.07334883996277,0.00959813146695624,1.45548315546134,5.05771785604625e-219,1.391855,1.47e-06,1.58026504711524,0,5.708,1.15,3.775237188,0.142084592,3.775237188,0.142084592,2.446491,0,2.389853,0,2.282463,0,2.12318782634261,0,1.98295454427869,0,1.81790054427869,0,1.81433454546033,0,1.95438754427869,0,1.8897975543766,0,2.12318782634261,0
702,1,0,1.87107,8.32407,2.84,2.762,0.13,2.92,4.2,0.401,1.4486,0,1.41838,0.07306,1.43,0,1.62,0,1.6606,0.011575,2.03307,0,1.96371,0.00727,1.94,0.01237254,2.11454482621951,0.00480693254674797,4.07087996003723,0.00930600053304373,1.45546065300781,1.34159402936973e-218,1.39181,1.47e-06,1.58023885148339,0,5.708,1.15,3.774369494,0.139264584,3.774369494,0.139264584,2.446205,0,2.38961,0,2.282191,0,2.12286618700337,0,1.98289648432439,0,1.81784248432439,0,1.81427671327722,0,1.95432948432439,0,1.88973978593377,0,2.12286618700337,0
703,1,0,1.88099,8.33315,2.8433,2.766,0.13,2.92,4.2,0.396,1.4486,0,1.41674,0.07339,1.43,0,1.62,0,1.6602,0.01159,2.03152,0,1.96363,0.00721,1.94,0.01237942,2.11435275304878,0.00479536140853659,4.0684110801117,0.00901386959913123,1.45543827145687,1.50760625522572e-217,1.391765,1.47e-06,1.58021279075836,0,5.708,1.15,3.77346246,0.136734117,3.77346246,0.136734117,2.445918,0,2.389366,0,2.281919,0,2.12254624335201,0,1.98283862505781,0,1.81778462505781,0,1.81421927740259,0,1.95427162505781,0,1.88968231576133,0,2.12254624335201,0
704,1,0,1.89091,8.34223,2.85,2.77,0.13,2.92,4.2,0.3915,1.4486,0,1.4151,0.07373,1.43,0,1.62,0,1.66,0.011116,2.02999,0,1.96354,0.00715,1.94,0.0123863,2.11416067987805,0.0047837902703252,4.06594220018616,0.00872173866521872,1.45541593309509,1.02161404114579e-216,1.39172,1.47e-06,1.5801868640099,0,5.708,1.15,3.772503219,0.134730308,3.772503219,0.134730308,2.445632,0,2.389122,0,2.281651,0,2.12222802115463,0,1.98278106578093,0,1.81772706578093,0,1.81416205040578,0,1.95421406578093,0,1.88962505078105,0,2.12222802115463,0
705,1,0,1.90083,8.35131,2.86,2.774,0.13,2.92,4.2,0.387,1.4486,0,1.41346,0.07406,1.43,0,1.62,0,1.6579,0.011235,2.02845,0,1.96346,0.0071,1.93,0.01225932,2.11396860670732,0.00477221913211382,4.06347332026063,0.00842960773130622,1.45539367086328,3.74136955209531e-216,1.391675,1.47e-06,1.58016107031572,0,5.708,1.15,3.771475281,0.133401089,3.771475281,0.133401089,2.445348,0,2.388881,0,2.281389,0,2.12191151098223,0,1.98272384638766,0,1.81766987660698,0,1.81410494867447,0,1.95415687660698,0,1.88956794867447,0,2.12191151098223,0
706,1,0,1.91075,8.36039,2.87,2.778,0.13,2.92,4.2,0.38433,1.4486,0,1.41323,0.07439,1.43,0,1.62,0,1.6559,0.01164,2.02692,0,1.96338,0.00704,1.93,0.01213292,2.11377653353659,0.00476064799390244,4.06100444033509,0.00813747679739371,1.45537148656721,3.62239799895374e-215,1.39163,1.47e-06,1.58013540876144,0,5.708,1.15,3.770356359,0.13234279,3.770356359,0.13234279,2.445067,0,2.388642,0,2.281127,0,2.12159669087671,0,1.98266692566145,0,1.8176129991045,0,1.81404804527396,0,1.9540999991045,0,1.88951104527396,0,2.12159669087671,0
707,1,0,1.92067,8.36947,2.87,2.782,0.13,2.92,4.2,0.38167,1.4486,0,1.41323,0.07473,1.43,0,1.62,0,1.6567,0.011657,2.02458,0,1.96329,0.00698,1.93,0.01206772,2.11358446036585,0.00474907685569106,4.05853556040956,0.00784534586348121,1.45534934653386,1.09289122437474e-214,1.391585,1.47e-06,1.58010987844053,0,5.708,1.15,3.769161428,0.131433314,3.769161428,0.131433314,2.444786,0,2.388403,0,2.280866,0,2.12128358863347,0,1.98261030801257,0,1.81755634052598,0,1.81399134308688,0,1.95404334052598,0,1.88945434308688,0,2.12128358863347,0
708,1,0,1.93059,8.37855,2.88,2.786,0.13,2.92,4.2,0.379,1.4486,0,1.41323,0.07506,1.43,0,1.62,0,1.6551,0.01167,2.02154,0,1.96288,0.00692,1.93,0.01200252,2.11339238719512,0.00473750571747967,4.05608318775015,0.00755985091425105,1.45532732009215,9.42025074554221e-214,1.39154,1.47e-06,1.58008447845417,0,5.708,1.15,3.767910457,0.130628007,3.767910457,0.130628007,2.444505,0,2.388165,0,2.280604,0,2.12097225184731,0,1.98255403897443,0,1.81749981965508,0,1.81393481965508,0,1.95398681965508,0,1.88939784229325,0,2.12097225184731,0
709,1,0,1.94051,8.38763,2.89,2.79,0.13,2.92,4.2,0.3735,1.4486,0,1.41323,0.07539,1.43,0,1.62,0,1.6521,0.01169,2.01922,0,1.96245,0.00687,1.93,0.01189118,2.11321133314138,0.00472623593147135,4.05391999793814,0.007390608585567,1.45530533499497,7.16999424223865e-213,1.391495,1.47e-06,1.58005920791124,0,5.708,1.15,3.766623414,0.129882216,3.766623414,0.129882216,2.444228,0,2.387929,0,2.280342,0,2.12066265274498,0,1.98249811724821,0,1.81744347043064,0,1.81387847043064,0,1.95393047043064,0,1.88934154045714,0,2.12066265274498,0
710,1,0,1.95043,8.39672,2.9,2.794,0.13,2.92,4.2,0.368,1.4486,0,1.41323,0.07573,1.43,0,1.62,0,1.6512,0.0112,2.01771,0,1.96202,0.00681,1.93,0.01177906,2.11304049140992,0.00471524543334293,4.05175680812614,0.00722136625688295,1.45528341140036,2.14237083425323e-212,1.39145,1.47e-06,1.58003406592818,0,5.708,1.15,3.765320266,0.129151287,3.765320266,0.129151287,2.443955,0,2.387695,0,2.280081,0,2.12035462791735,0,1.9824423587642,0,1.81738739194484,0,1.81382239194484,0,1.95387439194484,0,1.88928543956448,0,2.12035462791735,0
711,1,0,1.96035,8.4058,2.91,2.798,0.13,2.92,4.1867,0.3625,1.4486,0,1.41323,0.07606,1.43,0,1.62,0,1.6506,0.011218,2.0162,0,1.96159,0.00675,1.93,0.01152618,2.11286964967847,0.00470425493521451,4.04959361831413,0.00705212392819889,1.45526158669969,2.09315651935261e-211,1.391427,1.471e-06,1.58000905162897,0,5.708,1.15,3.764020981,0.128390568,3.764020981,0.128390568,2.443683,0,2.387462,0,2.279819,0,2.12004801070286,0,1.98238658762879,0,1.81733167405243,0,1.81376667405243,0,1.95381868963271,0,1.8892295248169,0,2.12004801070286,0
712,1,0,1.97027,8.41488,2.91,2.802,0.13,2.92,4.1733,0.357,1.4486,0,1.41323,0.07639,1.43,0,1.62,0,1.6501,0.01174,2.0147,0,1.96116,0.0067,1.93,0.01127272,2.11269880794702,0.00469326443708609,4.04743042850212,0.00688288159951484,1.45523980492434,9.40316106888534e-211,1.391404,1.472e-06,1.57998416414499,0,5.708,1.15,3.762745527,0.127555406,3.762745527,0.127555406,2.44341,0,2.387228,0,2.27956,0,2.11974280360764,0,1.98233083548311,0,1.81727629427334,0,1.81371129427334,0,1.95376335900483,0,1.88917377526962,0,2.11974280360764,0
713,1,0,1.98019,8.42396,2.92,2.806,0.13,2.92,4.16,0.352,1.4486,0,1.41323,0.07673,1.43,0,1.62,0,1.6492,0.01176,2.01366,0,1.96073,0.00664,1.93,0.01099264,2.11252796621557,0.00468227393895767,4.04526723869011,0.00671363927083079,1.45521811083537,4.9280718637637e-210,1.391381,1.473e-06,1.57995940261502,0,5.708,1.15,3.761509078,0.126603911,3.761509078,0.126603911,2.443139,0,2.386997,0,2.279308,0,2.11943921582772,0,1.98227529354572,0,1.81722116083047,0,1.81365616083047,0,1.9537082195784,0,1.88911828184722,0,2.11943921582772,0
714,1,0,1.99011,8.43304,2.92,2.81,0.13,2.92,4.14,0.347,1.4486,0,1.41323,0.07706,1.43,0,1.62,0,1.6481,0.01126,2.01366,0,1.9603,0.00659,1.93,0.01071266,2.11235712448412,0.00467128344082925,4.04310404887811,0.00654439694214674,1.45519646576198,3.8943302228957e-209,1.391358,1.474e-06,1.57993476618509,0,5.708,1.15,3.760281148,0.125542313,3.760281148,0.125542313,2.442869,0,2.386769,0,2.279057,0,2.11913744978651,0,1.98222013967619,0,1.81716619292483,0,1.81360119292483,0,1.95365307787764,0,1.88906313967619,0,2.11913744978651,0
715,1,0,2.00003,8.44212,2.9233,2.814,0.13,2.92,4.12,0.34333,1.4485,0,1.41323,0.07739,1.43,0,1.62,0,1.6466,0.011279,2.01335,0,1.95992,0.00653,1.93,0.01045366,2.11218628275266,0.00466029294270083,4.0409408590661,0.00637515461346269,1.45517487170481,1.0421161841097e-208,1.391335,1.475e-06,1.57991025400847,0,5.708,1.15,3.759053348,0.124405025,3.759053348,0.124405025,2.4426,0,2.386541,0,2.278805,0,2.11883747650683,0,1.98216534716662,0,1.81711141253698,0,1.81354641253698,0,1.9535978928908,0,1.88900834716662,0,2.11883747650683,0
716,1,0,2.00995,8.4512,2.93,2.818,0.13,2.92,4.12,0.33967,1.4485,0,1.41323,0.07773,1.43,0,1.62,0,1.6462,0.01078,2.01186,0,1.95978,0.00647,1.93,0.01019398,2.11201544102121,0.00464930244457242,4.03877766925409,0.00620591228477864,1.45515338360042,1.00366921969233e-207,1.391312,1.476e-06,1.57988586524556,0,5.708,1.15,3.757826952,0.123224887,3.757826952,0.123224887,2.442331,0,2.386313,0,2.278553,0,2.11853912726851,0,1.98211081465181,0,1.81705683255146,0,1.81349183255146,0,1.95354293083339,0,1.88895381465181,0,2.11853912726851,0
717,1,0,2.01987,8.46029,2.94,2.822,0.13,2.92,4.12,0.336,1.4485,0,1.41318,0.07806,1.43,0,1.62,0,1.6461,0.01131,2.01024,0,1.95965,0.00642,1.92,0.00985824,2.11184459928976,0.004638311946444,4.03661447944209,0.00603666995609459,1.45513193411525,5.13913900415209e-207,1.391289,1.477e-06,1.57986159906383,0,5.708,1.15,3.756603234,0.122034742,3.756603234,0.122034742,2.442063,0,2.386086,0,2.278302,0,2.1182422385761,0,1.98205645003378,0,1.81700245483371,0,1.81343745483371,0,1.95348848105342,0,1.88889945003378,0,2.1182422385761,0
718,1,0,2.02979,8.46937,2.95,2.826,0.13,2.92,4.12,0.331,1.4484,0,1.41239,0.07839,1.43,0,1.62,0,1.6442,0.01081,2.00728,0,1.95951,0.00636,1.92,0.0095224,2.11167375755831,0.00462732144831558,4.03445128963008,0.00586742762741054,1.45511056343123,2.18460919648731e-206,1.391266,1.478e-06,1.57983745463774,0,5.708,1.15,3.755383469,0.120867432,3.755383469,0.120867432,2.441799,0,2.38586,0,2.27805,0,2.1179467669094,0,1.98200222457055,0,1.81694827656369,0,1.81338327656369,0,1.95343460998339,0,1.88884522457055,0,2.1179467669094,0
719,1,0,2.03971,8.47845,2.95,2.83,0.13,2.92,4.12,0.326,1.4484,0,1.4116,0.07873,1.43,0,1.62,0,1.6427,0.01082,2.00433,0,1.95937,0.00631,1.92,0.0092193,2.11150291582686,0.00461633095018716,4.03228809981807,0.00569818529872649,1.45508925976327,1.71870668991841e-205,1.391243,1.479e-06,1.57981343114868,0,5.708,1.15,3.75416893,0.1197558,3.75416893,0.1197558,2.441535,0,2.385635,0,2.277799,0,2.1176528241029,0,1.9819482260162,0,1.81689429840342,0,1.81332929840342,0,1.953381058964,0,1.8887912260162,0,2.1176528241029,0
720,1,0,2.04963,8.48753,2.96,2.834,0.13,2.92,4.12,0.3215,1.4483,0,1.41081,0.07906,1.43,0,1.62,0,1.6414,0.01084,2.00282,0,1.95923,0.00625,1.92,0.00891542,2.1113320740954,0.00460534045205874,4.03012491000606,0.00552894297004244,1.4550680120445,4.33197115652064e-205,1.39122,1.48e-06,1.57978952778492,0,5.708,1.15,3.752960893,0.118732687,3.752960893,0.118732687,2.441272,0,2.385409,0,2.277547,0,2.11736053165608,0,1.98189455550172,0,1.81684052101502,0,1.81327552101502,0,1.95332754578498,0,1.88873755550172,0,2.11736053165608,0
721,1,0,2.05955,8.49661,2.97,2.838,0.13,2.92,4.12,0.317,1.4483,0,1.41002,0.07939,1.43,0,1.62,0,1.6409,0.011118,2.00135,0,1.9591,0.00619,1.92,0.0086197,2.11116123236395,0.00459434995393032,4.02796172019406,0.00535970064135839,1.45504684982149,4.04410769206549e-204,1.391188,1.481e-06,1.57976574374149,0,5.708,1.15,3.751759991,0.117829586,3.751759991,0.117829586,2.441009,0,2.385185,0,2.277305,0,2.11706994710407,0,1.98184129249394,0,1.8167869021661,0,1.8132219021661,0,1.95327397479866,0,1.88868429249394,0,2.11706994710407,0
722,1,0,2.06947,8.50569,2.98,2.842,0.13,2.92,4.12,0.3135,1.4483,0,1.40923,0.07973,1.43,0,1.62,0,1.6396,0.011388,2.00111,0,1.95896,0.00614,1.92,0.0083234,2.1109903906325,0.0045833594558019,4.02579853038205,0.00519045831267434,1.45502572302954,2.11387420700637e-203,1.391156,1.482e-06,1.57974207822016,0,5.708,1.15,3.750548505,0.117022945,3.750548505,0.117022945,2.440752,0,2.384967,0,2.277063,0,2.1167809360759,0,1.98178830429152,0,1.816733495627,0,1.813168495627,0,1.95322052819644,0,1.88863130429152,0,2.1167809360759,0
723,1,0,2.07939,8.51477,2.98,2.846,0.13,2.92,4.12,0.31,1.4482,0,1.40844,0.08006,1.43,0,1.62,0,1.6366,0.011401,2.00111,0,1.95879,0.00608,1.92,0.00803652,2.11081954890105,0.00457236895767348,4.02363534057004,0.00502121598399028,1.45500467969421,8.24583232921675e-203,1.391124,1.483e-06,1.57971853042935,0,5.708,1.15,3.749325412,0.116279817,3.749325412,0.116279817,2.440496,0,2.384748,0,2.276821,0,2.11649332981063,0,1.9817354011079,0,1.8166804014968,0,1.8131154014968,0,1.9531674014968,0,1.8885784011079,0,2.11649332981063,0
724,1,0,2.08931,8.52385,2.99,2.85,0.13,2.92,4.12,0.309,1.4482,0,1.40765,0.08039,1.43,0,1.62,0,1.6346,0.01142,2.00012,0,1.95851,0.00603,1.92,0.00774906,2.11064870716959,0.00456137845954506,4.02147215075803,0.00485197365530623,1.45498368966651,6.27761729649634e-202,1.391092,1.484e-06,1.57969509958407,0,5.708,1.15,3.748100881,0.115583562,3.748100881,0.115583562,2.440239,0,2.384529,0,2.276579,0,2.11620702875493,0,1.98168245996036,0,1.8166277140749,0,1.8130627140749,0,1.9531147140749,0,1.88852545996036,0,2.11620702875493,0
725,1,0,2.09923,8.53294,3,2.8538,0.13,2.92,4.12,0.308,1.4482,0,1.40725,0.08073,1.43,0,1.62,0,1.6328,0.01109,1.99867,0,1.95824,0.00597,1.92,0.0074853,2.11047786543814,0.00455038796141664,4.01945668472206,0.00472375449045869,1.45496274084828,1.5472086604024e-201,1.39106,1.485e-06,1.57967178490586,0,5.708,1.15,3.746885082,0.114917542,3.746885082,0.114917542,2.439983,0,2.384311,0,2.276337,0,2.11592212197199,0,1.98162961462778,0,1.8165753292335,0,1.8130103292335,0,1.9530623292335,0,1.88847261462778,0,2.11592212197199,0
726,1,0,2.10915,8.54202,3,2.8575,0.13,2.92,4.12,0.307,1.4482,0,1.40725,0.08106,1.43,0,1.62,0,1.631,0.01093,1.99722,0,1.95796,0.00592,1.92,0.00722096,2.11030702370669,0.00453939746328822,4.01755541649876,0.00462724826786772,1.45494189846515,1.38175966158942e-200,1.391028,1.486e-06,1.5796485856227,0,5.708,1.15,3.745688184,0.114265117,3.745688184,0.114265117,2.43973,0,2.384095,0,2.276095,0,2.11563872685358,0,1.98157706042248,0,1.81652305688458,0,1.81295805688458,0,1.95301005688458,0,1.88842006042248,0,2.11563872685358,0
727,1,0,2.11907,8.5511,3,2.8613,0.13,2.92,4.105,0.3025,1.4482,0,1.40725,0.08139,1.43,0,1.62,0,1.6311,0.01147,1.99578,0,1.95768,0.00587,1.92,0.00697294,2.11013618197524,0.0045284069651598,4.01565414827545,0.00453074204527675,1.45492108916896,6.8838876460946e-200,1.390996,1.487e-06,1.57962550096899,0,5.708,1.15,3.744520358,0.113609646,3.744520358,0.113609646,2.439477,0,2.38388,0,2.275853,0,2.11535691042972,0,1.98152491514905,0,1.81647074876688,0,1.81290574876688,0,1.95295774876688,0,1.88836791514905,0,2.11535691042972,0
728,1,0,2.12899,8.56018,3.01,2.865,0.13,2.92,4.09,0.298,1.4482,0,1.40725,0.08173,1.43,0,1.62,0,1.6328,0.012005,1.99434,0,1.95741,0.00581,1.92,0.006724956,2.10996534024379,0.00451741646703139,4.01375288005215,0.00443423582268578,1.45490035174209,2.66623750518908e-199,1.390964,1.488e-06,1.57960253018545,0,5.708,1.15,3.743391773,0.112934492,3.743391773,0.112934492,2.439224,0,2.383664,0,2.275611,0,2.11507660058873,0,1.98147308452397,0,1.81641850770275,0,1.81285350770275,0,1.95290550770275,0,1.88831608452397,0,2.11507660058873,0
729,1,0,2.13892,8.56926,3.02,2.8687,0.13,2.92,4.0867,0.293,1.4482,0,1.40681,0.08206,1.43,0,1.621,0,1.6325,0.01202,1.99291,0,1.95713,0.00576,1.915,0.0064989,2.10979449851233,0.00450642596890297,4.01185161182885,0.00433772960009482,1.45487967163109,1.91739514154099e-198,1.390932,1.489e-06,1.57957967251908,0,5.708,1.15,3.742312597,0.112223014,3.742312597,0.112223014,2.438971,0,2.383449,0,2.275375,0,2.11479772518516,0,1.98142147562109,0,1.81636652955764,0,1.81280152955764,0,1.95285352955764,0,1.88826447562109,0,2.11479772518516,0
730,1,0,2.14922,8.57331,3.03,2.8725,0.13,2.92,4.0833,0.288,1.4482,0,1.40602,0.08239,1.43,0,1.622,0,1.6317,0.011511,1.99147,0,1.95685,0.0057,1.91,0.006272744,2.1096376959276,0.00449582434977376,4.00995034360555,0.00424122337750385,1.45485903841489,4.75697368280667e-198,1.3909,1.49e-06,1.57955692722306,0,5.708,1.15,3.741291568,0.111456248,3.741291568,0.111456248,2.438721,0,2.383236,0,2.275142,0,2.1145202480035,0,1.98137002749712,0,1.81631495981731,0,1.81274995981731,0,1.95280195981731,0,1.88821302749712,0,2.1145202480035,0
731,1,0,2.15979,8.57384,3.03,2.8763,0.13,2.92,4.08,0.2815,1.4482,0,1.40523,0.08273,1.43,0,1.623,0,1.6302,0.01153,1.99005,0,1.95657,0.00565,1.91,0.006094628,2.10948746968326,0.00448540489276018,4.00804907538225,0.00414471715491288,1.45483850574441,4.01124451844681e-197,1.390866,1.495e-06,1.57953429355676,0,5.708,1.15,3.740323817,0.110629525,3.740323817,0.110629525,2.438473,0,2.383025,0,2.274909,0,2.11424418620627,0,1.98131877530845,0,1.81626372086084,0,1.81269872086084,0,1.95275072086084,0,1.88816177530844,0,2.11424418620627,0
732,1,0,2.17037,8.57436,3.04,2.88,0.13,2.92,4.08,0.275,1.4482,0,1.40444,0.08306,1.43,0,1.624,0,1.6286,0.01102,1.98862,0,1.95623,0.00556,1.91,0.00591618,2.10933724343891,0.00447498543574661,4.00614780715894,0.00404821093232191,1.4548180048112,1.77683225043322e-196,1.390832,1.5e-06,1.5795117707856,0,5.708,1.15,3.739396997,0.109764032,3.739396997,0.109764032,2.438225,0,2.382814,0,2.274676,0,2.11396946986172,0,1.98126772461008,0,1.81621271743075,0,1.81264771743075,0,1.95269971743075,0,1.88811072461008,0,2.11396946986172,0
733,1,0,2.18094,8.57489,3.05,2.8838,0.13,2.92,4.08,0.273,1.4482,0,1.40365,0.08339,1.43,0,1.625,0,1.6273,0.01104,1.98721,0,1.95589,0.00547,1.91,0.005703732,2.10918701719457,0.00446456597873303,4.00424653893564,0.00395170470973095,1.45479757711707,7.38707540354441e-196,1.390798,1.505e-06,1.57948935818106,0,5.708,1.15,3.738498687,0.108881967,3.738498687,0.108881967,2.437976,0,2.382603,0,2.274444,0,2.1136960057084,0,1.98121687680605,0,1.81616187680605,0,1.81259687680605,0,1.95264887680605,0,1.88805987680605,0,2.1136960057084,0
734,1,0,2.19151,8.57542,3.05,2.8875,0.13,2.92,4.08,0.271,1.4482,0,1.40286,0.08373,1.43,0,1.626,0,1.6266,0.010697,1.98579,0,1.95555,0.00538,1.91,0.005491284,2.10903679095023,0.00445414652171946,4.00234527071234,0.00385519848713998,1.45477719406882,4.88231602578798e-195,1.390764,1.51e-06,1.57946705502055,0,5.708,1.15,3.737616464,0.108005529,3.737616464,0.108005529,2.437731,0,2.382394,0,2.274211,0,2.11342376092917,0,1.98116622872578,0,1.81611122872578,0,1.81254622872578,0,1.95259822872578,0,1.88800922872578,0,2.11342376092917,0
735,1,0,2.20208,8.57594,3.06,2.8913,0.13,2.92,4.08,0.269,1.4482,0,1.40207,0.08406,1.43,0,1.627,0,1.6247,0.011066,1.98542,0,1.95521,0.00529,1.91,0.00533684,2.10888656470588,0.00444372706470588,4.00044400248904,0.00375869226454901,1.45475685566645,1.26085086813439e-194,1.39073,1.515e-06,1.57944486058743,0,5.708,1.15,3.736737906,0.107156915,3.736737906,0.107156915,2.437491,0,2.382188,0,2.273978,0,2.11315293064707,0,1.98111578160873,0,1.81606078160873,0,1.81249578160873,0,1.95254778160873,0,1.88795878160873,0,2.11315293064707,0
736,1,0,2.21266,8.57647,3.07,2.895,0.13,2.92,4.08,0.2665,1.4482,0,1.40128,0.08439,1.43,0,1.628,0,1.6224,0.01108,1.98542,0,1.95487,0.0052,1.91,0.005182396,2.10873633846154,0.00443330760769231,3.99854273426573,0.00366218604195804,1.45473660831,9.89689275213966e-194,1.390696,1.52e-06,1.57942277417088,0,5.708,1.15,3.73585059,0.106358324,3.73585059,0.106358324,2.437251,0,2.381982,0,2.273745,0,2.11288371375743,0,1.98106554530973,0,1.8160105365409,0,1.8124455365409,0,1.9524975365409,0,1.8879085365409,0,2.11288371375743,0
737,1,0,2.22323,8.57699,3.08,2.8988,0.13,2.92,4.08,0.264,1.4481,0,1.40126,0.08473,1.43,0,1.629,0,1.6216,0.011093,1.984,0,1.95453,0.00511,1.91,0.005107988,2.10858611221719,0.00442288815067873,3.99664146604243,0.00356567981936708,1.45471639374597,3.5305926721631e-193,1.390662,1.525e-06,1.5794007950659,0,5.708,1.15,3.734942096,0.105631953,3.734942096,0.105631953,2.43701,0,2.381776,0,2.273514,0,2.11261609265088,0,1.98101554794132,0,1.81596049021938,0,1.81239549021938,0,1.95244749021938,0,1.88785849021938,0,2.11261609265088,0
738,1,0,2.2338,8.57752,3.08,2.9025,0.13,2.92,4.08,0.26,1.4481,0,1.40126,0.08506,1.43,0,1.63,0,1.6204,0.01111,1.9812,0,1.95419,0.00503,1.91,0.00503368,2.10843588597285,0.00441246869366516,3.99474019781913,0.00346917359677611,1.45469626718917,1.75599392931455e-192,1.390628,1.53e-06,1.57937892257321,0,5.708,1.15,3.734,0.105,3.734,0.105,2.43677,0,2.38157,0,2.27329,0,2.11234989964453,0,1.98096571229486,0,1.81591064449208,0,1.81234564449208,0,1.95239764449208,0,1.88780864449208,0,2.11234989964453,0
739,1,0,2.24438,8.57805,3.08,2.9063,0.13,2.92,4.08,0.256,1.4481,0,1.40126,0.08539,1.43,0,1.63,0,1.6188,0.010599,1.97914,0,1.95385,0.00494,1.91,0.004806408,2.10828565972851,0.00440204923665158,3.99283892959583,0.00337266737418514,1.45467618160611,1.0280646853364e-191,1.390594,1.535e-06,1.57935715599923,0,5.708,1.15,3.733025623,0.104449288,3.733025623,0.104449288,2.436532,0,2.381369,0,2.273066,0,2.11208497899659,0,1.98091594050381,0,1.81586100204295,0,1.81229600204295,0,1.95234800204295,0,1.88775900204295,0,2.11208497899659,0
740,1,0,2.25495,8.57857,3.09,2.91,0.13,2.92,4.08,0.252,1.448,0,1.40126,0.08572,1.43,0,1.63,0,1.6164,0.01114,1.97914,0,1.95337,0.00481,1.91,0.004578736,2.10813543348416,0.00439162977963801,3.99093766137253,0.00327616115159417,1.45465615354386,2.88030965682322e-191,1.39056,1.54e-06,1.57933549465601,0,5.708,1.15,3.732031568,0.103945631,3.732031568,0.103945631,2.436295,0,2.381167,0,2.272842,0,2.1118213646987,0,1.98086616514347,0,1.815811559997,0,1.812246559997,0,1.952298559997,0,1.887709559997,0,2.1118213646987,0
741,1,0,2.26552,8.5791,3.1,2.9143,0.13,2.92,4.06,0.248,1.448,0,1.40126,0.08606,1.43,0,1.63,0,1.6149,0.011155,1.97913,0,1.95283,0.00466,1.91,0.00447544,2.10798520723982,0.00438121032262443,3.98903639314922,0.00317965492900321,1.45463618672781,2.06202969404066e-190,1.390551,1.535e-06,1.57931393786115,0,5.708,1.15,3.731022332,0.103479719,3.731022332,0.103479719,2.436057,0,2.380966,0,2.272618,0,2.111559029044,0,1.98081653934744,0,1.81576231844841,0,1.81219731844841,0,1.95224931844841,0,1.88766031844841,0,2.111559029044,0
742,1,0,2.27609,8.57963,3.1,2.9186,0.13,2.92,4.04,0.24567,1.448,0,1.40126,0.08639,1.43,0,1.63,0,1.6156,0.01117,1.97775,0,1.9523,0.00451,1.91,0.004372212,2.10783498099548,0.00437079086561086,3.98728852883947,0.0031137566657401,1.45461624532328,4.67555378057358e-190,1.390542,1.53e-06,1.57929248493779,0,5.708,1.15,3.730002415,0.10304224,3.730002415,0.10304224,2.43582,0,2.380765,0,2.272393,0,2.11129788905683,0,1.98076725696681,0,1.81571327922651,0,1.81214827922651,0,1.95220027922651,0,1.88761127922651,0,2.11129788905683,0
743,1,0,2.28667,8.58015,3.11,2.9229,0.13,2.92,4.04,0.24333,1.4479,0,1.40126,0.08672,1.43,0,1.63,0,1.6156,0.01119,1.97637,0,1.95177,0.00436,1.9,0.004279388,2.10768475475113,0.00436037140859729,3.98560958512856,0.00306160980449386,1.4545964115068,3.56611781255996e-189,1.390533,1.525e-06,1.57927113521454,0,5.708,1.15,3.728976316,0.102623881,3.728976316,0.102623881,2.435585,0,2.380565,0,2.272169,0,2.1110378405009,0,1.98071836752585,0,1.81566443982716,0,1.81209943982716,0,1.95215143982716,0,1.88756243982716,0,2.1110378405009,0
744,1,0,2.29724,8.58068,3.12,2.9271,0.13,2.92,4.04,0.241,1.4479,0,1.40126,0.08706,1.43,0,1.63,0,1.6152,0.0112,1.97499,0,1.95124,0.00422,1.9,0.004186596,2.10753452850679,0.00434995195158371,3.98393064141765,0.00300946294324763,1.45457660262607,1.73770954195865e-188,1.390524,1.52e-06,1.57924988802542,0,5.708,1.15,3.727948534,0.102215332,3.727948534,0.102215332,2.435352,0,2.380365,0,2.271945,0,2.11077901199776,0,1.98066976690866,0,1.81561580015131,0,1.81205080015131,0,1.95210280015131,0,1.88751380015131,0,2.11077901199776,0
745,1,0,2.30781,8.58121,3.12,2.9314,0.13,2.92,4.0333,0.2365,1.4479,0,1.40126,0.08739,1.43,0,1.63,0,1.6147,0.011218,1.97362,0,1.95071,0.00407,1.9,0.004032368,2.10738430226244,0.00433953249457014,3.98225169770674,0.00295731608200139,1.45455685305197,5.66662496531642e-188,1.390515,1.515e-06,1.57922874270979,0,5.708,1.15,3.726923567,0.101807279,3.726923567,0.101807279,2.43512,0,2.380166,0,2.271721,0,2.11052161673662,0,1.98062136272683,0,1.81556736272683,0,1.81200236273567,0,1.95205436272683,0,1.88746536273567,0,2.11052161673662,0
746,1,0,2.31839,8.58173,3.13,2.9357,0.13,2.92,4.0267,0.232,1.4478,0,1.40126,0.08772,1.43,0,1.63,0,1.6134,0.011231,1.97225,0,1.95018,0.00392,1.9,0.00387814,2.1072340760181,0.00432911303755656,3.98057275399583,0.00290516922075516,1.45453715873342,3.58965505512066e-187,1.390506,1.51e-06,1.57920769861237,0,5.708,1.15,3.725905915,0.101390413,3.725905915,0.101390413,2.434887,0,2.379967,0,2.271503,0,2.11026576566352,0,1.98057312580632,0,1.81551912580632,0,1.81195416134717,0,1.95200612580632,0,1.88741716134717,0,2.11026576566352,0
747,1,0,2.32896,8.58226,3.14,2.94,0.13,2.92,4.02,0.2285,1.4478,0,1.40126,0.08806,1.43,0,1.63,0,1.6115,0.010962,1.97088,0,1.94965,0.00378,1.9,0.003837436,2.10708384977376,0.00431869358054299,3.97889381028492,0.00285302235950892,1.45451750410013,8.50162050854452e-187,1.390497,1.505e-06,1.57918675508309,0,5.708,1.15,3.724900008,0.100955559,3.724900008,0.100955559,2.434655,0,2.379769,0,2.271287,0,2.11001131647188,0,1.98052508826411,0,1.81547108826411,0,1.81190616273814,0,1.95195808826411,0,1.88736916273814,0,2.11001131647188,0
748,1,0,2.33953,8.58279,3.14,2.9443,0.13,2.92,4.01,0.225,1.4478,0,1.40112,0.08839,1.43,0,1.63,0,1.6106,0.010836,1.96973,0,1.94917,0.00363,1.9,0.0037967,2.10693362352941,0.00430827412352941,3.97721486657401,0.00280087549826268,1.4544979405269,6.14878036077598e-186,1.390488,1.5e-06,1.57916591147711,0,5.708,1.15,3.723901459,0.100511759,3.723901459,0.100511759,2.43443,0,2.379574,0,2.271071,0,2.10975809963802,0,1.98047725322723,0,1.81542325322723,0,1.81185827255675,0,1.95191025322723,0,1.88732127255675,0,2.10975809963802,0
749,1,0,2.3501,8.58331,3.1433,2.9486,0.13,2.92,4,0.2215,1.4478,0,1.40033,0.08872,1.43,0,1.63,0,1.6093,0.01128,1.96973,0,1.94885,0.00349,1.9,0.003697992,2.10678339728507,0.00429785466651584,3.9755359228631,0.00274872863701645,1.45447840282108,2.17477726192407e-185,1.390479,1.495e-06,1.57914516715477,0,5.708,1.15,3.722905378,0.100069057,3.722905378,0.100069057,2.434205,0,2.37938,0,2.270856,0,2.10950601934383,0,1.98042962049373,0,1.815375648412,0,1.81181038765026,0,1.951862648412,0,1.88727338765026,0,2.10950601934383,0
750,1,0,2.36068,8.58384,3.15,2.9529,0.13,2.92,4,0.218,1.4478,0,1.39954,0.08906,1.43,0,1.63,0,1.6074,0.01129,1.96973,0,1.94853,0.00334,1.9,0.003599184,2.10663317104072,0.00428743520950226,3.97385697915219,0.00269658177577021,1.45445893538191,9.54885767982722e-185,1.39047,1.49e-06,1.57912452148148,0,5.708,1.15,3.721911743,0.099627441,3.721911743,0.099627441,2.43398,0,2.379186,0,2.27064,0,2.10925513488152,0,1.98038218746829,0,1.81532825985043,0,1.81176256856889,0,1.95181525985043,0,1.88722556856889,0,2.10925513488152,0
751,1,0,2.37125,8.58437,3.16,2.9571,0.13,2.92,4,0.21667,1.4478,0,1.39875,0.08934,1.43,0,1.63,0,1.6062,0.011308,1.96973,0,1.9482,0.0032,1.9,0.003463416,2.10648294479638,0.00427701575248869,3.97217803544128,0.00264443491452398,1.45443950624263,5.06148730991218e-184,1.3904,1.492e-06,1.57910397382775,0,5.708,1.15,3.72092053,0.099186902,3.72092053,0.099186902,2.433755,0,2.378992,0,2.270424,0,2.10900546505445,0,1.98033495667187,0,1.81528099346854,0,1.81171501058728,0,1.95176799346854,0,1.88717801058728,0,2.10900546505445,0
752,1,0,2.38182,8.58489,3.16,2.9614,0.13,2.92,4,0.21533,1.4478,0,1.39796,0.08963,1.43,0,1.63,0,1.6055,0.010782,1.96973,0,1.94788,0.00305,1.9,0.003327616,2.10633785537859,0.00426693476322289,3.97049909173037,0.00259228805327774,1.45442013109234,1.39174339062531e-183,1.39033,1.494e-06,1.57908352356907,0,5.708,1.15,3.719931717,0.09874743,3.719931717,0.09874743,2.433531,0,2.3788,0,2.270208,0,2.10875701350861,0,1.98028794933393,0,1.81523374485079,0,1.81166786156301,0,1.95172074485079,0,1.88713088222785,0,2.10875701350861,0
753,1,0,2.3924,8.58542,3.17,2.9657,0.13,2.92,4,0.214,1.4478,0,1.39717,0.08992,1.43,0,1.63,0,1.606,0.010795,1.96904,0,1.94756,0.00291,1.9,0.00326216,2.10619647048803,0.00425709786687676,3.96882014801946,0.0025401411920315,1.45440082616571,8.85593686316281e-183,1.39026,1.496e-06,1.57906317008593,0,5.708,1.15,3.718945281,0.098309014,3.718945281,0.098309014,2.433308,0,2.37861,0,2.269993,0,2.10850975929429,0,1.98024116902818,0,1.81518653796861,0,1.81162104545104,0,1.9516735379686,0,1.887084114084,0,2.10850975929429,0
754,1,0,2.40297,8.58594,3.18,2.97,0.13,2.92,4,0.2115,1.4478,0,1.39638,0.0902,1.43,0,1.63,0,1.6047,0.01081,1.9677,0,1.94724,0.00276,1.9,0.003196604,2.10605508559748,0.00424726097053062,3.96714120430855,0.00248799433078527,1.4543815535317,1.93453254102463e-182,1.39019,1.498e-06,1.57904291276371,0,5.708,1.15,3.717961198,0.097871644,3.717961198,0.097871644,2.433085,0,2.37842,0,2.269777,0,2.10826371546507,0,1.98019452421589,0,1.81513956361947,0,1.81157446607928,0,1.95162656361947,0,1.88703751664948,0,2.10826371546507,0
755,1,0,2.41354,8.58647,3.19,2.974,0.13,2.92,4,0.209,1.4478,0,1.39559,0.09049,1.43,0,1.63,0,1.6026,0.010822,1.96659,0,1.94692,0.00262,1.9,0.003104084,2.10591370070692,0.00423742407418448,3.96546226059764,0.00243584746953903,1.45436235635541,1.3648533692148e-181,1.39012,1.5e-06,1.57902275099267,0,5.708,1.15,3.716979445,0.097435309,3.716979445,0.097435309,2.432863,0,2.37823,0,2.26957,0,2.10801888813598,0,1.98014792516911,0,1.81509300292642,0,1.81152806329216,0,1.95158000292642,0,1.88699091100196,0,2.10801888813598,0
756,1,0,2.42411,8.587,3.19,2.978,0.13,2.92,4,0.206,1.4477,0,1.39527,0.09077,1.43,0,1.63,0,1.6022,0.01084,1.96659,0,1.9466,0.00247,1.9,0.003011532,2.10577231581637,0.00422758717783834,3.96378331688673,0.0023837006082928,1.45434318216398,5.33611991722578e-181,1.39005,1.502e-06,1.57900268416792,0,5.708,1.15,3.716,0.097,3.716,0.097,2.43264,0,2.37804,0,2.269362,0,2.10777525437971,0,1.98010138236573,0,1.81504682626267,0,1.81148188733332,0,1.95153382626267,0,1.88694431840728,0,2.10777525437971,0
757,1,0,2.43469,8.58752,3.2,2.982,0.13,2.92,4,0.203,1.4477,0,1.39527,0.09106,1.43,0,1.63,0,1.602,0.01085,1.96659,0,1.94635,0.00233,1.89,0.002989936,2.10563093092582,0.00421775028149221,3.96210437317582,0.00233155374704656,1.45432407864504,1.95057959300839e-180,1.38998,1.504e-06,1.57898271168932,0,5.708,1.15,3.715010852,0.096551867,3.715010852,0.096551867,2.432422,0,2.377855,0,2.269154,0,2.10753282770354,0,1.98005499135845,0,1.81500084742281,0,1.81143586034356,0,1.95148784742281,0,1.88689792999624,0,2.10753282770354,0
758,1,0,2.44526,8.58805,3.2,2.986,0.13,2.92,4,0.2,1.4477,0,1.39527,0.09135,1.43,0,1.63,0,1.6019,0.01087,1.96443,0,1.94617,0.00219,1.89,0.002968408,2.10548954603526,0.00420791338514607,3.96042542946491,0.00227940688580032,1.45430501688074,1.02892290874301e-179,1.38991,1.506e-06,1.57896283296148,0,5.708,1.15,3.71400578,0.096083736,3.71400578,0.096083736,2.432205,0,2.377669,0,2.268947,0,2.10729162061301,0,1.98000883013861,0,1.81495488965877,0,1.81138988965877,0,1.95144188965877,0,1.88685193555777,0,2.10729162061301,0
759,1,0,2.45583,8.58858,3.21,2.99,0.13,2.92,4,0.197,1.4477,0,1.39527,0.09163,1.43,0,1.63,0,1.598,0.01088,1.96178,0,1.94598,0.00205,1.89,0.002900912,2.10534816114471,0.00419807648879993,3.95882645429849,0.00223898626724772,1.45428600220148,2.64331794400717e-179,1.38984,1.508e-06,1.57894304739369,0,5.708,1.15,3.71299345,0.095605611,3.71299345,0.095605611,2.431987,0,2.377484,0,2.268739,0,2.1070516077051,0,1.97996284022296,0,1.81490896461467,0,1.81134396461467,0,1.95139596461467,0,1.88680634646552,0,2.1070516077051,0
760,1,0,2.46641,8.5891,3.22,2.994,0.13,2.92,4,0.195,1.4477,0,1.39475,0.09192,1.43,0,1.63,0,1.5945,0.010899,1.96031,0,1.9458,0.00191,1.89,0.002833484,2.10520677625415,0.00418823959245379,3.95733700950818,0.0022146267109627,1.45426705905945,1.62260310125798e-178,1.38977,1.51e-06,1.5789233543999,0,5.708,1.15,3.711982524,0.095127495,3.711982524,0.095127495,2.431769,0,2.377299,0,2.268531,0,2.10681280066276,0,1.97991708949238,0,1.8148631775363,0,1.8112981775363,0,1.9513501775363,0,1.88676098266826,0,2.10681280066276,0
761,1,0,2.47698,8.58963,3.2267,2.998,0.13,2.92,4,0.193,1.4477,0,1.39396,0.09221,1.43,0,1.63,0,1.5927,0.01091,1.96031,0,1.94562,0.00176,1.89,0.002682724,2.1050653913636,0.00417840269610766,3.95584756471787,0.00219026715467768,1.45424814318852,3.43712520607e-178,1.389738,1.51e-06,1.57890375339867,0,5.708,1.15,3.710981665,0.09465939,3.710981665,0.09465939,2.431553,0,2.377115,0,2.268323,0,2.10657522631808,0,1.97987168597392,0,1.81481762213563,0,1.81125262213563,0,1.95130462213563,0,1.88671566018754,0,2.10657522631808,0
762,1,0,2.48755,8.59016,3.23,3.002,0.13,2.92,4,0.191,1.4477,0,1.39317,0.09249,1.43,0,1.63,0,1.5921,0.010927,1.96024,0,1.94543,0.00162,1.89,0.002532064,2.10492400647304,0.00416856579976152,3.95435811992756,0.00216590759839267,1.45422930160043,2.30972248739583e-177,1.389706,1.51e-06,1.5788842438131,0,5.708,1.15,3.709999537,0.094211301,3.709999537,0.094211301,2.43134,0,2.376934,0,2.268116,0,2.10633893979188,0,1.97982672890346,0,1.81477228666855,0,1.81120728666855,0,1.95125928666855,0,1.88667035716004,0,2.10633893979188,0
763,1,0,2.49813,8.59068,3.23,3.006,0.13,2.92,3.9967,0.1875,1.4476,0,1.39238,0.09278,1.435,0,1.63,0,1.5915,0.01094,1.95893,0,1.94525,0.00148,1.89,0.002452192,2.10478262158249,0.00415872890341538,3.95286867513725,0.00214154804210765,1.45421048098114,8.72132140969247e-177,1.389674,1.51e-06,1.57886482507081,0,5.708,1.15,3.709044803,0.09379323,3.709044803,0.09379323,2.431127,0,2.376752,0,2.267911,0,2.10610380941666,0,1.97978200063302,0,1.81472715193683,0,1.81116215193683,0,1.95121415193683,0,1.88662517827581,0,2.10610380941666,0
764,1,0,2.5087,8.59121,3.24,3.01,0.13,2.92,3.9933,0.184,1.4476,0,1.39159,0.09306,1.44,0,1.63,0,1.5894,0.010752,1.95762,0,1.94506,0.00134,1.89,0.00237232,2.10464123669193,0.00414889200706924,3.95137923034694,0.00211718848582263,1.45419172779002,3.08102252381576e-176,1.389642,1.51e-06,1.57884549660391,0,5.708,1.15,3.708126127,0.093415181,3.708126127,0.093415181,2.430914,0,2.376571,0,2.26771,0,2.10586965481338,0,1.97973721409598,0,1.81468222115499,0,1.81111722115499,0,1.95116922115499,0,1.88658022115499,0,2.10586965481338,0
765,1,0,2.51927,8.59174,3.24,3.014,0.13,2.92,3.99,0.1805,1.4476,0,1.3908,0.09335,1.44,0,1.63,0,1.5885,0.01042,1.95718,0,1.94488,0.0012,1.89,0.002261508,2.10449985180138,0.00413905511072311,3.94988978555662,0.00209282892953761,1.45417301889619,1.52831271202064e-175,1.38961,1.51e-06,1.57882625784894,0,5.708,1.15,3.707252171,0.093087157,3.707252171,0.093087157,2.4307,0,2.37639,0,2.26751,0,2.10563636532859,0,1.97969222456321,0,1.81463753104485,0,1.81107253104485,0,1.95112453104485,0,1.88653553104485,0,2.10563636532859,0
766,1,0,2.52984,8.59226,3.25,3.018,0.13,2.92,3.98,0.177,1.4476,0,1.39001,0.09364,1.44,0,1.63,0,1.5885,0.010376,1.95718,0,1.94461,0.00107,1.89,0.002150796,2.10435846691083,0.00412921821437697,3.94840034076631,0.00206846937325259,1.45415436179466,3.9169271762367e-175,1.389578,1.51e-06,1.57880710824682,0,5.708,1.15,3.706427178,0.092810215,3.706427178,0.092810215,2.430491,0,2.37621,0,2.26731,0,2.10540409621447,0,1.9796472640601,0,1.81459303083202,0,1.81102803083202,0,1.95108003083202,0,1.88649103083202,0,2.10540409621447,0
767,1,0,2.54042,8.59279,3.26,3.022,0.13,2.92,3.97,0.175,1.4475,0,1.38928,0.09392,1.44,0,1.63,0,1.5868,0.0099,1.95686,0,1.9443,0.000940746,1.89,0.00212216746,2.10421708202027,0.00411938131803083,3.946910895976,0.00204410981696757,1.45413575641916,2.24590780856791e-174,1.389546,1.51e-06,1.57878804724284,0,5.708,1.15,3.705639828,0.092561396,3.705639828,0.092561396,2.430283,0,2.376032,0,2.26711,0,2.10517305970976,0,1.97960262617216,0,1.81454862611238,0,1.81098362611238,0,1.95103562611238,0,1.88644662611603,0,2.10517305970976,0
768,1,0,2.55099,8.59331,3.27,3.026,0.13,2.92,3.97,0.173,1.4475,0,1.38928,0.09421,1.44,0,1.63,0,1.5857,0.00991,1.95557,0,1.94398,0.000815538,1.89,0.00209357938,2.10407569712972,0.00410954442168469,3.94542145118569,0.00201975026068255,1.45411717342369,4.79902949069537e-174,1.389514,1.51e-06,1.57876907428658,0,5.708,1.15,3.704883305,0.09233467,3.704883305,0.09233467,2.430075,0,2.375853,0,2.26691,0,2.1049433376001,0,1.97955846340914,0,1.81450421744765,0,1.81093921744765,0,1.95099121744765,0,1.88640225304985,0,2.1049433376001,0
769,1,0,2.56156,8.59384,3.27,3.03,0.13,2.92,3.97,0.171,1.4475,0,1.38928,0.09449,1.44,0,1.63,0,1.5853,0.010472,1.95428,0,1.94366,0.000690331,1.89,0.00198400331,2.10393431223916,0.00409970752533856,3.94393200639538,0.00199539070439753,1.45409867834196,3.00573539674841e-173,1.389482,1.51e-06,1.5787501888319,0,5.708,1.15,3.704151382,0.092125431,3.704151382,0.092125431,2.429867,0,2.375675,0,2.26671,0,2.10471481940218,0,1.97951460777014,0,1.81445990117018,0,1.81089490117018,0,1.95094690117018,0,1.88635797621975,0,2.10471481940218,0
770,1,0,2.57214,8.59437,3.28,3.0337,0.13,2.92,3.97,0.1695,1.4475,0,1.38928,0.09478,1.44,0,1.63,0,1.5848,0.01049,1.953,0,1.94334,0.000565124,1.89,0.00187442724,2.10379292734861,0.00408987062899242,3.94244256160507,0.00197103114811251,1.45408020304024,9.77727512021858e-173,1.38945,1.51e-06,1.5787313903369,0,5.708,1.15,3.703437832,0.091929074,3.703437832,0.091929074,2.429659,0,2.375496,0,2.26651,0,2.1044874249507,0,1.97947086914259,0,1.81441587386112,0,1.81085087386112,0,1.95090287386112,0,1.88631389377933,0,2.1044874249507,0
771,1,0,2.58271,8.59489,3.28,3.0375,0.13,2.92,3.97,0.168,1.4474,0,1.38928,0.09507,1.44,0,1.63,0,1.5842,0.01105,1.95171,0,1.94303,0.000439916,1.89,0.00181863916,2.10365154245805,0.00408003373264628,3.94095311681476,0.0019466715918275,1.45406179738953,3.7810674665002e-172,1.389463,1.509e-06,1.57871267826386,0,5.708,1.15,3.702736428,0.091740992,3.702736428,0.091740992,2.429455,0,2.375321,0,2.26631,0,2.10426113144741,0,1.97942712442823,0,1.81437228525701,0,1.81080728525701,0,1.95085928525701,0,1.88627005290649,0,2.10426113144741,0
772,1,0,2.59328,8.59542,3.2833,3.0412,0.13,2.92,3.97,0.1655,1.4474,0,1.38928,0.09535,1.44,0,1.63,0,1.5839,0.01107,1.9509,0,1.94271,0.000314709,1.89,0.00176285109,2.1035101575675,0.00407019683630014,3.93946367202445,0.00192231203554248,1.45404341949413,1.66383835094482e-171,1.389476,1.508e-06,1.57869405207923,0,5.708,1.15,3.702040943,0.091556581,3.702040943,0.091556581,2.429251,0,2.375146,0,2.266114,0,2.10403595144554,0,1.97938346096214,0,1.81432903057246,0,1.81076403057246,0,1.95081603057246,0,1.88622641250291,0,2.10403595144554,0
773,1,0,2.60385,8.59595,3.29,3.045,0.13,2.92,3.97,0.163,1.4474,0,1.38928,0.09564,1.44,0,1.63,0,1.5819,0.01108,1.9509,0,1.94239,0.000189501,1.88,0.00171889501,2.10336877267694,0.00406035993995401,3.93797422723414,0.00189795247925746,1.45402508574835,4.54882936413114e-171,1.389489,1.507e-06,1.57867551125355,0,5.708,1.15,3.701345152,0.091371234,3.701345152,0.091371234,2.429047,0,2.374972,0,2.265921,0,2.10381180344237,0,1.97933997769502,0,1.81428591974136,0,1.81072091974136,0,1.95077291974136,0,1.88618297420301,0,2.10381180344237,0
774,1,0,2.61443,8.59647,3.3,3.0487,0.13,2.92,3.97,0.1605,1.4474,0,1.38928,0.09592,1.44,0,1.63,0,1.5791,0.010541,1.9509,0,1.94207,6.42936e-05,1.88,0.001675006936,2.10322738778639,0.00405052304360787,3.93648478244383,0.00187359292297244,1.45400680777923,2.34870067219764e-170,1.389502,1.506e-06,1.57865705526147,0,5.708,1.15,3.700642826,0.091180345,3.700642826,0.091180345,2.428843,0,2.374797,0,2.265728,0,2.10358860459442,0,1.97929673823227,0,1.8142428263312,0,1.8106778263312,0,1.9507298263312,0,1.88613973823227,0,2.10358860459442,0
775,1,0,2.625,8.597,3.3,3.0525,0.13,2.92,3.965,0.158,1.4474,0,1.38912,0.09621,1.44,0,1.63,0,1.5778,0.01,1.95204,0,1.9418,0,1.88,0.001596572,2.1030877225267,0.00404168356482778,3.93499533765352,0.00184923336668742,1.45398856577137,5.27752647494019e-170,1.389515,1.505e-06,1.57863868358164,0,5.708,1.15,3.699927885,0.090979382,3.699927885,0.090979382,2.42864,0,2.374623,0,2.265535,0,2.10336636995857,0,1.9792537012866,0,1.81419982525406,0,1.81063482525406,0,1.95068682525406,0,1.8860967012866,0,2.10336636995857,0
776,1,0,2.62732,8.59143,3.31,3.0562,0.13,2.92,3.96,0.156,1.4474,0,1.38833,0.0965,1.44,0,1.63,0,1.5762,0.01001,1.95331,0,1.94157,0,1.88,0.001518712,2.10296370764492,0.00404192159339121,3.93350589286321,0.0018248738104024,1.45397039029353,3.00302714548352e-169,1.389528,1.504e-06,1.57862039569675,0,5.708,1.15,3.699211902,0.090773344,3.699211902,0.090773344,2.428441,0,2.374453,0,2.265343,0,2.10314521173093,0,1.97921086639071,0,1.81415692459607,0,1.81059192459607,0,1.95064392459607,0,1.88605386639071,0,2.10314521173093,0
777,1,0,2.62965,8.58585,3.32,3.06,0.13,2.92,3.945,0.154,1.4474,0,1.38754,0.09678,1.44,0,1.63,0,1.5744,0.01003,1.95244,0,1.94133,0,1.88,0.001475464,2.10283969276313,0.00404215962195463,3.93213949726232,0.00181361606835905,1.45395223196314,6.9358907682013e-169,1.389541,1.503e-06,1.57860219109344,0,5.708,1.15,3.698503394,0.090567609,3.698503394,0.090567609,2.428242,0,2.374282,0,2.26515,0,2.10292524400198,0,1.97916824951169,0,1.81411411109128,0,1.81054911109128,0,1.95060111109128,0,1.88601124951169,0,2.10292524400198,0
778,1,0,2.63197,8.58028,3.32,3.0637,0.13,2.92,3.93,0.152,1.4474,0,1.38675,0.09707,1.44,0,1.63,0,1.5733,0.01004,1.94866,0,1.9411,0,1.88,0.001432148,2.10271567788135,0.00404239765051806,3.93081346441015,0.00180665599977877,1.45393415046677,3.60492944066482e-168,1.389554,1.502e-06,1.57858406926227,0,5.708,1.15,3.697799607,0.090362235,3.697799607,0.090362235,2.428043,0,2.374112,0,2.264957,0,2.10270645462292,0,1.97912586809452,0,1.81407136249826,0,1.81050636249826,0,1.95055836249826,0,1.88596886809452,0,2.10270645462292,0
779,1,0,2.63429,8.5747,3.33,3.0675,0.13,2.92,3.93,0.1495,1.4473,0,1.38596,0.09736,1.44,0,1.63,0,1.5731,0.010051,1.94489,0,1.94087,0,1.88,0.001411816,2.10259166299956,0.00404263567908149,3.92948743155799,0.0017996959311985,1.45391608850968,1.28351660583942e-167,1.389567,1.501e-06,1.57856602969771,0,5.708,1.15,3.697097787,0.090157283,3.697097787,0.090157283,2.427843,0,2.373941,0,2.264765,0,2.10248866885812,0,1.97908363588022,0,1.81402876628179,0,1.81046376628179,0,1.95051576628179,0,1.88592663588022,0,2.10248866885812,0
780,1,0,2.63661,8.56913,3.34,3.0713,0.13,2.92,3.93,0.147,1.4473,0,1.38517,0.09764,1.44,0,1.63,0,1.5747,0.010065,1.94462,0,1.94064,0,1.88,0.001391484,2.10246764811777,0.00404287370764492,3.92816139870582,0.00179273586261822,1.4538980861197,4.13290823489018e-167,1.38958,1.5e-06,1.57854807189809,0,5.708,1.15,3.696395181,0.08995281,3.696395181,0.08995281,2.427645,0,2.373772,0,2.264572,0,2.10227170514517,0,1.97904145951536,0,1.81398640834093,0,1.81042140834093,0,1.95047340834093,0,1.88588445951536,0,2.10227170514517,0
781,1,0,2.63894,8.56355,3.34,3.075,0.13,2.92,3.93,0.143,1.4473,0,1.38438,0.09793,1.44,0,1.63,0,1.5756,0.01008,1.94462,0,1.94041,0,1.88,0.001296012,2.10234363323599,0.00404311173620834,3.92683536585366,0.00178577579403794,1.45388012363931,1.81390380187954e-166,1.389541,1.497e-06,1.57853019536556,0,5.708,1.15,3.695689033,0.089748878,3.695689033,0.089748878,2.427451,0,2.373606,0,2.264383,0,2.10205552876926,0,1.9789993286065,0,1.81394426212033,0,1.81037926212033,0,1.95043126212033,0,1.8858423286065,0,2.10205552876926,0
782,1,0,2.64126,8.55798,3.35,3.0787,0.13,2.92,3.93,0.139,1.4473,0,1.38359,0.09821,1.44,0,1.63,0,1.5755,0.01009,1.94515,0,1.94017,0,1.88,0.001200608,2.1022196183542,0.00404334976477177,3.92550933300149,0.00177881572545766,1.45386220954487,4.5671478663011e-166,1.389502,1.494e-06,1.57851239960603,0,5.708,1.15,3.69497659,0.089545544,3.69497659,0.089545544,2.427257,0,2.37344,0,2.264197,0,2.10184033345657,0,1.97895733607717,0,1.813902316915,0,1.810337316915,0,1.950389316915,0,1.88580033607717,0,2.10184033345657,0
783,1,0,2.64358,8.55241,3.36,3.0825,0.13,2.92,3.93,0.137,1.4473,0,1.38329,0.0985,1.44,0,1.63,0,1.5717,0.010667,1.94639,0,1.93994,0,1.88,0.001133016,2.10209560347242,0.0040435877933352,3.92418330014933,0.00177185565687739,1.4538443395399,2.26793985407518e-165,1.389463,1.491e-06,1.57849468412922,0,5.708,1.15,3.694255099,0.089342869,3.694255099,0.089342869,2.427062,0,2.373274,0,2.264012,0,2.10162632294294,0,1.97891558010026,0,1.81386058010026,0,1.81029558010026,0,1.95034758010026,0,1.88575858010026,0,2.10162632294294,0
784,1,0,2.6459,8.54683,3.36,3.0862,0.13,2.92,3.93,0.135,1.4473,0,1.38329,0.09879,1.44,0,1.63,0,1.5682,0.010718,1.94763,0,1.93971,0,1.88,0.001065356,2.10197158859063,0.00404382582189863,3.92285726729716,0.00176489558829711,1.45382649306735,4.8989401209515e-165,1.389424,1.488e-06,1.57847704844851,0,5.708,1.15,3.693521804,0.089140911,3.693521804,0.089140911,2.426868,0,2.373108,0,2.263826,0,2.10141349655977,0,1.97887408640107,0,1.81381908640107,0,1.81025408640107,0,1.95030608640107,0,1.88571708640107,0,2.10141349655977,0
785,1,0,2.64823,8.54126,3.36,3.09,0.13,2.92,3.93,0.13367,1.4473,0,1.38329,0.09907,1.44,0,1.63,0,1.565,0.011255,1.94556,0,1.93946,0,1.88,0.000966416,2.10184757370885,0.00404406385046206,3.921531234445,0.00175793551971683,1.45380872016496,2.6360671716933e-164,1.389385,1.485e-06,1.57845949208102,0,5.708,1.15,3.692772944,0.08893973,3.692772944,0.08893973,2.426674,0,2.372942,0,2.26364,0,2.10120175127861,0,1.97883276917434,0,1.81377776917434,0,1.81021276917434,0,1.95026476917434,0,1.88567576917434,0,2.10120175127861,0
786,1,0,2.65055,8.53568,3.37,3.094,0.13,2.92,3.93,0.13233,1.4472,0,1.38329,0.09936,1.44,0,1.63,0,1.5665,0.01127,1.94309,0,1.93921,0,1.88,0.000867476,2.10172355882706,0.00404430187902548,3.92020520159283,0.00175097545113655,1.45379096346433,5.9637229790475e-164,1.389346,1.482e-06,1.57844201454748,0,5.708,1.15,3.691993303,0.088739331,3.691993303,0.088739331,2.426482,0,2.372778,0,2.263455,0,2.100991007032,0,1.97879153331023,0,1.81373653331023,0,1.81017153331023,0,1.95022353331023,0,1.88563453331023,0,2.100991007032,0
787,1,0,2.65287,8.53011,3.38,3.098,0.13,2.92,3.93,0.131,1.4472,0,1.38329,0.09964,1.44,0,1.63,0,1.5655,0.01072,1.94192,0,1.93896,0,1.88,0.000843744,2.10159954394527,0.00404453990758891,3.91887916874067,0.00174401538255628,1.45377327966742,2.90927692645661e-163,1.389307,1.479e-06,1.57842461537227,0,5.708,1.15,3.69118589,0.088539656,3.69118589,0.088539656,2.42629,0,2.372614,0,2.263269,0,2.10078128140363,0,1.9787503304776,0,1.8136953304776,0,1.8101303304776,0,1.9501823304776,0,1.8855933304776,0,2.10078128140363,0
788,1,0,2.65519,8.52454,3.38,3.102,0.13,2.92,3.92,0.129,1.4472,0,1.38329,0.09993,1.44,0,1.63,0,1.5616,0.01017,1.94314,0,1.93872,0,1.88,0.000820012,2.10147552906349,0.00404477793615234,3.9175531358885,0.001737055313976,1.45375561311047,9.57103662176523e-163,1.389268,1.476e-06,1.57840729408334,0,5.708,1.15,3.690360205,0.088340642,3.690360205,0.088340642,2.426098,0,2.37245,0,2.263083,0,2.10057254730715,0,1.97870923842993,0,1.81365423842993,0,1.81008923842993,0,1.95014123842993,0,1.88555223842993,0,2.10057254730715,0
789,1,0,2.65752,8.51896,3.39,3.106,0.13,2.92,3.91,0.127,1.4472,0,1.38329,0.10022,1.45,0,1.63,0,1.5598,0.00962,1.94437,0,1.93847,0,1.88,0.000786148,2.1013515141817,0.00404501596471577,3.91622710303634,0.00173009524539572,1.45373800459726,3.08745747296008e-162,1.389229,1.473e-06,1.5783900502122,0,5.708,1.15,3.689525749,0.088142226,3.689525749,0.088142226,2.425906,0,2.372286,0,2.262897,0,2.1003647213297,0,1.97866835586481,0,1.81361335585205,0,1.81004835585205,0,1.95010035585205,0,1.88551135586481,0,2.1003647213297,0
790,1,0,2.65984,8.51339,3.39,3.11,0.13,2.92,3.9,0.124,1.4472,0,1.38329,0.1005,1.45,0,1.63,0,1.5591,0.00963,1.94366,0,1.93822,0,1.88,0.000752216,2.10122749929992,0.00404525399327919,3.91490107018417,0.00172313517681544,1.45372042687162,1.23455355510008e-161,1.38919,1.47e-06,1.57837288329388,0,5.708,1.15,3.68869202,0.087944346,3.68869202,0.087944346,2.425716,0,2.372124,0,2.262715,0,2.10015776882029,0,1.97862774400446,0,1.81357270819645,0,1.81000770819645,0,1.95005970819645,0,1.88547074400446,0,2.10015776882029,0
791,1,0,2.66216,8.50781,3.4,3.114,0.13,2.92,3.895,0.121,1.4472,0,1.38205,0.10079,1.45,0,1.63,0,1.5601,0.00964,1.94244,0,1.93797,0,1.88,0.0006758996,2.10110348441813,0.00404549202184262,3.91357503733201,0.00171617510823516,1.45370289290458,3.17343016311718e-161,1.389162,1.472e-06,1.5783557928669,0,5.708,1.15,3.687868519,0.087746938,3.687868519,0.087746938,2.42553,0,2.371963,0,2.262536,0,2.09995171687086,0,1.97858733525605,0,1.81353226060279,0,1.80996726060279,0,1.95001926060279,0,1.88543033525605,0,2.09995171687086,0
792,1,0,2.66448,8.50224,3.41,3.118,0.13,2.92,3.89,0.1185,1.4471,0,1.38041,0.10108,1.45,0,1.63,0,1.5594,0.00965,1.94096,0,1.93772,0,1.87,0.0005995832,2.10097946953634,0.00404573005040605,3.91224900447984,0.00170921503965489,1.45368540271872,1.43028564653236e-160,1.389134,1.474e-06,1.57833877847326,0,5.708,1.15,3.687064746,0.087549942,3.687064746,0.087549942,2.425345,0,2.371803,0,2.262357,0,2.09974657762617,0,1.9785470346917,0,1.81349201612583,0,1.80992701612583,0,1.94997901612583,0,1.8853900346917,0,2.09974657762617,0
793,1,0,2.66681,8.49666,3.41,3.122,0.13,2.92,3.89,0.116,1.4471,0,1.37876,0.10136,1.45,0,1.63,0,1.5579,0.010112,1.93854,0,1.93747,0,1.87,0.0005407088,2.10085545465456,0.00404596807896948,3.91092297162768,0.00170225497107461,1.45366794258166,3.17401305340291e-160,1.389106,1.476e-06,1.57832183965836,0,5.708,1.15,3.686290202,0.087353292,3.686290202,0.087353292,2.425159,0,2.371643,0,2.262178,0,2.09954232020493,0,1.97850676717047,0,1.81345200247988,0,1.80988703059149,0,1.94993900247988,0,1.88534976717047,0,2.09954232020493,0
794,1,0,2.66913,8.49109,3.42,3.126,0.13,2.92,3.89,0.11433,1.4471,0,1.37731,0.10165,1.45,0,1.63,0,1.5554,0.010679,1.93612,0,1.93723,0,1.87,0.0004818344,2.10073143977277,0.0040462061075329,3.90959693877551,0.00169529490249433,1.45365054596202,1.54878977944192e-159,1.389078,1.478e-06,1.57830497597102,0,5.708,1.15,3.685554385,0.087156928,3.685554385,0.087156928,2.424973,0,2.371483,0,2.261999,0,2.09933894596652,0,1.97846658276614,0,1.8134122045666,0,1.80984727667403,0,1.9498992045666,0,1.88530958276614,0,2.09933894596652,0
795,1,0,2.67145,8.48552,3.4267,3.13,0.13,2.92,3.875,0.11267,1.4471,0,1.37731,0.10193,1.45,0,1.63,0,1.5548,0.01026,1.93521,0,1.937,0,1.87,0.0004236128,2.10060742489099,0.00404644413609633,3.90836633572934,0.00169515042944387,1.45363316842238,3.09769533341189e-159,1.38905,1.48e-06,1.57828818696341,0,5.708,1.15,3.684866491,0.086960787,3.684866491,0.086960787,2.424788,0,2.371324,0,2.26182,0,2.09913656440447,0,1.97842658016389,0,1.81337252822456,0,1.80980756379902,0,1.94985952822456,0,1.88526958016389,0,2.09913656440447,0
796,1,0,2.67377,8.47994,3.43,3.134,0.13,2.92,3.86,0.111,1.4471,0,1.37731,0.10222,1.45,0,1.63,0,1.5556,0.0097,1.93521,0,1.93677,0,1.87,0.0003653912,2.1004834100092,0.00404668216465976,3.90718231151705,0.00169833261611631,1.45361585887256,1.59790801694971e-158,1.389022,1.482e-06,1.57827147219106,0,5.708,1.15,3.68422196,0.086764859,3.68422196,0.086764859,2.424605,0,2.371168,0,2.261641,0,2.09893526102112,0,1.97838684335373,0,1.81333291116629,0,1.80976770307572,0,1.94981991116629,0,1.8852298221454,0,2.09893526102112,0
797,1,0,2.6761,8.47437,3.43,3.138,0.13,2.92,3.86,0.108,1.447,0,1.37731,0.10251,1.45,0,1.63,0,1.5556,0.00857,1.93519,0,1.93654,0,1.87,0.0002718776,2.10035939512742,0.00404692019322319,3.90599828730476,0.00170151480278874,1.45359856132557,4.07651362235264e-158,1.388994,1.484e-06,1.57825483121278,0,5.708,1.15,3.683610583,0.086569192,3.683610583,0.086569192,2.424421,0,2.371012,0,2.261462,0,2.09873498525091,0,1.97834733598491,0,1.81329339066939,0,1.80972775471172,0,1.94978039066939,0,1.8851902668671,0,2.09873498525091,0
798,1,0,2.67842,8.46879,3.44,3.142,0.13,2.92,3.86,0.105,1.447,0,1.37731,0.10279,1.45,0,1.63,0,1.5545,0.0091303,1.934,0,1.93631,0,1.87,0.000178364,2.10023538024563,0.00404715822178661,3.90481426309247,0.00170469698946117,1.45358132773275,1.58868202357325e-157,1.388966,1.486e-06,1.57823826359069,0,5.708,1.15,3.683025263,0.086373836,3.683025263,0.086373836,2.424238,0,2.370856,0,2.261283,0,2.09853565434387,0,1.97830796370361,0,1.81325397088947,0,1.80968800780027,0,1.94974097088947,0,1.88515091410593,0,2.09853565434387,0
799,1,0,2.68074,8.46322,3.44,3.146,0.13,2.92,3.86,0.1035,1.447,0,1.37731,0.10308,1.45,0,1.63,0,1.5518,0.00881,1.9328,0,1.93607,0,1.87,0.000188258,2.10011136536384,0.00404739625035004,3.90363023888018,0.0017078791761336,1.4535641132855,5.1869036543957e-157,1.388938,1.488e-06,1.57822176889013,0,5.708,1.15,3.682458908,0.086178839,3.682458908,0.086178839,2.424055,0,2.3707,0,2.261107,0,2.09833721574009,0,1.97826863780749,0,1.81321463780749,0,1.80964871932884,0,1.94970163780749,0,1.8851117948354,0,2.09833721574009,0
800,1,0,2.68306,8.45765,3.45,3.15,0.13,2.92,3.86,0.102,1.447,0,1.37731,0.10336,1.45,0,1.63,0,1.5489,0.00965,1.93207,0,1.93584,0,1.87,0.000198152,2.09998905899561,0.00404671903499231,3.90244621466789,0.00171106136280603,1.45354695060218,1.53204934619731e-156,1.38891,1.49e-06,1.57820534667969,0,5.708,1.15,3.681904421,0.08598425,3.681904421,0.08598425,2.423872,0,2.370545,0,2.260934,0,2.09813970660071,0,1.97822937035141,0,1.81317537035141,0,1.80960982115747,0,1.94966237035141,0,1.88507294514867,0,2.09813970660071,0
